document_id,cluster_id,x,y,title,url,domain,topic,published_at,chunk_count
a8585a4448a95f45c7fc04bc0a7a56307af7456a,6,0.048509,-0.204062,"Médico mais jovem do mundo é Joshua Beckford, de 14 anos #boato",https://www.boatos.org/mundo/medico-mais-jovem-mundo-joshua-beckford-14-anos.html,boatos.org,saude_ciencia,2020-09-12,1
7d2fbf287e41aeda74b3a85a769dbab0a15dc2f8,7,-0.175236,0.126573,Moro afastou promotor de caso Flávio Bolsonaro e delegado de caso Marielle #boato,https://www.boatos.org/politica/moro-afastou-promotor-caso-flavio-bolsonaro-e-delegado-caso-marielle.html,boatos.org,politica_eleicoes,2020-03-14,1
3f99a7c6e5aa6f075d54c17536be6319e6b6092b,5,-0.110880,0.191984,Desmentimos 9 fake news envolvendo o coronavírus!,https://www.e-farsas.com/desmentimos-9-fake-news-envolvendo-o-coronavirus.html,e-farsas.com,politica_eleicoes,2020-02-02,2
2cfb5c6f6302f4d7b7248ba5a0a81198a0c741d0,3,-0.103387,-0.096817,Detran divulga novas multas valendo a partir de hoje e regra que exige renovação da CNH em 30 dias #boato,https://www.boatos.org/brasil/detran-divulga-novas-multas-valendo-hoje-regra-renovacao-cnh-30-dias.html,boatos.org,golpes_plataformas,2020-09-29,1
f31d53f1123afa814a234c51f7290c64becebe7b,0,0.198253,-0.070063,Ministra da Saúde de Ontário fingiu ter tomado uma vacina contra a gripe?,https://www.e-farsas.com/ministra-da-saude-de-ontario-fingiu-ter-tomado-uma-vacina-contra-a-gripe.html,e-farsas.com,saude_ciencia,2019-11-07,1
35da499d49b3cf3dfbb865f67a04dc8c831511be,6,-0.144571,-0.019233,É enganosa publicação que atribui à Shell óleo encontrado no Nordeste,https://noticias.uol.com.br/comprova/ultimas-noticias/2019/10/22/e-enganosa-publicacao-que-atribui-a-shell-oleo-encontrado-no-nordeste.htm,noticias.uol.com.br,politica_eleicoes,2019-10-22,2
5416602d676c25f70cdd29010075e12e30bd4a10,7,-0.303332,0.093329,FHC foi fundador do PT e oposição a Lula era apenas teatro #boato,https://www.boatos.org/politica/fhc-foi-fundador-pt-oposicao-lula-apenas-teatro.html,boatos.org,politica_eleicoes,2021-05-24,2
2a3b7698e5a1bba52ae47262acbfc1128510c4d0,4,0.115230,0.141988,"Estes médicos não protestavam contra um “golpe” da COVID-19, mas defendiam os hospitais públicos na França",https://checamos.afp.com//estes-medicos-nao-protestavam-contra-um-golpe-da-covid-19-mas-defendiam-os-hospitais-publicos-na,checamos.afp.com,saude_ciencia,2024-04-17,1
ef31716fe6543576daabe441649f97d7294a8875,1,-0.315108,0.077887,Assessor do PT que ganhou na Mega-Sena comprou carro de luxo antes de resultado do sorteio #boato,https://www.boatos.org/politica/assessor-pt-mega-sena-carro-luxo-antes-sorteio.html,boatos.org,golpes_plataformas,2019-09-20,2
8218ef1682486fc8180f76a6f8d61e3847016cac,6,-0.066090,-0.174932,O vídeo registra o salto recorde de um paraquedista de um balão na estratosfera em 2012,https://checamos.afp.com//o-video-registra-o-salto-recorde-de-um-paraquedista-de-um-balao-na-estratosfera-em-2012,checamos.afp.com,golpes_plataformas,2024-11-28,1
8babd9e8e6f4d8751b68d3d9891c01c14653080d,3,-0.125179,-0.213318,É #FAKE foto que mostra Carlos Bolsonaro em frente a uma mesa cheia de celulares | G1,https://g1.globo.com/fato-ou-fake/noticia/2020/05/29/e-fake-foto-que-mostra-carlos-bolsonaro-em-frente-a-uma-mesa-cheia-de-celulares.ghtml,g1.globo.com,politica_eleicoes,2020-05-29,1
71c7c3de6d9da2b835b5f7430e5b6b4d99b248ea,4,0.296244,0.071465,Texto engana ao afirmar que autópsias na Itália teriam indicado que ‘problema principal não era o coronavírus’ : Projeto Comprova,https://projetocomprova.com.br/publicações/texto-engana-ao-afirmar-que-autopsias-na-italia-teriam-indicado-que-problema-principal-nao-era-o-coronavirus/,projetocomprova.com.br,saude_ciencia,2021-03-05,3
f5cfc50e50256a1ff751a9fb9046c40c8423b76f,2,0.397176,0.255094,Protocolo de uso da cloroquina não aumentou pacientes recuperados no Brasil,https://noticias.uol.com.br/comprova/ultimas-noticias/2020/06/08/protocolo-de-uso-da-cloroquina-nao-aumentou-pacientes-recuperados-no-brasil.htm,noticias.uol.com.br,saude_ciencia,2020-06-08,3
9d474aa7517f49a69c6f6e7886484b9d049e5700,7,-0.195867,0.012027,Rodrigo Constantino acabou de ser bloqueado por 7 dias no Facebook e publicou lista de comunistas #boato,https://www.boatos.org/politica/rodrigo-constantino-acabou-ser-bloqueado-7-dias-facebook-publicou-lista-comunistas.html,boatos.org,golpes_plataformas,2020-07-04,2
e00dc0aefcd7c4bec3cd4c72f850bc2f7ece66fc,4,0.305778,-0.018301,O experimento com um kiwi não prova que testes de antígenos são inválidos,https://checamos.afp.com//o-experimento-com-um-kiwi-nao-prova-que-testes-de-antigenos-sao-invalidos,checamos.afp.com,saude_ciencia,2024-04-17,1
20c9ddfe87c61df230aa4e5914cba9f168ee890d,1,-0.215179,0.177969,É enganoso que trecho de ferrovia em GO seja obra do governo Bolsonaro,https://noticias.uol.com.br/comprova/ultimas-noticias/2020/12/09/e-enganoso-que-trecho-de-ferrovia-em-go-seja-obra-do-governo-bolsonaro.htm,noticias.uol.com.br,politica_eleicoes,2020-12-09,3
a61cb04a0ad090b25de0834efeeb19da48b8c046,4,0.255558,0.001447,"Desinformação sobre as supostas medidas de Trump contra Bill Gates, 5G, vacinas e covid-19",https://checamos.afp.com//desinformacao-sobre-supostas-medidas-de-trump-contra-bill-gates-5g-vacinas-e-covid-19,checamos.afp.com,internacional,2024-04-17,2
5c6978d5af614b14e87ba5b4c6541281566b2b09,7,-0.189476,-0.079190,"Bandidos se aproveitam de decisão do STF para empunhar metralhadoras em favela do Rio, mostra vídeo #boato",https://www.boatos.org/entretenimento/bandidos-empunham-metralhadoras-em-favela-no-rj.html,boatos.org,seguranca_justica,2020-07-22,2
a3179e21ab929e586ebef087eed7c370bf6ce2a9,6,0.055801,-0.283565,Dragão Azul (Glacus Atlantucus) é um dos animais mais venenosos do oceano #boato,https://www.boatos.org/ciencia/dragao-azul-glacus-atlantucus-animais-mais-venenosos-oceano.html,boatos.org,golpes_plataformas,2020-08-03,2
74af481fd62bb3b120c4db501d5bb55b12cc32ad,4,0.179066,0.076162,Estudo publicado por Damares não atribui suicídios de crianças a isolamento,https://noticias.uol.com.br/comprova/ultimas-noticias/2021/07/22/estudo-publicado-por-damares-nao-atribui-suicidios-de-criancas-a-isolamento.htm,noticias.uol.com.br,saude_ciencia,2021-07-22,2
652c50039c110b012d562c30fecb71254a2d5161,3,-0.031581,-0.219080,"Kwai libera cupons de bônus de R$ 150, R$ 250 e R$ 500 em site no WhatsApp #boato",https://www.boatos.org/tecnologia/kwai-libera-cupons-bonus-r-150-r-250-r-500-site-whatsapp.html,boatos.org,golpes_plataformas,2021-04-28,1
eb0681d19de9486b6eb52b36d94695c40b3583de,0,0.274992,0.065650,Peru suspendeu testes com a Coronavac após vacina causar paralisia nas pernas de voluntários #boato,https://www.boatos.org/saude/peru-suspende-testes-coronavac-apos-vacina-causar-paralisia-pernas.html,boatos.org,saude_ciencia,2020-12-13,1
fc7e58fbc3a059346ec2423e86ea4765927b9652,1,-0.159674,0.145641,Indulto de Natal libera 27 mil presos nas ruas a partir de hoje #boato,https://www.boatos.org/brasil/indulto-natal-libera-27-mil-presos-hoje.html,boatos.org,seguranca_justica,2019-12-21,1
3744d2adc638625a8004fb05cdddaf23900446a0,6,-0.120905,-0.089049,Caminhoneiro cometeu suicídio devido a reforma da Previdência?,https://www.e-farsas.com/caminhoneiro-cometeu-suicidio-devido-a-reforma-da-previdencia.html,e-farsas.com,politica_eleicoes,2019-07-22,1
01044fb03ef32cb2dba1a43b555919f5ede39dfa,1,-0.084911,0.099205,Adicional de periculosidade menor só valerá para jovens com seguro opcional,https://noticias.uol.com.br/comprova/ultimas-noticias/2019/11/26/adicional-de-periculosidade-menor-so-valera-para-jovens-com-seguro-opcional.htm,noticias.uol.com.br,economia,2019-11-26,1
c3bea059c3bba5b4e43ad82510b4682764bc8dfc,2,0.396381,0.150744,É #FAKE que Anvisa liberou Ivermectina e ainda ampliou sua dosagem para tratamento de Covid-19 | G1,https://g1.globo.com/fato-ou-fake/coronavirus/noticia/2021/04/07/e-fake-que-anvisa-liberou-ivermectina-e-ainda-ampliou-sua-dosagem-para-tratamento-de-covid-19.ghtml,g1.globo.com,saude_ciencia,2021-04-07,1
0c9c9c17edee91bde5cb7ec9cc0c7362d0861ac4,3,-0.034182,-0.236514,O Boticário está dando perfume grátis de Dia dos Namorados em site no WhatsApp #boato,https://www.boatos.org/tecnologia/o-boticario-perfume-gratis-dia-dos-namorados-site-whatsapp.html,boatos.org,golpes_plataformas,2020-05-28,1
887af3878f78ec2279b82ad214aa611aa9e857e4,7,-0.218965,-0.124868,Ratinho expulsa Xuxa Meneghel da plateia de seu programa no SBT #boato,https://www.boatos.org/entretenimento/ratinho-expulsa-xuxa-da-plateia-do-programa-no-sbt.html,boatos.org,golpes_plataformas,2019-12-16,1
988252da2d6bc3b611d65e46fd5e2fc1711442f8,0,0.312344,0.115930,O banco de dados dos EUA não registra necessariamente mortes por vacinas anticovid,https://checamos.afp.com//o-banco-de-dados-dos-eua-nao-registra-necessariamente-mortes-por-vacinas-anticovid,checamos.afp.com,saude_ciencia,2024-04-17,1
2717475f744942946c7df2224432064066a69610,2,0.420445,0.133264,Estudo da Henry Ford Health System não prova eficácia da cloroquina,https://noticias.uol.com.br/comprova/ultimas-noticias/2020/07/23/estudo-da-henry-ford-health-system-nao-prova-eficacia-da-cloroquina.htm,noticias.uol.com.br,saude_ciencia,2020-07-23,1
08f56aa8a13b493cfbb141e864cf817055c762a2,0,0.367858,0.220618,Post engana ao dizer que Brasil vacinou 11% da população antes da Alemanha,https://noticias.uol.com.br/comprova/ultimas-noticias/2021/06/11/post-engana-ao-dizer-que-brasil-vacinou-11-da-populacao-antes-da-alemanha.htm,noticias.uol.com.br,saude_ciencia,2021-06-11,1
039d4478290bb2cf958964913d71b7a3e869d414,0,0.213612,0.048337,É #FAKE que Doria disse que não vai permitir que os que não tomarem a CoronaVac passem a doença para os que tomarem | G1,https://g1.globo.com/fato-ou-fake/coronavirus/noticia/2020/10/20/e-fake-que-doria-disse-que-nao-vai-permitir-que-os-que-nao-tomarem-a-coronavac-passem-a-doenca-para-os-que-tomarem.ghtml,g1.globo.com,saude_ciencia,2020-10-20,2
e2f805169726ebc706726b89c2cdf7195d3ef87b,2,0.301035,0.168714,OMS não se desculpou por reviravoltas com hidroxicloroquina,https://noticias.uol.com.br/comprova/ultimas-noticias/2020/06/12/oms-nao-se-desculpou-por-reviravoltas-com-hidroxicloroquina.htm,noticias.uol.com.br,saude_ciencia,2020-06-12,2
0ed21b57ba9c085a1b88563ea4f068723303eea7,4,0.129206,0.160152,Médico tira de contexto dados de estudo para sugerir que máscaras são ineficientes : Projeto Comprova,https://projetocomprova.com.br/publicações/medico-tira-de-contexto-dados-de-estudo-para-sugerir-que-mascaras-sao-ineficientes/,projetocomprova.com.br,saude_ciencia,2020-10-20,1
132be6727734e902ef2a93135d5aad25d2c799be,4,0.198353,-0.009358,"Hospitais Albert Einstein está com 700 pacientes com coronavírus, Sírio-Libanês com 1400 e devemos estocar comida #boato",https://www.boatos.org/saude/hospitais-albert-einstein-sirio-libanes-lotados-coronavirus.html,boatos.org,saude_ciencia,2020-03-19,2
a96fede9566331853e6a7cb168d51796b1ea4c48,1,-0.023365,0.142061,Veja o que é #FATO ou #FAKE nas declarações dos candidatos à Prefeitura de SP na 6ª semana de campanha | G1,https://g1.globo.com/fato-ou-fake/noticia/2020/11/07/veja-o-que-e-fato-ou-fake-nas-declaracoes-dos-candidatos-a-prefeitura-de-sp-na-6a-semana-de-campanha.ghtml,g1.globo.com,saude_ciencia,2020-11-07,2
57c9d6453e55cf71590230c2b74e9422e28a2ce6,7,-0.253453,0.045410,Luciano Hang diz que quem não votou em Bolsonaro deixa produtos da Havan com mau cheiro #boato,https://www.boatos.org/politica/luciano-hang-quem-nao-votou-bolsonaro-deixa-produtos-mau-cheiro.html,boatos.org,politica_eleicoes,2019-11-26,1
e4265b1a5e27573504bcf82af5e37d7a04c9f41b,6,-0.038162,-0.233035,"A verdade sobre a ""fábula"" das formigas vermelhas e pretas que viralizou nas redes sociais!",https://www.e-farsas.com/a-verdade-sobre-a-fabula-das-formigas-vermelhas-e-pretas-que-viralizou-nas-redes-sociais.html,e-farsas.com,internacional,2020-10-05,1
1ebb4f14353280a8c1666aee6692dada04790d51,1,-0.209791,0.231852,Analisamos as 15 tarefas cumpridas e anunciadas pelo Governo Bolsonaro!,https://www.e-farsas.com/analisamos-as-15-tarefas-cumpridas-e-anunciadas-pelo-governo-bolsonaro.html,e-farsas.com,politica_eleicoes,2019-09-17,1
72e5380ed0cd0c13c8cc9332e2dba43b682e9523,6,-0.030480,-0.179001,Este manifestante não fingiu machucar a cabeça em protesto por morte de George Floyd,https://checamos.afp.com//este-manifestante-nao-fingiu-machucar-cabeca-em-protesto-por-morte-de-george-floyd,checamos.afp.com,saude_ciencia,2024-11-28,2
6e3977d1eebf2a56f1730666b7627f7b0826e245,5,-0.201499,0.303349,Voto impresso já vale no Brasil desde 2002 e está previsto na Lei 10.408/2002 #boato,https://www.boatos.org/politica/voto-impresso-lei-10408-2002-ja-vale.html,boatos.org,politica_eleicoes,2021-07-10,1
75c77798eb952ba4e34ad4a334208b623242ee74,0,0.325370,-0.086353,O laboratório de Wuhan pertence ao governo chinês e a Glaxo não é proprietária da Pfizer,https://checamos.afp.com//o-laboratorio-de-wuhan-pertence-ao-governo-chines-e-glaxo-nao-e-proprietaria-da-pfizer,checamos.afp.com,internacional,2024-11-29,1
9317ac280928af958e12c81ed853c78a9c0c2570,0,0.462027,0.079477,"Vacinas são eficazes contra variante delta, ao contrário do que diz médico : Projeto Comprova",https://projetocomprova.com.br/publicações/vacinas-sao-eficazes-contra-variante-delta-ao-contrario-do-que-diz-medico/,projetocomprova.com.br,saude_ciencia,2021-09-01,2
885ad68dda06797cbfbcefbeb17812347b12f4d5,7,-0.193850,-0.039270,Protógenes Queiroz teve que fugir para Suíça porque descobriu fraude do PT nas urnas eletrônicas #boato,https://www.boatos.org/brasil/protogenes-queiroz-fugir-suica-porque-descobriu-fraude-pt-urnas-eletronicas.html,boatos.org,politica_eleicoes,2021-08-02,1
9f91ed6ee38c6f56a6a6dc1371c62d872df7e123,6,-0.187364,-0.247887,Menino autista está perdido no shopping RioMar e procura família #boato,https://www.boatos.org/brasil/menino-autista-perdido-shopping-riomar.html,boatos.org,golpes_plataformas,2019-08-13,1
4556cfbcf6a428f8b9151a78ec60b4738712db67,6,0.095589,-0.143506,Maculopatia (câncer no olho) é causada por uso de telefone celular no escuro #boato,https://www.boatos.org/tecnologia/maculopatia-cancer-olho-causada-telefone-celular-escuro.html,boatos.org,golpes_plataformas,2020-01-25,1
acb298a4b3943771bce50d34f7cf72e80507e47a,4,0.274098,-0.101833,Vídeo engana ao afirmar que vírus da covid-19 existe desde 2003 : Projeto Comprova,https://projetocomprova.com.br/publicações/video-engana-ao-afirmar-que-virus-da-covid-19-existe-desde-2003/,projetocomprova.com.br,saude_ciencia,2021-03-05,1
0f8d64c9ac1ec06355d4d00c955c990aef4520d4,6,0.014553,-0.085821,Agenda Globalista! Um editorial publicado pelo New York Times apoiou a extinção da raça humana?,https://www.e-farsas.com/agenda-globalista-um-editorial-publicado-pelo-new-york-times-apoiou-a-extincao-da-raca-humana.html,e-farsas.com,meio_ambiente,2019-01-12,2
134f945706c8e7312815e1ffc797afb11e8a9040,6,-0.163361,-0.036927,Homem que abusava de criança com auxílio da avó amanheceu morto em presídio no RS?,https://www.e-farsas.com/homem-que-abusava-de-crianca-com-auxilio-da-avo-amanheceu-morto-em-presidio-no-rs.html,e-farsas.com,seguranca_justica,2019-02-15,1
0a8a96f00100b31ae10897a3754a80c7811691b2,2,0.418683,0.108124,"Estudos comprovaram que a irisina ""blinda"" o corpo contra a COVID-19 e que é seguro voltar às academias?",https://www.e-farsas.com/estudos-comprovaram-que-a-irisina-blinda-o-corpo-contra-a-covid-19-e-que-e-seguro-voltar-as-academias.html,e-farsas.com,saude_ciencia,2020-08-21,2
fd4acb4adfa4162585eb1b6dc035f9854e5f0ea7,4,0.242827,-0.131281,Pequim e Xangai não têm casos de coronavírus porque China criou uma arma biológica #boato,https://www.boatos.org/mundo/pequim-xangai-nao-tem-casos-coronavirus-china-criou-arma-biologica.html,boatos.org,internacional,2020-04-02,1
f95954e2fbdf05daae42e75eb83cd2321f75f9dc,7,-0.213975,0.069834,Petróleo para 80 anos de consumo é achado em Mato Grosso no governo Bolsonaro #boato,https://www.boatos.org/brasil/petroleo-encontrado-mato-grosso-bolsonaro.html,boatos.org,politica_eleicoes,2019-07-15,1
1fefe8f163e864f50c706dcb4c8b2b0ba89bb8b1,4,0.393357,0.026448,É #FAKE que pessoas assintomáticas podem passar anticorpos para outras pessoas e torná-las imunes ao novo coronavírus | G1,https://g1.globo.com/fato-ou-fake/noticia/2020/07/22/e-fake-que-pessoas-assintomaticas-podem-passar-anticorpos-para-outras-pessoas-e-torna-las-imunes-ao-novo-coronavirus.ghtml,g1.globo.com,saude_ciencia,2020-07-22,2
1f495cb98bd7258ed495d0c4770891f236f8912c,0,0.255587,-0.208782,É #FAKE que vídeo mostre reportagem sobre idosa morta após vacina contra a Covid-19 | G1,https://g1.globo.com/fato-ou-fake/coronavirus/noticia/2021/02/05/e-fake-que-video-mostre-reportagem-sobre-idosa-morta-apos-vacina-contra-a-covid-19.ghtml,g1.globo.com,saude_ciencia,2021-02-05,1
7e696a01d597a0c10a9647665f22d1c3a851375e,6,-0.177031,-0.041827,Projeto prevê casamento entre pais e filhos e será votado em 21 de agosto #boato,https://www.boatos.org/politica/projeto-preve-casamento-pais-filhos-sera-votado-21-de-agosto.html,boatos.org,seguranca_justica,2021-08-11,2
186ff1728464d56e126c8c23e484802688a15af8,4,0.045362,-0.176366,Luís Ernesto Lacombe escreveu texto “Estamos aprendendo: Covid-19 um vírus muito louco” #boato,https://www.boatos.org/entretenimento/luis-ernesto-lacombe-texto-estamos-aprendendo-covid-19-virus-muito-louco.html,boatos.org,saude_ciencia,2020-08-14,1
8e1fc5f0ff6be0f7aa0058fef29df352a8ddbb35,7,-0.082760,-0.062354,Sargento da Guarda Bolivariana atira em coronel e desobedece Maduro na Venezuela #boato,https://www.boatos.org/mundo/sargento-guarda-bolivariana-atira-coronel-desobedece-maduro-venezuela.html,boatos.org,golpes_plataformas,2020-12-11,2
6df7bb2227641c5f17e4ed540c463c5db48269e7,5,-0.203228,0.085086,Será verdade que Jeanine Añez declarou ter traços arianos e nórdicos?,https://www.e-farsas.com/sera-verdade-que-jeanine-anez-declarou-ter-tracos-arianos-e-nordicos.html,e-farsas.com,politica_eleicoes,2019-11-17,3
bba8498d3feec71204b13f92611e05951925c1e8,7,-0.169756,0.056566,Mourão convoca povo para manifestações de 7 de setembro de 2021 #boato,https://www.boatos.org/politica/mourao-convoca-povo-para-manifestacoes-7-setembro-de-2021-mostra-video.html,boatos.org,politica_eleicoes,2021-08-15,1
cea2123733f9a0acfc769339174fc3f359fae4cc,6,-0.126191,-0.074875,Frase sobre libertação de escravos pertence a abolicionista Harriet Tubman?,https://www.e-farsas.com/frase-sobre-libertacao-de-escravos-pertence-a-abolicionista-harriet-tubman.html,e-farsas.com,golpes_plataformas,2020-06-16,1
33adf78ad9ca97d42cb894e949de7311e3a923c7,6,-0.148752,-0.168857,Fernando Pessoa escreveu texto que começa com “meus amigos são todos assim” #boato,https://www.boatos.org/entretenimento/fernando-pessoa-escreveu-texto-cmeus-amigos-sao-todos-assim.html,boatos.org,golpes_plataformas,2020-07-26,1
ed1309002a121014ca335917c2615ce71d33840c,7,-0.175080,0.019389,Governo do Maranhão não aboliu a bandeira do Brasil,https://noticias.uol.com.br/confere/ultimas-noticias/2019/07/10/governo-do-maranhao-nao-aboliu-a-bandeira-do-brasil.htm,noticias.uol.com.br,politica_eleicoes,2019-07-10,1
b49edd7c1346a84564cb95b55cc62781617f9226,6,-0.166622,-0.150623,Vídeo de barco de apoiadores de Donald Trump pegando fogo é verdadeiro ou falso?,https://www.e-farsas.com/video-de-barco-de-apoiadores-de-donald-trump-pegando-fogo-e-verdadeiro-ou-falso.html,e-farsas.com,politica_eleicoes,2020-09-07,2
ce0b9ba843d8cbca0c98aef8f88e0c0217c87df5,4,0.193962,-0.210675,Illuminatis infectaram máscaras da China com coronavírus para reduzir população mundial #boato,https://www.boatos.org/saude/illuminatis-infectaram-mascaras-china-coronavirus-reduzir-populacao.html,boatos.org,internacional,2020-04-22,2
a5b0392d8ffd142a788eef169b79d932198bee95,2,0.427343,0.176708,Estudo da Henry Ford Health System é insuficiente para provar eficácia da cloroquina contra a covid-19 : Projeto Comprova,https://projetocomprova.com.br/publicações/estudo-da-henry-ford-health-system-e-insuficiente-para-provar-eficacia-da-cloroquina-contra-a-covid-19/,projetocomprova.com.br,saude_ciencia,2021-03-05,2
8972c86fad28e194cadab730e427adb05702b910,7,-0.022447,0.228148,"Nove parlamentares apresentaram emenda para importar a Covaxin, Randolfe não está entre eles",https://checamos.afp.com//nove-parlamentares-apresentaram-emenda-para-importar-covaxin-randolfe-nao-esta-entre-eles,checamos.afp.com,politica_eleicoes,2024-04-17,1
caa6ca1909c633b0ce563d61341d5a29cb536243,6,-0.139729,-0.153537,Vazamento de óleo em Cantaura (Venezuela) chegou ao Atlântico e deixou Marinha em prontidão #boato,https://www.boatos.org/mundo/vazamento-oleo-cantaura-venezuela-atlantico-marinha.html,boatos.org,golpes_plataformas,2019-10-31,1
387f3876553848d3d6b63514923cde74f80ac5b1,6,0.012876,-0.180952,Influencer Lilian Melchert filmou um OVNI em São Paulo?,https://www.e-farsas.com/influencer-lilian-melchert-filmou-um-ovni-em-sao-paulo.html,e-farsas.com,politica_eleicoes,2020-05-06,1
2dc538bf9703a36c6c049a5beb7b18192b216a9b,4,0.064347,0.081034,Documento “Da possível supernotificação de óbitos causados por Covid-19 no Brasil” é do TCU #boato,https://www.boatos.org/saude/documento-da-possivel-supernotificacao-de-obitos-causados-por-covid-19-no-brasil-e-do-tcu.html,boatos.org,saude_ciencia,2021-06-08,1
3a10513619e218be8309756df5de9a38290056e0,7,-0.296719,0.043283,Marina Silva e marido são donos de madeira apreendida pelo Exército no Pará #boato,https://www.boatos.org/politica/marina-silva-marido-donos-madeira-apreendida-exercito-para.html,boatos.org,politica_eleicoes,2020-10-08,1
d637da2c228a0ffc3becf9921307bee2a8fd7475,4,0.219681,-0.113922,As afirmações falsas do doutor Petrella em um vídeo sobre a covid-19,https://checamos.afp.com//afirmacoes-falsas-do-doutor-petrella-em-um-video-sobre-covid-19,checamos.afp.com,saude_ciencia,2026-07-13,1
64d9a8da82eddb6754d35b844a7e5e67711a81dc,7,-0.227443,-0.076789,É #FAKE que imagem mostre chefe da campanha de Joe Biden sendo preso por fraude eleitoral | G1,https://g1.globo.com/fato-ou-fake/noticia/2020/11/25/e-fake-que-imagem-mostre-chefe-da-campanha-de-joe-biden-sendo-preso-por-fraude-eleitoral.ghtml,g1.globo.com,internacional,2020-11-25,1
49db8523880a3feb9bdbcb5988e0acbf48f279e8,0,0.207095,0.144627,"Postagem sugere motivação política para Anvisa recusar vacina Sputnik V, mas especialistas apontam critérios técnicos : Projeto Comprova",https://projetocomprova.com.br/publicações/postagem-sugere-motivacao-politica-para-anvisa-recusar-vacina-sputnik-v-mas-especialistas-apontam-criterios-tecnicos/,projetocomprova.com.br,saude_ciencia,2021-05-04,1
375e17e31820081a2afbd4664b900f30bafd442b,5,-0.037853,0.317131,Governo do Maranhão vem fornecendo kits com cloroquina para tratamento do COVID-19?,https://www.e-farsas.com/governo-do-maranhao-vem-fornecendo-kits-com-cloroquina-para-tratamento-do-covid-19.html,e-farsas.com,politica_eleicoes,2020-05-19,3
322bccae81487058339dfbb8fbd106c979b373a3,1,-0.160519,0.194615,Veja o que é #FATO ou #FAKE nas declarações dos candidatos à Prefeitura de SP na 1ª semana de campanha do 2º turno | G1,https://g1.globo.com/fato-ou-fake/noticia/2020/11/21/veja-o-que-e-fato-ou-fake-nas-declaracoes-dos-candidatos-a-prefeitura-de-sp-na-1a-semana-de-campanha-do-2o-turno.ghtml,g1.globo.com,saude_ciencia,2020-11-21,2
29d862d1ff45b42b783e98806fa8658078a5330e,2,0.351155,0.188886,‘Tratamento precoce’ com hidroxicloroquina não evitou mortes em Porto Feliz : Projeto Comprova,https://projetocomprova.com.br/publicações/tratamento-precoce-com-hidroxicloroquina-nao-evitou-mortes-em-porto-feliz/,projetocomprova.com.br,saude_ciencia,2020-11-30,1
7d7dffdf138e5177f40576f8c0538945949f96d8,2,0.352348,0.039013,Estudo descobriu que a pimenta-do-reino é eficaz contra o novo coronavírus?,https://www.e-farsas.com/estudo-descobriu-que-a-pimenta-do-reino-e-eficaz-contra-o-novo-coronavirus.html,e-farsas.com,saude_ciencia,2020-10-12,2
9cb1635fec836cf69c0a7fd32e9e784be99aec37,5,-0.219859,0.255344,Vídeo não prova fraude em eleição de 2014,https://noticias.uol.com.br/comprova/ultimas-noticias/2021/07/15/video-nao-prova-fraude-em-eleicao-de-2014.htm,noticias.uol.com.br,politica_eleicoes,2021-07-15,3
17c0387330f3599f9c28141702fb72240cf2877b,1,-0.197267,0.295845,Post atribui a Bolsonaro sucesso em segurança com dados fora de contexto,https://noticias.uol.com.br/comprova/ultimas-noticias/2019/10/09/post-atribui-a-bolsonaro-sucesso-em-seguranca-com-dados-fora-de-contexto.htm,noticias.uol.com.br,politica_eleicoes,2019-10-09,2
4849673511e360f41dc0547fa29d1029e92a4890,4,0.081161,0.252328,No início do carnaval de 2020 ainda não havia casos registrados de covid-19 no Brasil,https://checamos.afp.com//no-inicio-do-carnaval-de-2020-ainda-nao-havia-casos-registrados-de-covid-19-no-brasil,checamos.afp.com,saude_ciencia,2024-04-17,1
99f74488a0cb11e83fa4cb5ebfb2190fceb174d0,0,0.301681,0.139400,Médicos não provaram que uma vacina precisa de 10 anos de pesquisa para ser segura : Projeto Comprova,https://projetocomprova.com.br/publicações/medicos-nao-provaram-que-uma-vacina-precisa-de-10-anos-de-pesquisa-para-ser-segura/,projetocomprova.com.br,saude_ciencia,2020-11-10,3
0433282ba88c297105219fb2e70e28e6b04b37a8,4,0.121430,-0.074087,Este espectáculo na Torre Eiffel é de 2019 e não uma homenagem às vítimas do novo coronavírus,https://checamos.afp.com//este-espectaculo-na-torre-eiffel-e-de-2019-e-nao-uma-homenagem-vitimas-do-novo-coronavirus,checamos.afp.com,saude_ciencia,2024-11-28,1
7e9fd199d91f7671ea5486fdb90fd6789ddbef42,3,-0.212760,-0.208951,Carteiro ladrão é procurado por assaltar pessoas; Compartilhe foto #boato,https://www.boatos.org/brasil/carteiro-ladrao-procurado-por-assaltar.html,boatos.org,golpes_plataformas,2019-02-19,1
3b65f574e21b862272c0c10afc68b1e9da799a14,4,0.179140,-0.068080,"Pandemia não é fraude nem crime contra a humanidade, como diz vídeo",https://noticias.uol.com.br/comprova/ultimas-noticias/2020/10/27/pandemia-nao-e-crime-contra-a-humanidade-conforme-indica-video.htm,noticias.uol.com.br,saude_ciencia,2020-10-27,2
0089a8e4eaf7e3ff2bef093fe97acc06beb4df02,0,0.296082,0.045510,Mensagem tira de contexto dados sobre sintomas adversos da vacina Pfizer : Projeto Comprova,https://projetocomprova.com.br/publicações/mensagem-tira-de-contexto-dados-sobre-sintomas-adversos-da-vacina-pfizer/,projetocomprova.com.br,saude_ciencia,2020-12-28,1
bbfaf1140d4733e1840b37078410d06760296efb,7,-0.231095,0.019063,Barroso está sendo chantageado por José Dirceu por causa de João de Deus #boato,https://www.boatos.org/politica/barroso-esta-sendo-chantageado-jose-dirceu-por-causa-joao-de-deus.html,boatos.org,politica_eleicoes,2021-07-05,3
4434db9220a349e792d9dd95d6580c5f54432dce,0,0.352059,0.008735,Verificações da AFP em português sobre o novo coronavírus,https://checamos.afp.com//verificacoes-da-afp-em-portugues-sobre-o-novo-coronavirus,checamos.afp.com,saude_ciencia,2024-04-17,15
23d2789f3d59dd854c2247464e5a3df2ff241427,4,0.156491,0.139823,"É #FAKE que operação da PF fez cidade do Rio de Janeiro excluir 1,1 mil mortes por Covid-19 da estatística oficial | G1",https://g1.globo.com/fato-ou-fake/coronavirus/noticia/2020/05/29/e-fake-que-operacao-da-pf-fez-cidade-do-rio-de-janeiro-excluir-11-mil-mortes-por-covid-19-da-estatistica-oficial.ghtml,g1.globo.com,saude_ciencia,2020-05-29,1
4e02b46ce7daa048a20412b2dea46dad0a7a727d,6,-0.089903,-0.273779,Casal de caçadores é atacado por leão após posar para foto com animal morto #boato,https://www.boatos.org/mundo/casal-cacadores-atacado-leao.html,boatos.org,golpes_plataformas,2019-08-07,1
21684defd2edc4cc5ea4543c29db0cd940c018ae,1,-0.266961,0.227367,Veja o que é #FATO ou #FAKE nas declarações dos candidatos à Prefeitura do Rio na 5ª semana de campanha | G1,https://g1.globo.com/fato-ou-fake/noticia/2020/10/30/veja-o-que-e-fato-ou-fake-nas-declaracoes-dos-candidatos-a-prefeitura-do-rio-na-5a-semana-de-campanha.ghtml,g1.globo.com,seguranca_justica,2020-10-30,1
720cc7e1d5e0104200358cd62653fdc1bc11ce54,6,-0.008751,-0.050521,Álcool gel acarreta em multa e prisão após teste do bafômetro na blitz da lei seca #boato,https://www.boatos.org/saude/alcool-gel-acarreta-multa-prisao-teste-bafometro-lei-seca.html,boatos.org,seguranca_justica,2020-03-03,2
490a0c5c3593e5770e5fc192717b18fba5741ec0,3,-0.001168,-0.269662,Dia da Mentira: seis boatos checados pelo Fato ou Fake que continuam a circular nas redes | G1,https://g1.globo.com/fato-ou-fake/noticia/2019/04/01/dia-da-mentira-seis-boatos-checados-pelo-fato-ou-fake-que-continuam-a-circular-nas-redes.ghtml,g1.globo.com,golpes_plataformas,2019-04-01,2
ba1ae129b6a6767bc3f636035ff8e854db5aaae8,3,-0.002143,-0.162756,Método mostra como usar WhatsApp sem precisar de internet #boato,https://www.boatos.org/tecnologia/whatsapp-sem-precisar-de-internet.html,boatos.org,golpes_plataformas,2016-10-14,2
bd8ca65eb220410b9705e42929eb07a15002ef63,4,0.109297,-0.087561,Vídeo de corpos no chão de um hospital é prova de um plano de extermínio e venda de órgãos! Será?,https://www.e-farsas.com/video-de-corpos-no-chao-de-um-hospital-e-prova-de-um-plano-de-exterminio-e-venda-de-orgaos-sera.html,e-farsas.com,saude_ciencia,2021-01-28,3
5b05bacc1024838bcc566b903424e7b77d140621,1,-0.058138,0.053077,Vídeo de homem implorando por banho de mar foi gravado um dia depois do anúncio de reabertura da orla : Projeto Comprova,https://projetocomprova.com.br/publicações/video-de-homem-implorando-por-banho-de-mar-foi-gravado-um-dia-depois-do-anuncio-de-reabertura-da-orla/,projetocomprova.com.br,saude_ciencia,2021-03-05,1
825a627511092a50c66f638bf489bc889d866985,4,0.255791,-0.009885,Vídeo usa informações falsas para dizer que lockdown foi inútil e pico de covid-19 ficou para trás : Projeto Comprova,https://projetocomprova.com.br/publicações/video-usa-informacoes-falsas-para-dizer-que-lockdown-foi-inutil-e-pico-de-covid-19-ficou-para-tras/,projetocomprova.com.br,saude_ciencia,2021-03-05,3
e651c1e567cbf4e25f7b3803c04b1d01bebc8792,5,-0.208730,0.141164,A denúncia de policiais sobre suposto problema nas urnas é de 2018 mas foi considerada infundada,https://checamos.afp.com//denuncia-de-policiais-sobre-suposto-problema-nas-urnas-e-de-2018-mas-foi-considerada-infundada,checamos.afp.com,politica_eleicoes,2024-04-17,1
a51cc50847842050d2c4cd0ca389b5a111d30cc0,4,0.261439,-0.048991,Uso correto de máscaras reduz chances de contaminação pelo coronavírus e não torna o sangue ácido : Projeto Comprova,https://projetocomprova.com.br/publicações/uso-correto-de-mascaras-reduz-chances-de-contaminacao-pelo-coronavirus-e-nao-torna-o-sangue-acido/,projetocomprova.com.br,saude_ciencia,2021-03-05,1
4407ea8d05d987fe3746008e41663c70d365e490,5,-0.133244,-0.007003,Foto de uma menina usando máscara e segurando um coala é verdadeira ou falsa?,https://www.e-farsas.com/foto-de-uma-menina-usando-mascara-e-segurando-um-coala-e-verdadeira-ou-falsa.html,e-farsas.com,politica_eleicoes,2020-01-06,1
1c4f25a2982cc35af08516cdb746670fc2cc60c3,6,-0.158294,-0.158020,O papa Francisco é um holograma?,https://www.e-farsas.com/o-papa-francisco-e-um-holograma.html,e-farsas.com,outros,2020-04-15,1
9ac0ff4662ac5cf1d8d479c73784af53d7f38b81,5,-0.153530,-0.007247,"Conheça a verdade sobre a manifestante com o cartaz: ""Chega de universidade. Armas Sim!""",https://www.e-farsas.com/conheca-a-verdade-sobre-a-manifestante-que-causou-polemica-nas-redes-sociais.html,e-farsas.com,politica_eleicoes,2019-05-27,2
98fa076bf206b8d4952088ff56fa9ee83c793f4e,0,0.239619,0.020480,Boato tira de contexto estudo com adolescentes nos EUA para atacar vacina da Pfizer : Projeto Comprova,https://projetocomprova.com.br/publicações/boato-tira-de-contexto-estudo-com-adolescentes-nos-eua-para-atacar-vacina-da-pfizer/,projetocomprova.com.br,saude_ciencia,2021-08-06,1
c8da74fd8e50ee47edc2cd7567d1282fd4736caa,1,-0.027028,0.370390,"Tuíte compara orçamento do STF para plano de saúde com arrecadação do Pátria Voluntária, mas omite dados : Projeto Comprova",https://projetocomprova.com.br/publicações/tuite-compara-orcamento-do-stf-para-plano-de-saude-com-arrecadacao-do-patria-voluntaria-mas-omite-dados/,projetocomprova.com.br,seguranca_justica,2021-03-05,3
5909f843b0d40760ca2df10ed46b61d042b65140,1,-0.066451,0.232232,Celso de Mello não se aposentou do STF por invalidez,https://noticias.uol.com.br/confere/ultimas-noticias/2020/10/15/celso-de-mello-stf-nao-se-aposentou-por-invalidez.htm,noticias.uol.com.br,politica_eleicoes,2020-10-15,1
c50bc5754a54070466828745297ff3417e3be9f1,6,-0.057114,-0.152382,O papa Francisco cancelou a Bíblia e propôs um novo livro?,https://www.e-farsas.com/o-papa-francisco-cancelou-a-biblia-e-propos-um-novo-livro.html,e-farsas.com,golpes_plataformas,2020-02-27,1
4156667c8add54c8e9543cf907c18bcbac69d177,2,0.383845,0.071734,Enfermeiro distorce dados para dizer que ivermectina evita mortes pela covid-19 : Projeto Comprova,https://projetocomprova.com.br/publicações/enfermeiro-distorce-dados-para-dizer-que-ivermectina-evita-mortes-pela-covid-19/,projetocomprova.com.br,saude_ciencia,2021-08-30,1
cac6af6d32a3c38d512ef4eadbce368ccaec7469,7,-0.312658,0.030650,"Lula diz ""basta colocar arroz na mesa do nordestino que ele vota em você"" e que ""com R$ 10 compra um baiano"" #boato",https://www.boatos.org/politica/lula-diz-basta-colocar-arroz-mesa-nordestino-ele-vota-com-r10-compra-baiano.html,boatos.org,politica_eleicoes,2021-06-11,1
7c39a400b086c33c435fc9ef45205ac13f7749e2,6,-0.048148,-0.277712,"Aranha com rabo de cobra é encontrado por dona de casa, mostra foto #boato",https://www.boatos.org/ciencia/aranha-rabo-cobra-encontrado-dona-de-casa.html,boatos.org,golpes_plataformas,2020-07-20,1
79939fd69058b641d965ccbc1cb8c2cc2a7236b5,4,0.086482,0.290500,Tuíte omite dados ao comparar plano de saúde do STF com Pátria Voluntária,https://noticias.uol.com.br/comprova/ultimas-noticias/2020/07/21/tuite-omite-dados-ao-comparar-plano-de-saude-do-stf-com-patria-voluntaria.htm,noticias.uol.com.br,seguranca_justica,2020-07-21,1
d8f72b9e9a2a423e33823573314da85c7100ca75,0,0.285719,-0.101762,É falso que irmãos morreram após se vacinarem contra a covid-19,https://noticias.uol.com.br/comprova/ultimas-noticias/2020/09/17/e-falso-que-irmaos-morreram-apos-se-vacinarem-contra-a-covid-19.htm,noticias.uol.com.br,saude_ciencia,2020-09-17,2
507eea7eda51f0f5bb8ee351f5fb0fbc7e98dc19,6,-0.012922,-0.313801,"É falso que exista um boneco chamado ""Cidadão de Bem""",https://www.e-farsas.com/e-falso-que-exista-um-boneco-chamado-cidadao-de-bem.html,e-farsas.com,politica_eleicoes,2020-12-06,1
e4735ecf2b0fafdd9c83d6d8a5fda89d5045de61,7,-0.221706,-0.098213,Prefeito instalou uma câmera para gravar fantasmas e flagrou traição da esposa?,https://www.e-farsas.com/prefeito-instalou-uma-camera-para-gravar-fantamas-e-flagrou-traicao-da-esposa.html,e-farsas.com,seguranca_justica,2020-01-15,1
cdc4dfaaf9ec1214db3f34218b82c05776ad6d6c,2,0.389780,0.111864,"Médico engana ao afirmar, em vídeo, que hidroxicloroquina é eficaz contra covid : Projeto Comprova",https://projetocomprova.com.br/publicações/medico-engana-ao-afirmar-em-video-que-hidroxicloroquina-e-eficaz-contra-covid/,projetocomprova.com.br,saude_ciencia,2021-05-27,2
e2cbd5c4ae9b9483748f2549ffd523309a919fba,6,-0.151075,-0.172214,É #FAKE que vídeo de mulher jogando lixo na rua foi gravado durante enxurrada no Rio | G1,https://g1.globo.com/fato-ou-fake/noticia/2019/02/07/e-fake-que-video-de-mulher-jogando-lixo-na-rua-foi-gravado-durante-enxurrada-no-rio.ghtml,g1.globo.com,golpes_plataformas,2019-02-07,1
b3b07b9495c772cfeda7ecf6cac779761233d61c,1,-0.228242,0.152159,Veja o que é #FATO ou #FAKE nas declarações dos candidatos à Prefeitura do Rio na 2ª semana de campanha do 2º turno | G1,https://g1.globo.com/fato-ou-fake/noticia/2020/11/27/veja-o-que-e-fato-ou-fake-nas-declaracoes-dos-candidatos-a-prefeitura-do-rio-na-2a-semana-de-campanha-do-2o-turno.ghtml,g1.globo.com,politica_eleicoes,2020-11-27,4
db6275605fb15ec82ab4f76dc2ceaac3d0e26074,3,0.109537,-0.276165,Vírus Gambarelli e WhatsApp Gold são as mais novas ameaças a telefones #boato,https://www.boatos.org/tecnologia/virus-gambarelli-whatsapp-gold-ameacas-telefones.html,boatos.org,golpes_plataformas,2019-09-15,1
548fa161933012c547e42389e7b45c4ce79cf4c8,6,0.014607,-0.296485,"Uma estranha criatura espalhou o pânico na cidade de Ilhéus, na Bahia?",https://www.e-farsas.com/uma-estranha-criatura-espalhou-o-panico-na-cidade-de-ilheus-na-bahia.html,e-farsas.com,politica_eleicoes,2020-09-09,1
c918d57bfdf8e85a954b5a5d8199302c72f8ed5d,6,-0.049513,-0.257881,Um vídeo mostra um garotinho se afogando sem ninguém fazer nada?,https://www.e-farsas.com/um-video-mostra-um-garotinho-se-afogando-sem-ninguem-fazer-nada.html,e-farsas.com,seguranca_justica,2019-05-07,1
814ec34bd8fe1a094981b96e0e94cd9fe92a6c99,6,0.069479,-0.056578,Cedae alerta que ninguém deve consumir água da torneira ou de filtro #boato,https://www.boatos.org/brasil/cedae-alerta-ninguem-consumir-agua-torneira-filtro.html,boatos.org,golpes_plataformas,2020-01-09,2
3872c09a0f740e3200f88db8feb49ec5e543ab5e,7,-0.196093,-0.033449,É #FAKE corrente que diz que Moro vendeu inquéritos da PF para Doria | G1,https://g1.globo.com/fato-ou-fake/noticia/2020/05/26/e-fake-corrente-que-diz-que-moro-vendeu-inqueritos-da-pf-para-doria.ghtml,g1.globo.com,politica_eleicoes,2020-05-26,1
48852feb19390cc41138405a9722d6c65ec6e266,6,-0.128061,-0.058294,"Texto sobre a ""morte de uma geração"" pertence ao escritor Augusto Cury?",https://www.e-farsas.com/texto-sobre-a-morte-de-uma-geracao-pertence-ao-escritor-augusto-cury.html,e-farsas.com,politica_eleicoes,2020-10-28,2
48a5b864f606d81fbd987494c94c50e93a888e5c,7,-0.217768,-0.046069,É #FAKE que vídeo mostre obras do Exército em MS durante o governo Bolsonaro | G1,https://g1.globo.com/fato-ou-fake/noticia/2019/06/13/e-fake-que-video-mostre-obras-do-exercito-em-ms-durante-o-governo-bolsonaro.ghtml,g1.globo.com,golpes_plataformas,2019-06-13,1
f89d6d63ab744703b094833b27f0e25b0ef98e11,0,0.324635,-0.090655,Vacinas contra Covid-19 contêm 80% a 90% de óxido de grafeno #boato,https://www.boatos.org/saude/vacinas-contra-covid-19-contem-80-90-oxido-de-grafeno.html,boatos.org,saude_ciencia,2021-07-05,2
cb5e7ce5c97bf48756900300d0f1a60721003c86,2,0.390514,0.208425,Universidade de Oxford não encontrou 'fortes indícios' da eficácia da ivermectina contra a covid : Projeto Comprova,https://projetocomprova.com.br/publicações/universidade-de-oxford-nao-encontrou-fortes-indicios-da-eficacia-da-ivermectina-contra-a-covid/,projetocomprova.com.br,saude_ciencia,2021-06-26,1
ad631b7de883992df2034f1f0a9234c36ea9b065,7,-0.299312,0.072981,"Lula é recebido em Recife sob os gritos de “o ladrão chegou”, mostra vídeo #boato",https://www.boatos.org/politica/lula-recebido-em-recife-sob-gritos-ladrao-chegou-video.html,boatos.org,politica_eleicoes,2021-08-16,1
fdca8b28c5cd219879be4303db5b824837851446,5,-0.149847,-0.053058,Michigan teve 138 mil votos falsos para Biden e urnas com votos de Trump no lixo #boato,https://www.boatos.org/mundo/michigan-votos-falsos-biden-urnas-trump-lixo.html,boatos.org,internacional,2020-11-09,1
d15df9f0ec1800739829ac052cbffc076fd0a6b6,7,-0.184989,-0.036205,É #FAKE que foto de prédio pichado mostre imóvel dentro da USP | G1,https://g1.globo.com/fato-ou-fake/noticia/2019/05/14/e-fake-que-foto-de-predio-pichado-mostre-imovel-dentro-da-usp.ghtml,g1.globo.com,golpes_plataformas,2019-05-14,1
c87cf978cd89e6c1ae545262c78cefdd2d612485,5,-0.152636,0.228777,"Além do Brasil, mais 15 países usam urnas eletrônicas; em Cuba, votações usam cédulas de papel",https://checamos.afp.com//alem-do-brasil-mais-15-paises-usam-urnas-eletronicas-em-cuba-votacoes-usam-cedulas-de-papel,checamos.afp.com,politica_eleicoes,2024-04-17,1
6ff0ac7a6642990502315bfd85595e990b92e482,6,-0.075879,-0.192544,"Uma ""aurora boreal"" apareceu nos céus na Indonésia após o tsunami de dezembro de 2018?",https://www.e-farsas.com/uma-aurora-boreal-apareceu-nos-ceus-na-indonesia-apos-o-tsunami-de-dezembro-de-2018.html,e-farsas.com,golpes_plataformas,2019-01-11,2
b4f629f08ae0970d755fe13333be25d84c4b35e4,4,0.179661,0.177670,É #FAKE que Ministério da Saúde repassa R$ 12 mil a hospitais por cada morte por Covid-19 | G1,https://g1.globo.com/fato-ou-fake/coronavirus/noticia/2020/05/18/e-fake-que-ministerio-da-saude-repassa-r-12-mil-a-hospitais-por-cada-morte-por-covid-19.ghtml,g1.globo.com,saude_ciencia,2020-05-18,1
09ce19cbc7044418115e5fb706c2b5838338d4f0,0,0.208011,0.018742,A cabo do Exército argentino que faleceu não havia recebido a vacina russa contra a covid-19,https://checamos.afp.com//cabo-do-exercito-argentino-que-faleceu-nao-havia-recebido-vacina-russa-contra-covid-19,checamos.afp.com,saude_ciencia,2025-12-10,1
e31db336da8753d08c76eaa10375606b77d0b6ad,7,-0.248823,-0.115020,Vídeo erra ao dizer que escritório em endereço caro de Nova York é do MST,https://noticias.uol.com.br/confere/ultimas-noticias/2019/07/16/escritorio-de-nova-york-exibido-em-video-nao-e-do-mst.htm,noticias.uol.com.br,politica_eleicoes,2019-07-16,1
b0db5263b76cafa793a3356b8965f3c6f189ffc0,7,-0.237510,0.048051,É #FAKE que Gleisi Hoffmann foi agredida em carnaval fora de época em Fortaleza | G1,https://g1.globo.com/fato-ou-fake/noticia/2019/07/29/e-fake-que-gleisi-hoffmann-foi-agredida-em-carnaval-fora-de-epoca-em-fortaleza.ghtml,g1.globo.com,golpes_plataformas,2019-07-29,1
92e6dc625fdcb937d4ae38e8836bfb0ee23e7c5e,0,0.144675,0.009119,Tuíte engana ao afirmar que vacinas usam células de fetos abortados,https://noticias.uol.com.br/comprova/ultimas-noticias/2020/07/24/tuite-engana-ao-afirmar-que-vacinas-usam-celulas-de-fetos-abortados.htm,noticias.uol.com.br,saude_ciencia,2020-07-24,1
c54aaa1d53ca73cb1e66ad9adb7bd8bf25ae3b96,6,-0.089646,-0.178780,Suprema Corte convocou a Guarda Nacional para prender mesários em 12 Estados nos EUA?,https://www.e-farsas.com/suprema-corte-convocou-a-guarda-nacional-para-prender-mesarios-em-12-estados-nos-eua.html,e-farsas.com,politica_eleicoes,2020-11-10,2
6bfb43bfc4f910862db68579920ac8614075f27b,3,-0.062696,-0.176382,"WhatsApp deu prejuízo de USD 1.978.456.045,00 em dois anos e será tirado do ar #boato",https://www.boatos.org/tecnologia/whatsapp-prejuizo-tirado-do-ar.html,boatos.org,golpes_plataformas,2019-07-04,1
fc872d0899202e808792ae59a07e73c8c186c37e,7,-0.298477,0.041992,O imóvel supostamente comprado por Lula ainda está à venda,https://checamos.afp.com//o-imovel-supostamente-comprado-por-lula-ainda-esta-venda,checamos.afp.com,politica_eleicoes,2024-04-17,2
a4405951c289080cb24b6df1f742594304d36557,6,-0.116214,-0.168142,"Nikita Khrushchev disse ""os filhos de seus filhos viverão sob o comunismo"" há 60 anos #boato",https://www.boatos.org/mundo/nikita-khrushchev-disse-filhos-de-seus-filhos-viverao-comunismo.html,boatos.org,internacional,2020-10-23,1
77788c29af981fdd711a0c394c9cbf30de3febc1,0,0.066418,0.147497,Imprensa boicota vacinação do Exército contra Covid-19 na Vila Militar #boato,https://www.boatos.org/saude/imprensa-boicota-vacinacao-exercito-contra-covid-19-vila-militar.html,boatos.org,saude_ciencia,2021-04-23,1
948b59afe567d2f9340130abd0b26a531dcc14b1,6,0.010603,-0.096747,Coalas estão funcionalmente extintos devido aos incêndios na Austrália?,https://www.e-farsas.com/coalas-estao-funcionalmente-extintos-devido-aos-incendios-na-australia.html,e-farsas.com,seguranca_justica,2019-12-01,2
9df72b39c68860dc52c541b841270a60fa92b95e,4,0.343348,0.092175,"Máscaras são eficientes no combate ao novo coronavírus, ao contrário do que diz influenciador : Projeto Comprova",https://projetocomprova.com.br/publicações/mascaras-sao-eficientes-no-combate-ao-novo-coronavirus-ao-contrario-do-que-diz-influenciador/,projetocomprova.com.br,saude_ciencia,2021-03-05,3
1a7092c702c91abc6a4bf1d26794bc77665a3312,1,-0.257921,0.171582,Veja o que é #FATO ou #FAKE nas falas dos candidatos à Prefeitura do Rio no debate da Globo | G1,https://g1.globo.com/fato-ou-fake/noticia/2020/11/28/veja-o-que-e-fato-ou-fake-nas-falas-dos-candidatos-a-prefeitura-do-rio-no-debate-da-globo.ghtml,g1.globo.com,seguranca_justica,2020-11-28,1
64feb07585bdbba6f4189fa779ca579e341e5e55,2,0.427542,0.214809,Estudo com hidroxicloroquina não comprova eficácia no 'tratamento precoce',https://noticias.uol.com.br/comprova/ultimas-noticias/2021/06/16/estudo-com-hidroxicloroquina-nao-comprova-eficacia-no-tratamento-precoce.htm,noticias.uol.com.br,saude_ciencia,2021-06-16,3
057a5cae12e1bda0f9ad5042152e59ca4e7a33bc,4,0.261971,-0.075678,É enganoso que e-mail de Anthony Fauci mostrado no Fantástico prove origem do coronavírus em laboratório : Projeto Comprova,https://projetocomprova.com.br/publicações/e-enganoso-que-e-mail-de-anthony-fauci-mostrado-no-fantastico-prove-origem-do-coronavirus-em-laboratorio/,projetocomprova.com.br,saude_ciencia,2021-06-25,2
f1b44b3fb1d1461465389d633288781f1333ca81,0,0.367227,0.028157,"É impossível que vacina cause alterações genéticas, dizem especialistas : Projeto Comprova",https://projetocomprova.com.br/publicações/e-impossivel-que-vacina-cause-alteracoes-geneticas-dizem-especialistas/,projetocomprova.com.br,saude_ciencia,2020-12-16,2
7cb7dbca8f3cd99f22699c8a9ba221586264505f,4,0.299744,-0.067780,"Texto ""Esclarecimento para que população não seja enganada"" lista verdades sobre a Covid-19 #boato",https://www.boatos.org/saude/texto-esclarecimento-populacao-nao-enganada-lista-verdades-covid-19.html,boatos.org,saude_ciencia,2020-11-03,3
3291dec2fa6c53469a982f57f7c31bb69df4dbdc,4,0.142660,-0.026464,Não existe nenhum processo contra a OMS por pulverizar um químico que causa pneumonia,https://checamos.afp.com//nao-existe-nenhum-processo-contra-oms-por-pulverizar-um-quimico-que-causa-pneumonia,checamos.afp.com,seguranca_justica,2024-04-17,1
08cd1f9b2eb9e276dc7c2b92fcc370af58522d1c,1,-0.120227,0.210640,Veja o que é #FATO ou #FAKE nas declarações dos candidatos à Prefeitura de SP na 5ª semana de campanha | G1,https://g1.globo.com/fato-ou-fake/noticia/2020/10/31/veja-o-que-e-fato-ou-fake-nas-declaracoes-dos-candidatos-a-prefeitura-de-sp-na-5a-semana-de-campanha.ghtml,g1.globo.com,saude_ciencia,2020-10-31,6
36df71c2dd14d924868a6d6d2876897ef2e5b2b0,1,-0.101090,0.175293,Formulário que pede dados para receber benefício emergencial é falso : Projeto Comprova,https://projetocomprova.com.br/publicações/formulario-que-pede-dados-para-receber-beneficio-emergencial-e-falso/,projetocomprova.com.br,economia,2021-03-05,1
bbf90c4dca3315ad9e8a86cc56680ac5f644c6e9,4,0.288953,0.049670,Tuíte engana ao afirmar que sol mata o coronavírus : Projeto Comprova,https://projetocomprova.com.br/publicações/tuite-engana-ao-afirmar-que-sol-mata-o-coronavirus/,projetocomprova.com.br,saude_ciencia,2020-10-07,1
588b8731e9a924744ce0f1e08593dc64f82aa15b,7,0.057361,0.174448,Áudio de Doria prova que vacina Coronavac é apenas um plano para derrubar Bolsonaro #boato,https://www.boatos.org/politica/audio-doria-prova-vacina-coronavac-apenas-plano-derrubar-bolsonaro.html,boatos.org,politica_eleicoes,2021-04-10,1
75514c4505f4319bc59eefd9c35e99e6dd631941,7,-0.245968,0.060706,José Sarney fez discurso na ONU falando inglês com forte sotaque #boato,https://www.boatos.org/politica/jose-sarney-discurso-onu-falando-ingles.html,boatos.org,politica_eleicoes,2019-10-15,1
1a73c3e2b0b4492e4bde263b92cc7f59e5655d9e,5,-0.049345,-0.056497,Vídeo mostra o mais novo lançamento em termos de óculos de realidade aumentada?,https://www.e-farsas.com/video-mostra-o-mais-novo-lancamento-em-termos-de-oculos-de-realidade-aumentada.html,e-farsas.com,politica_eleicoes,2020-07-28,1
0837af925a2d48af0bddcbfc0ff00f226adc8f53,2,0.380543,-0.015509,Médica usa informações falsas em vídeo para falar em cura da covid-19 : Projeto Comprova,https://projetocomprova.com.br/publicações/medica-usa-informacoes-falsas-em-video-para-falar-em-cura-da-covid-19/,projetocomprova.com.br,saude_ciencia,2020-10-07,4
23956bd79f84c035fcdd67899fdb40bf40ce81b7,6,-0.164292,-0.280642,Um cachorro viajou 100 km para morder seu ex-dono que o abandonou?,https://www.e-farsas.com/um-cachorro-viajou-100-km-para-morder-seu-ex-dono-que-o-abandonou.html,e-farsas.com,golpes_plataformas,2019-12-30,1
c45deb8a9a6ea1d6fe4273e98247cbf3152ee096,6,0.056511,-0.283882,Chinesa é presa em supermercado na Austrália após espirrar e cuspir em frutas #boato,https://www.boatos.org/mundo/chinesa-presa-supermercado-na-australia-espirrar-cuspir-frutas.html,boatos.org,saude_ciencia,2020-03-28,1
d80e2ced927e7efaad03414e1e59c4b1a986bc8c,1,-0.040163,0.129841,Um casal de aposentados cometeu suicídio devido ao modelo de Previdência do Chile?,https://www.e-farsas.com/um-casal-de-aposentados-cometeu-suicidio-devido-ao-modelo-de-previdencia-do-chile.html,e-farsas.com,economia,2019-02-28,6
dd887e0b2fab472a9b794f4b4d013338912006e1,7,-0.279936,0.104908,TV do Uruguai revela que Lula tem uma mansão em Punta Del Este! Será verdade?,https://www.e-farsas.com/tv-do-uruguai-revela-que-lula-tem-uma-mansao-em-punta-del-este-sera-verdade.html,e-farsas.com,politica_eleicoes,2019-02-13,1
7af4dba1f77b1850988c1150d73fc9224baf3438,6,-0.041003,-0.188843,Homem bateu na esposa após confundir sua meia-calça com uma cobra de verdade?,https://www.e-farsas.com/homem-bateu-na-esposa-apos-confundir-sua-meia-calca-com-uma-cobra-de-verdade.html,e-farsas.com,golpes_plataformas,2019-03-15,1
e38a1c55917eec937ddaf9d885e6183426f989a1,3,-0.007924,-0.192919,Skol dá iPhone 12 Pro e Samsung Galaxy S21 em pesquisa de satisfação no WhatsApp #boato,https://www.boatos.org/tecnologia/skol-iphone-12-pro-samsung-galaxy-s21-pesquisa-satisfacao-whatsapp.html,boatos.org,golpes_plataformas,2021-03-08,1
5b633a5554a684ffb630d4ada23193ea74024164,0,0.336609,0.120702,Infecção de Rodrigo Faro não prova ineficácia da vacina contra a covid-19 : Projeto Comprova,https://projetocomprova.com.br/publicações/infeccao-de-rodrigo-faro-nao-prova-ineficacia-da-vacina-contra-a-covid-19/,projetocomprova.com.br,saude_ciencia,2021-07-13,1
2933dacb512fe320d3d73ce25293eacbfa1a1e26,3,-0.096898,-0.245700,Copiar e colar texto “obrigada pela dica para mudar o Facebook” faz você ter perfil totalmente novo #boato,https://www.boatos.org/tecnologia/copiar-e-colar-texto-obrigada-pela-dica-para-mudar-o-facebook-faz-voce-ter-perfil-totalmente-novo.html,boatos.org,golpes_plataformas,2021-06-02,1
aeede3390bbbf950ee528b9263513fda30e54e4e,4,0.143986,-0.182183,"Os fios pretos dentro das máscaras não são parasitas, mas fibras têxteis inofensivas",https://checamos.afp.com//os-fios-pretos-dentro-das-mascaras-nao-sao-parasitas-mas-fibras-texteis-inofensivas,checamos.afp.com,saude_ciencia,2024-04-17,3
117335119a48c4d8f2cb62c3be4734e716eaaf58,6,-0.128599,-0.094937,"Anita Roddick, dona da rede The Body Shop, foi roubada pelo Cacique Raoni?",https://www.e-farsas.com/anita-roddick-dona-da-rede-the-body-shop-foi-roubada-pelo-cacique-raoni.html,e-farsas.com,meio_ambiente,2019-09-28,1
4d3d6755553cd6eef49dd10291593a11bf000202,7,-0.266673,0.249360,"Bolsonaro: ""2 de abril de 1964 não existe"" no Diário do Congresso. Será?",https://noticias.uol.com.br/confere/ultimas-noticias/2019/03/28/bolsonaro-2-de-abril-de-1964-nao-existe-no-diario-do-congresso-sera.htm,noticias.uol.com.br,politica_eleicoes,2019-03-28,2
10943007afe9afe96054cdd1d2a2f9f4788efe1b,6,-0.036769,-0.004163,Um estudo apontou que as pessoas com letra feia são as mais inteligentes?,https://www.e-farsas.com/um-estudo-apontou-que-as-pessoas-com-letra-feia-sao-as-mais-inteligentes.html,e-farsas.com,saude_ciencia,2019-01-09,4
da38f93eae427a3c7967bd5d57548a838e673db0,6,-0.078211,-0.023482,Deputada disse que os negros são um câncer e a ameaçam a sociedade de Israel?,https://www.e-farsas.com/deputada-disse-que-os-negros-sao-um-cancer-e-a-ameacam-a-sociedade-de-israel.html,e-farsas.com,internacional,2020-01-02,2
1060eded59c9438f36b61f17ee5c1fe1bc61217e,5,-0.200506,0.297406,"Sistema de voto eletrônico pode ser auditado, ao contrário do que afirma post : Projeto Comprova",https://projetocomprova.com.br/publicações/sistema-de-voto-eletronico-pode-ser-auditado-ao-contrario-do-que-afirma-post/,projetocomprova.com.br,politica_eleicoes,2020-11-13,2
dbc001ad1ba4203f3aa41de94e113a239dfc6a72,4,0.063928,0.079893,"Alexandre Garcia diz, em texto sobre coronavírus, quarentena e Bolsonaro, que sociedade já escolheu sacrificar almas #boato",https://www.boatos.org/saude/alexandre-garcia-texto-coronavirus-quarentena-bolsonaro-sociedade-escolheu-sacrificar-almas.html,boatos.org,politica_eleicoes,2020-04-05,2
b7e1444db7a8cca6616acbc828ced1a3a52d5499,4,0.301711,0.011871,É falso que testes são manipulados e pandemia é uma farsa : Projeto Comprova,https://projetocomprova.com.br/publicações/e-falso-que-testes-sao-manipulados-e-pandemia-e-uma-farsa/,projetocomprova.com.br,saude_ciencia,2020-10-07,3
b8a7c880e63951b55beed1fe4a31c84874fa60ad,1,-0.117164,0.066073,"Post enganoso associa, sem provas, ONGs da Amazônia à exploração mineral",https://noticias.uol.com.br/comprova/ultimas-noticias/2019/08/26/ongs-da-amazonia-nao-estao-associadas-a-exploracao-de-riquezas-minerais.htm,noticias.uol.com.br,meio_ambiente,2019-08-26,1
94969b2b84684e00c42601c113bf90e50ec3c924,4,0.118166,-0.154685,"Torre Eiffel, iluminada pela empresa Ximénez, faz homenagem a vítimas da Covid-19 #boato",https://www.boatos.org/mundo/torre-eiffel-iluminada-empresa-ximenez-faz-homenagem-vitimas-da-covid-19.html,boatos.org,saude_ciencia,2020-12-12,1
6cf9b05538cc0e75fb75806e9b99e0430b1e2c12,1,-0.201328,0.334234,Post exagera ao creditar só a Bolsonaro recursos para educação e Amazônia,https://noticias.uol.com.br/comprova/ultimas-noticias/2019/09/13/post-exagera-ao-creditar-so-a-bolsonaro-recursos-para-educacao-e-amazonia.htm,noticias.uol.com.br,politica_eleicoes,2019-09-13,2
55eb7a7caf1cfbc2fed7b9c312d6cfcb4c53bfb8,7,-0.195885,-0.008885,"Padre Marcelo Rossi grava áudio sobre situação do Brasil, Bolsonaro e comunismo #boato",https://www.boatos.org/religiao/padre-marcelo-rossi-grava-audio-brasil-bolsonaro-comunismo.html,boatos.org,politica_eleicoes,2020-07-28,1
f98d02a601b5a535ad060ff0f62c1d26f0904f29,6,-0.141683,-0.031369,"O bombeiro conhecido como ""Alagoano"" morreu após resgatar 4 sobreviventes em Brumadinho?",https://www.e-farsas.com/o-bombeiro-conhecido-como-alagoano-morreu-apos-resgatar-4-sobreviventes-em-brumadinho.html,e-farsas.com,politica_eleicoes,2019-02-04,2
e6ecaff96f13b485ca1dbab181adc8fe82105929,4,0.050703,-0.071285,"O vídeo da reabertura de um shopping em Santa Catarina foi editado, a música do meme do caixão não estava tocando",https://checamos.afp.com//o-video-da-reabertura-de-um-shopping-em-santa-catarina-foi-editado-musica-do-meme-do-caixao-nao,checamos.afp.com,golpes_plataformas,2024-11-28,2
46c82e3d6bfee608b86383756443a0a3ec781c2a,1,-0.179687,0.218032,Posts inflam impacto de doação de máquina israelense para exaltar Bolsonaro,https://noticias.uol.com.br/comprova/ultimas-noticias/2021/06/14/posts-inflam-impacto-de-doacao-de-maquina-israelense-para-exaltar-bolsonaro.htm,noticias.uol.com.br,politica_eleicoes,2021-06-14,2
3e2ecdb7917c1814720b5f80fabb7d36e1f00bbe,0,0.399649,-0.029777,É #FAKE que vacinação em massa cria variantes do vírus e agrava a pandemia | G1,https://g1.globo.com/fato-ou-fake/coronavirus/noticia/2021/05/27/e-fake-que-vacinacao-em-massa-cria-variantes-do-virus-e-agrava-a-pandemia.ghtml,g1.globo.com,saude_ciencia,2021-05-27,2
15fa52cd8c0592c37acd35ad235966e525021962,7,0.026228,0.307783,David Uip não deixou chefia do combate à Covid-19 por ser contra isolamento,https://noticias.uol.com.br/comprova/ultimas-noticias/2020/05/15/david-uip-nao-deixou-chefia-do-combate-a-covid-19-por-ser-contra-isolamento.htm,noticias.uol.com.br,saude_ciencia,2020-05-15,1
91d5945ba4b40376ef3993dd9a6860ac72debc54,6,-0.072191,-0.029827,Usina de Itaipu está em alerta vermelho e pode estourar por causa de chuvas #boato,https://www.boatos.org/brasil/usina-itaipu-alerta-vermelho-estourar.html,boatos.org,internacional,2019-05-15,1
dcf8d3eef183533300309d997121fb186e884e3d,7,-0.253736,-0.013228,Caminhão que estava indo para a Venezuela foi apreendido pela PRF com milhares de dólares #boato,https://www.boatos.org/brasil/caminhao-indo-venezuela-apreendido-prf-dolares.html,boatos.org,economia,2019-09-27,1
e7a4c110ae3dae5c1ea16d7d52012867987d5558,4,0.424425,0.041925,"Os assintomáticos podem sim transmitir o vírus e não espalham anticorpos, dizem especialistas",https://checamos.afp.com//os-assintomaticos-podem-sim-transmitir-o-virus-e-nao-espalham-anticorpos-dizem-especialistas,checamos.afp.com,saude_ciencia,2024-11-29,2
86e157d983fd93802f9ecb693c6db935f567fb62,1,-0.092501,0.322816,Bolsonaro distorce dados de emprego e repete suspeitas sem base sobre urnas,https://noticias.uol.com.br/confere/ultimas-noticias/2021/07/01/checagem-live-bolsonaro-voto-impresso-urna-eletronica-empregos.htm,noticias.uol.com.br,politica_eleicoes,2021-07-01,2
67987361dda7a5aae44135442de3144f48c9eeb3,0,0.357905,0.111853,Postagens enganosas sobre os “riscos” de cada vacina contra covid-19 não consideram os benefícios,https://checamos.afp.com//http%253A%252F%252Fdoc.afp.com%252F9KZ2DT-1,checamos.afp.com,saude_ciencia,2026-01-15,1
99e4a22c6a09b6181c2a4ebdfbda39982eb45f1c,6,-0.145920,-0.078222,Gene Kelly se inspirou no frevo de Recife para criar Cantando na Chuva #boato,https://www.boatos.org/entretenimento/gene-kelly-se-inspirou-frevo-recife-cantando-na-chuva.html,boatos.org,meio_ambiente,2021-02-16,1
f512dd72a830f6230ee2b5eee3eb1b7d920afacb,6,-0.121150,-0.157126,"É #FAKE que uniforme escolar 'ensanguentado' seja da menina Ágatha, morta no Rio | G1",https://g1.globo.com/fato-ou-fake/noticia/2019/09/25/e-fake-que-foto-de-uniforme-escolar-ensanguentado-seja-da-menina-agatha-morta-no-rio.ghtml,g1.globo.com,golpes_plataformas,2019-09-25,1
9be2fd756fb6a68741af465fb9428ef1f775ef5d,7,-0.131996,0.189185,Frase de Daniel Alves de 2019 é tirada de contexto para defender Bolsonaro e atacar Tite sobre Copa América : Projeto Comprova,https://projetocomprova.com.br/publicações/frase-de-daniel-alves-de-2019-e-tirada-de-contexto-para-defender-bolsonaro-e-atacar-tite-sobre-copa-america/,projetocomprova.com.br,politica_eleicoes,2021-06-11,1
76ba5a530ecf85ece493bdb4cb3229844b5a77b6,5,-0.154572,0.239003,Site omite que pesquisa com vantagem para Bolsonaro foi feita apenas em SC,https://noticias.uol.com.br/comprova/ultimas-noticias/2021/07/23/site-omite-que-pesquisa-com-vantagem-para-bolsonaro-foi-feita-apenas-em-sc.htm,noticias.uol.com.br,politica_eleicoes,2021-07-23,1
066529573050d25b2ffb581b772bcab1d2eaa8d8,4,0.143987,-0.209328,É #FAKE que vídeo mostre mulher ainda viva e mexendo os braços sendo ensacada e considerada morta por Covid-19 | G1,https://g1.globo.com/fato-ou-fake/coronavirus/noticia/2021/03/31/e-fake-que-video-mostre-mulher-ainda-viva-e-mexendo-os-bracos-sendo-ensacada-e-considerada-morta-por-covid-19.ghtml,g1.globo.com,saude_ciencia,2021-03-31,1
8524867c4d732e33923978d854be73d08853a69d,6,-0.045507,-0.163208,Uma nova lei na Escócia determinou que alunos de 4 anos podem mudar de gênero sem consentimento dos pais?,https://www.e-farsas.com/uma-nova-lei-na-escocia-determinou-que-alunos-de-4-anos-podem-mudar-de-genero-sem-consentimento-dos-pais.html,e-farsas.com,politica_eleicoes,2021-08-18,2
43b6d1b61591e7156fbeb88449ec8c27e2be63b4,4,0.203740,0.148845,Fala da OMS é tirada de contexto para dizer que órgão é contra isolamento,https://noticias.uol.com.br/comprova/ultimas-noticias/2020/05/06/fala-da-oms-e-tirada-de-contexto-para-dizer-que-orgao-e-contra-isolamento.htm,noticias.uol.com.br,saude_ciencia,2020-05-06,1
d6b997278ec0df49a8c6e516f0c21af1bf2f24f9,6,-0.120788,-0.111443,Vídeo mostra chuva de granizo em shopping de Maringá (Botucatu) #boato,https://www.boatos.org/brasil/video-chuva-granizo-shopping-maringa-botucatu.html,boatos.org,meio_ambiente,2019-11-03,1
de8052c92c2946e8fd577d8840d4f2ed12291b34,4,0.088152,0.056012,Registros de óbitos em cartório mostram que 2019 teve mais mortes que 2020 nos 6 primeiros meses do ano #boato,https://www.boatos.org/brasil/registros-obitos-cartorio-mostram-2019-mais-mortes-2020.html,boatos.org,saude_ciencia,2020-07-20,1
85786d0dc04ec13a5b482789ef2439f6940cd585,4,0.142307,0.228801,Ex-ministro usa dados imprecisos para questionar distanciamento social,https://noticias.uol.com.br/comprova/ultimas-noticias/2020/10/20/ex-ministro-usa-dados-imprecisos-para-questionar-distanciamento-social.htm,noticias.uol.com.br,saude_ciencia,2020-10-20,4
9092b01cfb6cc614c72e1922a30923724c697e63,4,0.114481,0.058827,STF autoriza criação de campos de concentração para não vacinados contra Covid-19 #boato,https://www.boatos.org/saude/stf-autoriza-criacao-campos-concentracao-nao-vacinados-contra-covid-19.html,boatos.org,seguranca_justica,2021-04-09,1
7969f1980c95a669784c577e5eb7f813fcf3ea0a,7,-0.250593,0.106802,É #FAKE que áudio que fala em afastar ministros do STF foi feito pelo general Braga Netto | G1,https://g1.globo.com/fato-ou-fake/noticia/2019/10/05/e-fake-que-audio-que-fala-em-afastar-ministros-do-stf-foi-feito-pelo-general-braga-netto.ghtml,g1.globo.com,seguranca_justica,2019-10-05,1
c3e1d38013b5cefc0057efa184c1a4a4e453e160,2,0.373026,0.222210,Hidroxicloroquina no início da covid-19 não descarta necessidade de UTI : Projeto Comprova,https://projetocomprova.com.br/publicações/hidroxicloroquina-no-inicio-da-covid-19-nao-descarta-necessidade-de-uti/,projetocomprova.com.br,saude_ciencia,2021-03-05,2
5bfde94fb0ca4af464ac5e55da61a1e522086344,7,-0.142353,-0.029082,É #FAKE que senador Fabiano Contarato (Rede-ES) defendeu anulação de todos os julgamentos da Lava Jato | G1,https://g1.globo.com/fato-ou-fake/noticia/2019/06/25/e-fake-que-senador-fabiano-contarato-rede-es-defendeu-anulacao-de-todos-os-julgamentos-da-lava-jato.ghtml,g1.globo.com,politica_eleicoes,2019-06-25,2
ef0eda244bc6008d6704bae4d73e5a1eca2c2b89,2,0.118253,0.264854,É enganoso post de Carlos Bolsonaro que acusa Flávio Dino de defender uso da cloroquina contra covid-19 : Projeto Comprova,https://projetocomprova.com.br/publicações/e-enganoso-post-de-carlos-bolsonaro-que-acusa-flavio-dino-de-defender-uso-da-cloroquina-contra-covid-19/,projetocomprova.com.br,saude_ciencia,2021-05-12,1
a6725d3505fdc4e8091fa8367d98e2152185cd4f,7,-0.196089,0.020205,Vídeo incrível mostra como Bolsonaro vai construir a ponte do Xingu #boato,https://www.boatos.org/politica/video-bolsonaro-vai-construir-ponte-xingu.html,boatos.org,politica_eleicoes,2020-07-23,1
1d41aa0d1c4ada567a4786021dc0f61705902aac,4,0.257841,0.059840,Vídeo usa ação coletiva infundada para dizer que pandemia é crime contra a humanidade : Projeto Comprova,https://projetocomprova.com.br/publicações/video-usa-acao-coletiva-infundada-para-dizer-que-pandemia-e-crime-contra-a-humanidade/,projetocomprova.com.br,saude_ciencia,2020-10-28,7
f7608813c06b01a107ef8a052b054ef83a7384dd,7,-0.202655,-0.046195,Aluno da UnB sofre rompimento no ânus durante protesto contra o MEC #boato,https://www.boatos.org/brasil/aluno-unb-anus-protesto.html,boatos.org,politica_eleicoes,2019-05-09,2
0c573ffc4357b855eb6636297b850ba0cdfce9b8,6,0.049346,-0.192152,Óleo de soja é feito de soda cáustica e foi criado como combustível #boato,https://www.boatos.org/saude/oleo-soja-feito-soda-caustica.html,boatos.org,golpes_plataformas,2018-12-02,1
92aa8f5235860c9c22436241eb1228eb2459fc08,0,0.280504,0.037518,Vacinas podem causar depressão grave induzindo ao suicídio?,https://www.e-farsas.com/vacinas-podem-podem-causar-depressao-grave-induzindo-ao-suicidio.html,e-farsas.com,saude_ciencia,2020-11-12,3
27317e6a22be5bbb49b0968f447be10083d64700,0,0.319935,0.017191,"Fiocruz foi responsável por desenvolver a vacina de Oxford, que está na fase 3 #boato",https://www.boatos.org/saude/fiocruz-desenvolveu-vacina-de-oxford.html,boatos.org,saude_ciencia,2020-07-16,1
42f73bf772238c7ac793740ffd4c0a2458a692e4,7,-0.256136,0.010855,É #FAKE que Moro fez post dizendo admirar 'sapiência e prudência' de Rodrigo Maia | G1,https://g1.globo.com/fato-ou-fake/noticia/2020/04/27/e-fake-que-moro-fez-post-dizendo-admirar-sapiencia-e-prudencia-de-rodrigo-maia.ghtml,g1.globo.com,politica_eleicoes,2020-04-27,2
7b3c52b0f6ae8536c6a1475e5671cef4a4e3aeac,2,0.322596,0.029622,"Por causa do ácido tânico e polifenóis, vinho previne a Covid-19 #boato",https://www.boatos.org/saude/beber-vinho-previne-covid-19-por-causa-acido-tanico-polifenois.html,boatos.org,saude_ciencia,2021-07-05,1
66d844b1f2ef4b077be91bf7e466740cd463fa58,6,-0.150786,-0.124850,Sr. Sakamoto está perdido na rodovia Raposo Tavares em Cotia (SP) #boato,https://www.boatos.org/brasil/sakamoto-perdido-rodovia-raposo-tavares-cotia.html,boatos.org,seguranca_justica,2020-02-21,1
459d6b7eae072c3d70494155891e5a743f4fd485,6,-0.126012,-0.122399,"Será verdade que Jair Bolsonaro disse: ""Jogue-me aos lobos e voltarei liderando o cardume""?",https://www.e-farsas.com/sera-verdade-que-jair-bolsonaro-disse-jogue-me-aos-lobos-e-voltarei-liderando-o-cardume.html,e-farsas.com,politica_eleicoes,2019-10-19,1
bedd11553ae35f5d348e8350ad847f0e6fc0fc71,4,0.166911,0.080580,Brasil não teve nenhuma morte por dengue registrada em 2021 #boato,https://www.boatos.org/saude/brasil-nao-teve-morte-por-dengue-2021.html,boatos.org,saude_ciencia,2021-03-28,1
ae33ab5bb93904a8f9defdb4949d0d90e6a7f741,5,-0.207501,0.078771,"Vídeo de acampamento em Brasília mostra mobilização indígena, não preparação para 7 de Setembro : Projeto Comprova",https://projetocomprova.com.br/publicações/video-de-acampamento-em-brasilia-mostra-mobilizacao-indigena-nao-preparacao-para-7-de-setembro/,projetocomprova.com.br,politica_eleicoes,2021-09-01,1
cdc79315c810eefd089cbb6f164d7a3b1a5ddb25,3,-0.089384,-0.155818,"Facebook anuncia compra do Telegram por US$ 24,5 bilhões #boato",https://www.boatos.org/tecnologia/facebook-anuncia-compra-telegram-us-245-bilhoes.html,boatos.org,golpes_plataformas,2021-01-12,1
867bcb18aa2d8d0d542afdd2cc6778af348fb0b3,6,-0.139970,-0.084053,Anitta disse que admira o homem que matou Hitler em post de 2010 no Twitter #boato,https://www.boatos.org/entretenimento/anitta-disse-admira-homem-matou-hitler-twitter.html,boatos.org,politica_eleicoes,2019-10-08,1
48ab46b0dbf5530d47f4c6fd64989639822ea3f1,4,0.061950,-0.168819,Band saiu do ar porque Datena anunciaria a cura do coronavírus e recebeu ligação misteriosa da China #boato,https://www.boatos.org/entretenimento/band-saiu-do-ar-datena-anunciaria-cura-coronavirus-recebeu-ligacao-misteriosa-china.html,boatos.org,saude_ciencia,2020-03-29,2
18874959b6b095f3f168c29a6d987a8bb6a93b53,0,0.324029,0.205860,"Vacinas contra a covid-19 usadas no Brasil passaram por testes de segurança, ao contrário do que diz deputado : Projeto Comprova",https://projetocomprova.com.br/publicações/vacinas-contra-a-covid-19-usadas-no-brasil-passaram-por-testes-de-seguranca-ao-contrario-do-que-diz-deputado/,projetocomprova.com.br,saude_ciencia,2021-06-18,2
66c9437abdd69893645823a63d28f6424973ee6c,4,0.129282,0.185569,Posicionamento da OMS é retirado de contexto para apoiar falas de Bolsonaro contra o isolamento social : Projeto Comprova,https://projetocomprova.com.br/publicações/posicionamento-da-oms-e-retirado-de-contexto-para-apoiar-falas-de-bolsonaro-contra-o-isolamento-social/,projetocomprova.com.br,saude_ciencia,2021-05-03,1
ad9025e6e2285036ac175de1e2788277c11934b4,6,0.047577,-0.138461,"Pés gelados podem causar infarto e, por isso, devem ficar protegidos #boato",https://www.boatos.org/saude/pes-gelados-podem-causar-infarto-devem-ficar-protegidos.html,boatos.org,saude_ciencia,2021-07-01,1
df0d83b6159a4ec048339133090cd67f7d1fa4e5,7,-0.204689,0.029884,André Rieu faz homenagem ao presidente Jair Bolsonaro em vídeo #boato,https://www.boatos.org/entretenimento/andre-rieu-homenagem-presidente-jair-bolsonaro-video.html,boatos.org,politica_eleicoes,2020-03-11,1
5cf05b6fc48f658167a5e2b8379dacaea2d878a2,1,-0.086967,-0.008407,Ministra Damares Alves cria projeto que limita sexo apenas apenas para procriação #boato,https://www.boatos.org/politica/damares-alves-projeto-sexo-reproducao.html,boatos.org,golpes_plataformas,2019-03-26,1
ce2bd7fc5f04009e2e3cab963073b295e55bb236,7,-0.257826,0.090817,PT entra na Justiça para evitar que Bolsonaro acabe com a seca no Nordeste #boato,https://www.boatos.org/politica/pt-entra-justica-evitar-bolsonaro-acabe-seca-nordeste.html,boatos.org,politica_eleicoes,2020-07-26,1
c428026c85bb841d059b48ce6bb0c01003af212c,7,-0.208614,0.070351,Michelle Bolsonaro intervém a favor dos animais atingidos em Brumadinho #boato,https://www.boatos.org/politica/michelle-bolsonaro-animais-brumadinho.html,boatos.org,politica_eleicoes,2019-01-28,1
66ef0bfaedbbd7098340939b9f8502d2b9b29213,2,0.420589,0.214588,Publicação distorce informações sobre protocolos para uso de medicamentos contra a covid-19 : Projeto Comprova,https://projetocomprova.com.br/publicações/publicacao-distorce-informacoes-sobre-protocolos-para-uso-de-medicamentos-contra-a-covid-19/,projetocomprova.com.br,saude_ciencia,2021-03-05,1
05b945bafcd480e6552411873af093c768db4b56,0,0.371405,0.004863,É #FAKE que três jovens morreram depois de tomar CoronaVaC | G1,https://g1.globo.com/fato-ou-fake/coronavirus/noticia/2020/09/15/e-fake-que-tres-jovens-morreram-depois-de-tomar-coronavac.ghtml,g1.globo.com,saude_ciencia,2020-09-15,1
a7b63a5c0ca8872bd9ff931dd598b7b219ac9e84,4,0.217739,-0.079848,Covid-19 é uma farsa criada para venda de órgãos no mercado negro #boato,https://www.boatos.org/saude/covid-19-farsa-criada-venda-de-orgaos-mercado-negro.html,boatos.org,saude_ciencia,2021-01-29,1
f3d94f36687f1b11cb9c0b6b602c5b26309bac9b,0,0.148849,0.092624,Cadastro do Conecte SUS será obrigatório para se vacinar contra Covid-19 #boato,https://www.boatos.org/saude/cadastro-conecte-sus-obrigatorio-vacinar-covid-19.html,boatos.org,golpes_plataformas,2021-01-10,1
36d7bd3a4bc4eeb36fe2c94ca4f47d27258cacc6,1,-0.037462,0.208350,Veja o que é #FATO ou #FAKE nas declarações dos candidatos à Prefeitura de Belo Horizonte na 2ª semana de campanha | G1,https://g1.globo.com/fato-ou-fake/noticia/2020/10/09/veja-o-que-e-fato-ou-fake-nas-declaracoes-dos-candidatos-a-prefeitura-de-belo-horizonte-na-2a-semana-de-campanha.ghtml,g1.globo.com,saude_ciencia,2020-10-09,1
dc90488264dfdffa4db31375cf96e05fb941c677,7,-0.256251,0.045599,Exército e manifestantes cercaram o STF para prender os 11 ministros da corte #boato,https://www.boatos.org/politica/exercito-manifestantes-cercaram-stf-prender-ministros.html,boatos.org,seguranca_justica,2019-10-17,1
8cf6ac32b874027cc5eb2475622fbdce86907de8,2,0.464901,0.121296,Não há relação comprovada entre casos de paralisia facial e vacina da Pfizer contra covid-19,https://checamos.afp.com//nao-ha-relacao-comprovada-entre-casos-de-paralisia-facial-e-vacina-da-pfizer-contra-covid-19,checamos.afp.com,saude_ciencia,2024-04-17,1
0b546f1ec40d5642bb3bcebe4197eff812bfcf80,7,-0.213001,0.142656,Doria ofereceu terreno a Silvio Santos em troca de apoio político #boato,https://www.boatos.org/politica/doria-ofereceu-terreno-silvio-santos-troca-apoio-politico.html,boatos.org,politica_eleicoes,2021-04-08,1
84e5cde91b91136145abc5a645d20bd13253a68a,4,0.350583,0.000735,Estudo revelou que tutores de gatos podem ser mais resistentes à COVID-19?,https://www.e-farsas.com/estudo-revelou-que-tutores-de-gatos-podem-ser-mais-resistentes-a-covid-19.html,e-farsas.com,saude_ciencia,2020-07-03,2
094e06340be452deb702d8661fa5b87a5c91578d,7,-0.220554,-0.102449,"Martinelli e Owande criticam decisão do STF, Lula e o PT na Acij em Joinville #boato",https://www.boatos.org/politica/martinelli-owande-decisao-stf-lula-pt-acij-joinville.html,boatos.org,politica_eleicoes,2019-11-11,1
706909d79b00d9afbaff94f3de34630b01173260,7,-0.074804,0.173707,Desembargador e advogados não acionaram Forças Armadas contra STF e governadores : Projeto Comprova,https://projetocomprova.com.br/publicações/desembargador-e-advogados-nao-acionaram-forcas-armadas-contra-stf-e-governadores/,projetocomprova.com.br,politica_eleicoes,2021-03-05,1
1dc1e8dbb5436c91678233dd6a81c850130a48a0,3,-0.087984,0.040346,"É #FAKE que a reforma da Previdência acaba com seguro-desemprego, PIS e licença remunerada | G1",https://g1.globo.com/fato-ou-fake/noticia/2019/07/18/e-fake-que-a-reforma-da-previdencia-acaba-com-seguro-desemprego-pis-e-licenca-remunerada.ghtml,g1.globo.com,economia,2019-07-18,1
cacd2bd08c5328e9991b84a6efce8b6cfd1f2e0c,7,-0.275486,0.025553,A Operação Lava Jato caiu numa fake news envolvendo Lula e um crucifixo!,https://www.e-farsas.com/a-operacao-lava-jato-caiu-numa-fake-news-envolvendo-lula-e-um-crucifixo.html,e-farsas.com,politica_eleicoes,2021-03-13,2
85a963737082f05626622765b28753f14812bb94,3,-0.095056,-0.106525,STF divulga lista de sites e páginas que espalham fake news e desinformação #boato,https://www.boatos.org/politica/stf-divulga-lista-sites-paginas-espalham-fake-news-desinformacao.html,boatos.org,seguranca_justica,2020-07-10,1
8900ede2ba7196d729f37b186bec56f92babb1d9,1,-0.111881,0.240724,O ministro Sérgio Moro mandou retirar as tomadas dos presídios?,https://www.e-farsas.com/o-ministro-sergio-moro-mandou-retirar-as-tomadas-dos-presidios.html,e-farsas.com,golpes_plataformas,2019-01-16,2
43372f5b009c084adccd12c5f4e8bc31514b6ca5,4,0.211186,-0.126866,É #FAKE que pesquisa da USP comprovou que pessoas confinadas são mais propensas a contrair o coronavírus | G1,https://g1.globo.com/fato-ou-fake/coronavirus/noticia/2020/08/18/e-fake-que-pesquisa-da-usp-comprovou-que-pessoas-confinadas-sao-mais-propensas-a-contrair-o-coronavirus.ghtml,g1.globo.com,saude_ciencia,2020-08-18,2
bf2d5ed4824e8f3099e55af8e27cfdc11ade4e3d,2,0.339676,0.126444,Veja o que é #FATO ou #FAKE nas declarações da médica Nise Yamaguchi na CPI da Covid | G1,https://g1.globo.com/fato-ou-fake/noticia/2021/06/01/veja-o-que-e-fato-ou-fake-nas-declaracoes-da-medica-nise-yamaguchi-na-cpi-da-covid.ghtml,g1.globo.com,saude_ciencia,2021-06-01,3
38f5e2c5463da3d767e6b62e296902e791909c7b,7,-0.241387,-0.012722,Foragido da Justiça é assessor do ministro do STF Dias Toffoli?,https://www.e-farsas.com/foragido-da-justica-e-assessor-do-ministro-do-stf-dias-toffoli.html,e-farsas.com,seguranca_justica,2021-05-13,1
d29f848d6f43c2d199a707f6956b3145fa80aa33,7,-0.204250,0.185846,Publicações enganam ao associar Bolsonaro à aprovação de verba para filme sobre sua eleição : Projeto Comprova,https://projetocomprova.com.br/publicações/publicacoes-enganam-ao-associar-bolsonaro-a-aprovacao-de-verba-para-filme-sobre-sua-eleicao/,projetocomprova.com.br,politica_eleicoes,2021-03-05,3
58a9110334213fef6c9ff2504c8a3e02cd94c70b,6,-0.110473,-0.132876,É #FAKE que vídeo mostre diamante levado da Amazônia por ONGs | G1,https://g1.globo.com/fato-ou-fake/noticia/2019/09/17/e-fake-que-video-mostre-diamante-levado-da-amazonia-por-ongs.ghtml,g1.globo.com,meio_ambiente,2019-09-17,1
2873042ed7e472391dca93a0812299b00ada625b,3,0.181601,-0.238718,É #FAKE que imagem mostre vacina contra o coronavírus feita por cientistas dos EUA | G1,https://g1.globo.com/fato-ou-fake/noticia/2020/03/23/e-fake-que-imagem-mostre-vacina-contra-o-coronavirus-feita-por-cientistas-dos-eua.ghtml,g1.globo.com,saude_ciencia,2020-03-23,1
2acb0fd2d034cbb5cd92510b71050deac4626590,3,-0.039192,-0.184770,"Flor muguet-du-bois deve ser enviada em 1º de dezembro, diz tradição francesa #boato",https://www.boatos.org/brasil/flor-muguet-du-bois-1-dezembro.html,boatos.org,golpes_plataformas,2018-12-02,2
5188fa32770ab410ac6a3fd59838cc77e8d2e278,6,-0.063720,-0.218382,Um piloto de Airbus A380 evitou um atentado terrorista na Argélia?,https://www.e-farsas.com/um-piloto-de-airbus-a380-evitou-um-atentado-terrorista-na-argelia.html,e-farsas.com,politica_eleicoes,2019-07-09,3
890841ba07b875b117ca7f2ed1299fc58cda7078,3,-0.084817,-0.191467,Faber-Castell está dando amostras grátis de lápis de cor em site no WhatsApp #boato,https://www.boatos.org/tecnologia/faber-castell-lapis-cor-whatsapp.html,boatos.org,golpes_plataformas,2019-01-06,1
da87d840f63eddf5330d68b73713f2ece8d82442,1,-0.255757,0.176555,Clarissa Garotinho erra dados sobre arrecadação e bloqueio de bens de Paes,https://noticias.uol.com.br/confere/ultimas-noticias/2020/10/26/clarissa-garotinho-erra-dados-sobre-arrecadacao-e-bloqueio-de-bens-de-paes.htm,noticias.uol.com.br,politica_eleicoes,2020-10-26,1
db152cf38e64d4bc141f1422595256134fdb403e,4,0.276274,0.076376,Site engana ao afirmar que Anvisa 'confessa ineficácia de máscaras' contra a covid : Projeto Comprova,https://projetocomprova.com.br/publicações/site-engana-ao-afirmar-que-anvisa-confessa-ineficacia-de-mascaras-contra-a-covid/,projetocomprova.com.br,saude_ciencia,2021-08-02,4
1849dff876b0749c1bd4664baf223e4e8334aa4d,7,-0.233536,0.076012,Editorial do O Globo aponta que Brasil não é mais presidencialista e pede intervenção #boato,https://www.boatos.org/politica/editorial-o-globo-pede-intervencao.html,boatos.org,politica_eleicoes,2019-06-02,1
e4cd34cc8f757676aa08e8b565426f8c363b46f7,7,-0.032486,0.197898,Exames de sangue provaram que Bolsonaro foi envenenado por chumbo?,https://www.e-farsas.com/exames-de-sangue-provaram-que-bolsonaro-foi-envenenado-por-chumbo.html,e-farsas.com,politica_eleicoes,2021-07-17,1
732060b0233f81af974597852973226dbb8e288d,7,-0.116646,0.068458,Maju Coutinho é afastada da Globo por causa de briga com Bolsonaro #boato,https://www.boatos.org/entretenimento/maju-coutinho-afastada-globo-causa-briga-bolsonaro.html,boatos.org,politica_eleicoes,2020-09-13,2
ebbb21338984e87f2e7e6efa2d9677a48c4fa912,4,0.116105,-0.118767,Cantora gospel Fabiana Anastácio gravou áudio alertando sobre Covid-19 no hospital #boato,https://www.boatos.org/religiao/cantora-gospel-fabiana-anastacio-audio-covid-19-hospital.html,boatos.org,saude_ciencia,2020-06-06,1
191e52e8996db691f4e777e377a7acb61e463b36,6,-0.164011,-0.088327,Vídeo de tiroteio em Fortaleza foi filmado para série sobre o jogador Tevez,https://noticias.uol.com.br/confere/ultimas-noticias/2019/01/23/video-tiroteio-fortaleza-ceara-falso.htm,noticias.uol.com.br,internacional,2019-01-23,1
2ec7392892ebd4e0201296a1899809cbf9a40cd7,2,0.467896,0.162153,A ivermectina não se mostrou eficaz na prevenção e tratamento da covid-19,https://checamos.afp.com//ivermectina-nao-se-mostrou-eficaz-na-prevencao-e-tratamento-da-covid-19,checamos.afp.com,saude_ciencia,2024-04-17,1
5d83c4a253247d842eb048e00c09adbfb8e3a5d9,4,0.404284,0.078896,EUA: Tabela com risco de transmissão de covid não foi divulgada por governo,https://noticias.uol.com.br/comprova/ultimas-noticias/2020/06/17/eua-tabela-com-risco-de-transmissao-de-covid-nao-foi-divulgada-por-governo.htm,noticias.uol.com.br,saude_ciencia,2020-06-17,2
d0b0c05920a0588853430df435aebe7062cf3437,7,-0.113792,0.001699,"Vladimir Putin faz discurso contra a ideologia de gênero, nova ordem mundial e homossexualismo #boato",https://www.boatos.org/mundo/vladimir-putin-discurso-contra-ideologia-de-genero-nova-ordem-mundial-homossexualismo.html,boatos.org,politica_eleicoes,2020-01-14,1
14db768b012449b1825c09d0e99d23e7dfafdb10,1,-0.233623,0.185409,Veja o que é #FATO ou #FAKE nas declarações dos candidatos à Prefeitura do Rio na 4ª semana de campanha | G1,https://g1.globo.com/fato-ou-fake/noticia/2020/10/23/veja-o-que-e-fato-ou-fake-nas-declaracoes-dos-candidatos-a-prefeitura-do-rio-na-4a-semana-de-campanha.ghtml,g1.globo.com,golpes_plataformas,2020-10-23,2
00c755dfad18ef84154900afbad4a678e089e0f9,0,0.330038,0.144559,Vacina que teve estudos suspensos no Peru não é a mesma testada no Brasil : Projeto Comprova,https://projetocomprova.com.br/publicações/vacina-que-teve-estudos-suspensos-no-peru-nao-e-a-mesma-testada-no-brasil/,projetocomprova.com.br,saude_ciencia,2020-12-15,2
6c8082f8e11e3da9495ea7bb0ce9780f7a60511f,2,0.392423,0.209372,Estudo da USP analisa eficácia da colchicina contra a covid-19 e não da hidroxicloroquina : Projeto Comprova,https://projetocomprova.com.br/publicações/estudo-da-usp-analisa-eficacia-da-colchicina-contra-a-covid-19-e-nao-da-hidroxicloroquina/,projetocomprova.com.br,saude_ciencia,2020-10-07,2
337d11e7846180518ca000e1db8eee68587843b6,7,-0.210389,-0.029204,"Foto de Maia, Alcolumbre e Toffoli é usada em fake news com prefeito de NY",https://noticias.uol.com.br/confere/ultimas-noticias/2019/05/28/foto-de-maia-alcolumbre-e-toffoli-e-usada-em-fake-news-com-prefeito-de-ny.htm,noticias.uol.com.br,politica_eleicoes,2019-05-28,1
4f1932646a7501f57d45eed7b22d783165ae6ebf,2,0.300766,0.179704,Médica cita estudos não conclusivos para sugerir conspiração contra cloroquina : Projeto Comprova,https://projetocomprova.com.br/publicações/medica-cita-estudos-nao-conclusivos-para-sugerir-conspiracao-contra-cloroquina/,projetocomprova.com.br,saude_ciencia,2020-10-07,1
27963658e06728b14aa1b90848dfe36d975d2b46,7,-0.281472,0.063129,Correios estão boicotando Bolsonaro e criação do partido Aliança Pelo Brasil #boato,https://www.boatos.org/politica/correios-boicotando-bolsonaro-partido-alianca-pelo-brasil.html,boatos.org,politica_eleicoes,2020-01-22,1
fe27d695eeede042e79146895d06e536f77747a1,6,0.076166,-0.106598,É #FAKE que novo verme chamado Simla Mirch esteja contaminando pimentões no Brasil | G1,https://g1.globo.com/fato-ou-fake/noticia/2019/08/26/e-fake-que-novo-verme-chamado-simla-mirch-esteja-contaminando-pimentoes.ghtml,g1.globo.com,saude_ciencia,2019-08-26,1
d2984374eabf4d566bedad525ec625ff72ad291a,3,-0.164874,-0.102807,Retire sua camiseta Lula Livre ao compartilhar link de site no WhatsApp #boato,https://www.boatos.org/tecnologia/retire-camiseta-lula-livre-compartilhar-link-whatsapp.html,boatos.org,golpes_plataformas,2019-11-16,1
dc9f7670674e115cb590a77bccae765e67c4ffbf,1,-0.216158,0.357526,É enganoso que Bolsonaro tenha liberado R$ 8 bilhões para a educação,https://noticias.uol.com.br/comprova/ultimas-noticias/2019/10/15/e-enganoso-que-bolsonaro-tenha-liberado-r-8-bilhoes-para-a-educacao.htm,noticias.uol.com.br,politica_eleicoes,2019-10-15,1
c998c33f0d71274c81c5834e7a2656c1cb8ab887,7,-0.109382,-0.002054,Polícia do Ceará atira em surfistas na praia do Futuro a mando de Camilo Santana #boato,https://www.boatos.org/brasil/policia-ceara-atira-surfistas-praia-futuro-camilo-santana.html,boatos.org,seguranca_justica,2020-05-29,1
eb269d03ce98097cc2c1a992d172ad5d13e2a64c,7,-0.196225,-0.016679,É falso que trilha sonora da ginasta Rebeca Andrade na Olimpíada seja homenagem a Bolsonaro : Projeto Comprova,https://projetocomprova.com.br/publicações/e-falso-que-trilha-sonora-da-ginasta-rebeca-andrade-na-olimpiada-seja-homenagem-a-bolsonaro/,projetocomprova.com.br,politica_eleicoes,2021-07-30,1
661924547d9a4d92e9d969efed2aa4af3437931b,4,0.206158,0.137907,Os 70 dias do Comprova na checagem de informações duvidosas sobre covid-19,https://noticias.uol.com.br/comprova/ultimas-noticias/2020/06/16/os-70-dias-do-comprova-na-checagem-de-informacoes-duvidosas-sobre-a-covid.htm,noticias.uol.com.br,saude_ciencia,2020-06-16,4
c7ff3be945a49d3758ab8e85849a49450fb18449,4,0.159418,-0.064553,Vídeo que alerta sobre a importação de máscaras contaminadas é montagem : Projeto Comprova,https://projetocomprova.com.br/publicações/video-que-alerta-sobre-a-importacao-de-mascaras-contaminadas-e-montagem/,projetocomprova.com.br,saude_ciencia,2021-03-05,1
09d2b8e64b191c24595f84e6ecf0ad2f9df5d8a4,4,0.306667,0.039720,É #FAKE que Holanda reduziu mortes pela Covid-19 mesmo sem isolamento social | G1,https://g1.globo.com/fato-ou-fake/noticia/2020/04/01/e-fake-que-holanda-reduziu-mortes-pela-covid-19-mesmo-sem-isolamento-social.ghtml,g1.globo.com,saude_ciencia,2020-04-01,1
ae76a909ca3468630a32d518daf20e948104d119,3,-0.133594,-0.133350,Aplicativo de delivery iFood processa garota de programa de Salvador #boato,https://www.boatos.org/tecnologia/aplicativo-delivery-ifood-processa-garota-programa-salvador.html,boatos.org,golpes_plataformas,2020-07-07,2
cd34ebd5f89748d83d02dd7bef493ebf2c31149f,0,0.383132,0.258591,Segundas doses servem de reforço e são comuns em programas de vacinação : Projeto Comprova,https://projetocomprova.com.br/publicações/segunda-dose-da-coronavac-nao-esta-relacionada-a-taxa-de-eficacia-da-vacina/,projetocomprova.com.br,saude_ciencia,2021-06-22,1
4b358039ac99cd4ff139af8a8b9c653f442c9aad,7,-0.241073,-0.095500,Falcão tirou Mário Quintana das ruas após poeta ser despejado #boato,https://www.boatos.org/esporte/falcao-mario-quintana-despejado-de-hotel.html,boatos.org,golpes_plataformas,2020-10-14,1
adb1e9fef45676e5cdb38838833321c7258450b3,4,0.178458,-0.118119,Não há evidências que liguem morte de menina alemã ao uso de máscaras,https://noticias.uol.com.br/comprova/ultimas-noticias/2020/09/22/nao-ha-evidencias-que-liguem-morte-de-menina-alema-ao-uso-de-mascaras.htm,noticias.uol.com.br,saude_ciencia,2020-09-22,2
20fb322470e354af1ee0b7fb604798052faf9fa6,3,-0.113995,-0.175466,O Boticário está dando kits de perfumes em comemoração ao seu aniversário #boato,https://www.boatos.org/tecnologia/o-boticario-kits-de-perfumes-comemoracao-aniversario.html,boatos.org,golpes_plataformas,2019-10-25,1
4aa69f07d208b4bc5053d1c658037097651f2b4a,0,0.342406,0.132563,Post engana ao afirmar que CDC e Fauci não acreditam na eficácia das vacinas : Projeto Comprova,https://projetocomprova.com.br/publicações/post-engana-ao-afirmar-que-cdc-e-fauci-nao-acreditam-na-eficacia-das-vacinas/,projetocomprova.com.br,saude_ciencia,2021-08-12,1
c14ae54f99f40284a95b0fe949396e182bab8f7b,7,-0.238438,0.014176,"Túlio Gadêlha, namorado de Fátima Bernardes, ganhou carteira da OAB sem fazer prova #boato",https://www.boatos.org/politica/tulio-gadelha-registro-oab-exame.html,boatos.org,politica_eleicoes,2019-01-08,1
6dbdffa440ec7ecf0715494356539abde5bd883e,3,-0.088408,-0.262926,Fato ou Fake: 5 dicas de como checar uma mensagem falsa | G1,https://g1.globo.com/fato-ou-fake/noticia/2019/04/01/fato-ou-fake-5-dicas-de-como-checar-uma-mensagem-falsa.ghtml,g1.globo.com,golpes_plataformas,2019-04-01,1
1206469ed246d3832668db250241639c8bece3a4,2,0.189733,0.025856,"Começar a tomar banho pelos pés não diminui as chances de ataques cardíacos, dizem especialistas",https://checamos.afp.com//comecar-tomar-banho-pelos-pes-nao-diminui-chances-de-ataques-cardiacos-dizem-especialistas,checamos.afp.com,golpes_plataformas,2024-11-29,1
fc5dc0da50ebd6f87c9cdd84ac8f05cc3647d945,4,0.122930,-0.152431,Pastor na Itália reabre igreja com fotos de fiéis que morreram de Covid-19 #boato,https://www.boatos.org/religiao/pastor-italia-reabre-igreja-fotos-de-fieis-morreram-covid-19.html,boatos.org,saude_ciencia,2020-06-22,1
bb0a8dab181a6e5ad73dd7a406d6092bc8db82b7,4,0.223675,-0.033490,É falsa a corrente que diz que Xangai e Pequim não tiveram casos de coronavírus : Projeto Comprova,https://projetocomprova.com.br/publicações/e-falsa-a-corrente-que-diz-que-xangai-e-pequim-nao-tiveram-casos-de-coronavirus/,projetocomprova.com.br,saude_ciencia,2021-03-05,1
90acdfeb92e857aa15cec6afe2a659422fe10b20,4,0.013943,-0.022249,Supermercado Guanabara vai fechar de 16/03 a 20/03 por causa do coronavírus #boato,https://www.boatos.org/brasil/supermercado-guanabara-fechar16-03-a-20-03-coronavirus.html,boatos.org,saude_ciencia,2020-03-14,1
be4fe2429a2344e6f63f3fc6b7918c7d77c5a2e5,0,0.251499,0.012527,Não há comprovação de que vacina da Pfizer tenha causado paralisia de Bell em voluntários : Projeto Comprova,https://projetocomprova.com.br/publicações/nao-ha-comprovacao-de-que-vacina-da-pfizer-tenha-causado-paralisia-de-bell-em-voluntarios/,projetocomprova.com.br,saude_ciencia,2020-12-17,2
7e8c860c2729cb0a902dce64fd52fa99cde67650,4,0.120282,-0.016913,Fernanda Torres disse que torce para que o coronavírus mate muitos brasileiros #boato,https://www.boatos.org/entretenimento/fernanda-torres-torce-coronavirus-mate-muitos-brasileiros.html,boatos.org,saude_ciencia,2020-03-29,3
be515c27e6e3f2e23a0efd4484b3916988b76190,3,-0.151479,-0.128020,Vídeo mostra golpe do cartão Itaú Personalité que passou no Fantástico #boato,https://www.boatos.org/brasil/video-mostra-golpe-cartao-itau-personalite-passou-no-fantastico.html,boatos.org,golpes_plataformas,2021-06-02,1
4ce9326a617f7b86dde47a7b1cf20edcd3661be2,1,-0.173812,0.211471,Post engana ao afirmar que preço do gás só não caiu significativamente por causa dos governadores : Projeto Comprova,https://projetocomprova.com.br/publicações/post-engana-ao-afirmar-que-preco-do-gas-so-nao-caiu-significativamente-por-causa-dos-governadores/,projetocomprova.com.br,economia,2021-06-30,2
2b3c88d09a1f9902ba71e173c14fc2e3301b4957,1,-0.210888,0.356294,É verdade que Bolsonaro desviou R$ 606 bilhões da Previdência?,https://www.e-farsas.com/e-verdade-que-bolsonaro-desviou-r-606-bilhoes-da-previdencia.html,e-farsas.com,politica_eleicoes,2019-02-14,1
bad09e4f05676c26f1321976b043ec58fcf4316b,5,-0.237633,0.182434,Barroso foi a favor do voto impresso em 2017 e só mudou de opinião agora #boato,https://www.boatos.org/politica/barroso-foi-a-favor-voto-impresso-2017-mudou-de-opiniao-agora.html,boatos.org,politica_eleicoes,2021-07-07,2
bef6cacd2a508540258aafc0e351dbc48dfa2b1a,1,-0.164744,-0.008492,É falso que a atriz Maria Flor recebeu R$ 10 mi de governos anteriores : Projeto Comprova,https://projetocomprova.com.br/publicações/e-falso-que-a-atriz-maria-flor-recebeu-r-10-mi-de-governos-anteriores/,projetocomprova.com.br,politica_eleicoes,2021-07-13,2
7ba013efe1c9e4ecb736e067a6e6f1392ddc7d34,2,0.339733,0.261114,Covid: Texto engana ao ignorar ineficiência de ações apoiadas por Bolsonaro,https://noticias.uol.com.br/comprova/ultimas-noticias/2020/08/13/covid-texto-engana-ao-ignorar-ineficiencia-de-acoes-apoiadas-por-bolsonaro.htm,noticias.uol.com.br,saude_ciencia,2020-08-13,4
d7bd5908e3a551e0b7bc1e34b692dfe5906b9c8c,1,-0.170379,0.231571,Redução da multa do FGTS de 40% para 20% só valerá para jovens e deverá ser acordada em contrato : Projeto Comprova,https://projetocomprova.com.br/publicações/reducao-da-multa-do-fgts-de-40-para-20-so-valera-para-jovens-e-devera-ser-acordada-em-contrato/,projetocomprova.com.br,politica_eleicoes,2021-04-12,2
ef43de50d7eb910674f55e5d360c8bb7abec0eee,0,0.400010,0.196600,Tuíte engana ao sugerir que vacina contra a covid-19 é desnecessária,https://noticias.uol.com.br/comprova/ultimas-noticias/2020/10/21/tuite-engana-ao-sugerir-que-vacina-contra-a-covid-19-e-desnecessaria.htm,noticias.uol.com.br,saude_ciencia,2020-10-21,1
9e0940f3056a66d4f131bf37ddafd1af6bccf63d,7,-0.015235,-0.017140,General Heleno diz que Bolsonaro teve coronavírus em post no Twitter #boato,https://www.boatos.org/politica/general-heleno-diz-que-bolsonaro-teve-coronavirus.html,boatos.org,politica_eleicoes,2020-04-28,1
61c576fcd36f1fd85f4773c673e81df14d8c04dc,6,-0.094159,-0.287821,O vídeo mostrando canibalismo é verdadeiro ou falso?,https://www.e-farsas.com/o-video-mostrando-canibalismo-e-verdadeiro-ou-falso.html,e-farsas.com,politica_eleicoes,2019-05-19,2
07dcfaa62ff8819f6fe8938e538ec662bb68ad02,1,-0.223881,0.131046,Boato diz que presidente da UNE estuda Ciências Sociais há 15 anos,https://noticias.uol.com.br/comprova/ultimas-noticias/2019/11/08/boato-diz-que-presidente-da-une-estuda-ciencias-sociais-ha-15-anos.htm,noticias.uol.com.br,politica_eleicoes,2019-11-08,1
cba6c86a4ea75f136616079540eb4f803f81b7a8,7,-0.211085,-0.018615,"Criador do movimento ""Ele Não"" é condenado a 90 anos por estupro e pedofilia #boato",https://www.boatos.org/politica/criador-movimento-ele-nao-condenado-por-estupro.html,boatos.org,politica_eleicoes,2019-08-21,1
7a7e2c3f0cb74d6a3ef60d1e57e3d533f2878727,4,-0.004044,0.026536,Alexandre Kalil acaba de anunciar fechamento do comércio de Belo Horizonte #boato,https://www.boatos.org/politica/alexandre-kalil-acaba-anunciar-fechamento-comercio-belo-horizonte.html,boatos.org,saude_ciencia,2020-11-19,1
e1ac35995b02299d0ffae8fc13b415fd952c5a1a,4,0.211339,0.046342,Gerson Camarotti pediu cassação do registro de médicos que receitam “antivirais” contra Covid-19 #boato,https://www.boatos.org/saude/gerson-camarotti-pediu-cassacao-registro-medicos-receitam-antivirais-contra-covid-19.html,boatos.org,saude_ciencia,2021-01-08,1
c4b88692be8af269f525ae54dd4d92aa8a114099,4,0.258044,-0.059774,"Apenas 6% das mortes de pessoas com coronavírus foram, de fato, por Covid-19, mostra pesquisa #boato",https://www.boatos.org/saude/6-das-mortes-de-coronavirus-foram-por-covid-pesquisa.html,boatos.org,saude_ciencia,2020-09-01,1
587f06aa704d9da2a93c6e86a443571786056b79,0,0.209346,0.032595,DrogaRaia está vendendo vacinas contra a Covid-19 #boato,https://www.boatos.org/saude/drogaraia-vendendo-vacinas-contra-covid-19.html,boatos.org,saude_ciencia,2021-04-01,1
0523e959cb343ad2a870ced76744e4dba2577f16,7,-0.209591,0.017399,PF descobre que Sara Winter é feminista petista disfarçada de ativista pró-Bolsonaro #boato,https://www.boatos.org/politica/pf-descobre-sara-winter-feminista-petista-disfarcada-ativista-pro-bolsonaro.html,boatos.org,seguranca_justica,2020-06-20,1
b142dbe9b4a7e16d1a7129b9fb2fdb65f0f4ad93,7,-0.241383,0.038486,"Paula Fernandes, após apoiar o PT, teve 2 shows cancelados por falta de público?",https://www.e-farsas.com/paula-fernandes-apos-apoiar-o-pt-teve-2-shows-cancelados-por-falta-de-publico.html,e-farsas.com,politica_eleicoes,2019-01-07,1
4c8cccd790d3a55b3f65cc1763fa9f704c745918,4,0.077117,0.000055,"Prefeito de Curitiba diz que não mandou fechar nada e, mesmo assim, cidade tem zero mortes #boato",https://www.boatos.org/politica/prefeito-de-curitiba-nao-mandou-fechar-nada-zero-mortes.html,boatos.org,saude_ciencia,2020-04-19,1
7cc744bf6667fc763a70a9196ecfe3624a96d29c,4,0.034770,0.100998,Exército construiu 2.000 leitos de hospital em apenas 48 horas #boato,https://www.boatos.org/saude/exercito-construiu-leitos-48-horas.html,boatos.org,saude_ciencia,2020-04-05,1
011f4b736797c4f5aa1bb26684627dee24615d6a,0,0.364424,-0.010961,Vacina contra Covid-19 faz imunidade do corpo diminuir e chance de infecção aumentar #boato,https://www.boatos.org/saude/vacina-contra-covid-19-faz-imunidade-diminuir-chance-infeccao-aumentar.html,boatos.org,saude_ciencia,2021-04-27,2
8ec93a6c5ebcbf9946b63032d3bfbe4a91da33a8,1,-0.196083,0.210243,Veja o que é #FATO ou #FAKE nas declarações dos candidatos à Prefeitura de SP na 2ª semana de campanha | G1,https://g1.globo.com/fato-ou-fake/noticia/2020/10/10/veja-o-que-e-fato-ou-fake-nas-declaracoes-dos-candidatos-a-prefeitura-de-sp-na-2a-semana-de-campanha.ghtml,g1.globo.com,saude_ciencia,2020-10-10,1
72678b1f1e63f3bb4d8056d7b49d1499ba9d6525,6,-0.003706,-0.197300,É #FAKE que foto aérea mostre multidão em protesto contra restrições na pandemia em Londres | G1,https://g1.globo.com/fato-ou-fake/coronavirus/noticia/2021/04/29/e-fake-que-foto-aerea-mostre-multidao-em-protesto-contra-restricoes-na-pandemia-em-londres.ghtml,g1.globo.com,golpes_plataformas,2021-04-29,1
c76352b5b3417f58063d7b8fe1c8f1aff7d93a10,7,-0.190195,-0.033403,"Ativistas dos Direitos Humanos foram presos por tráfico de drogas, na Bahia?",https://www.e-farsas.com/ativistas-dos-direitos-humanos-foram-presos-por-trafico-de-drogas-na-bahia.html,e-farsas.com,seguranca_justica,2019-04-16,1
81edb6a3d9da9e345782fac8a89b15ebe1cb04e5,4,0.226828,0.088049,É #FAKE que mortes por pneumonia e insuficiência respiratória têm sido todas registradas como sendo Covid-19 | G1,https://g1.globo.com/fato-ou-fake/coronavirus/noticia/2020/08/12/e-fake-que-mortes-por-pneumonia-e-insuficiencia-respiratoria-tem-sido-todas-registradas-como-sendo-covid-19.ghtml,g1.globo.com,saude_ciencia,2020-08-12,1
274497512cf34e5088031a2d8f9c314a42155f2d,3,-0.055123,-0.074364,Programa Prato Cheio e governo dão cesta básica para quem compartilhar link no WhatsApp #boato,https://www.boatos.org/tecnologia/programa-prato-cheio-governo-dao-cesta-basica-compartilhar-link-whatsapp.html,boatos.org,golpes_plataformas,2020-06-09,1
3798d9c2a97041433d56afe51cee6daf2ce8ecaf,3,-0.082831,-0.184870,É #FAKE que nenhum militar foi enviado para ajudar no combate ao fogo no Pantanal | G1,https://g1.globo.com/fato-ou-fake/noticia/2020/09/18/e-fake-que-nenhum-militar-foi-enviado-para-ajudar-no-combate-ao-fogo-no-pantanal.ghtml,g1.globo.com,golpes_plataformas,2020-09-18,1
035be999d60a75102a8e20ebb5f6932b79e4c7e0,3,-0.156687,-0.194092,Nubank faz aniversário e envia cartões de crédito sem consulta ao SPC #boato,https://www.boatos.org/tecnologia/nubank-aniversario-cartoes-credito.html,boatos.org,golpes_plataformas,2019-03-10,1
796400b1b34d05ebc90965070a8f7c119d3e47d4,3,-0.026591,-0.200419,"É #FAKE que o presidente Donald Trump anunciou reabertura de estabelecimentos nesta quarta, 25, nos EUA | G1",https://g1.globo.com/fato-ou-fake/noticia/2020/03/25/e-fake-que-o-presidente-donald-trump-anunciou-reabertura-de-estabelecimentos-nesta-quarta-25-nos-eua.ghtml,g1.globo.com,politica_eleicoes,2020-03-25,1
ba397895127f34cec0a5abe31cc954390d1e0ab5,7,-0.214590,0.008090,PT está em segundo lugar no ranking das maiores organizações criminosas da história #boato,https://www.boatos.org/politica/pt-segundo-lugar-ranking-maiores-organizacoes-criminosas-da-historia.html,boatos.org,golpes_plataformas,2020-09-29,1
281f95af8bce778b7cd4b9e49b86526e4c8eb5f6,1,-0.044630,0.079873,Publicação mistura informações verdadeiras com dados imprecisos sobre meio ambiente no Brasil : Projeto Comprova,https://projetocomprova.com.br/publicações/publicacao-mistura-informacoes-verdadeiras-com-dados-imprecisos-sobre-meio-ambiente-no-brasil/,projetocomprova.com.br,meio_ambiente,2021-03-05,2
8dbc29edb44efd1ce2171936143223abc4497f3a,6,-0.090943,-0.035163,Datafolha mostrou que a aprovação do presidente Jair Bolsonaro bateu recorde?,https://www.e-farsas.com/datafolha-mostrou-que-a-aprovacao-do-presidente-jair-bolsonaro-bateu-recorde.html,e-farsas.com,politica_eleicoes,2020-07-15,1
3bd0ae38064683cee4eddc0f18564e8a8a66ae0a,4,0.028988,-0.136578,Foto de caixão vazio é usada para enganar sobre mortes por Covid-19 no AM,https://noticias.uol.com.br/comprova/ultimas-noticias/2020/05/04/foto-de-caixao-vazio-e-usada-para-enganar-sobre-mortes-por-covid-19-no-am.htm,noticias.uol.com.br,saude_ciencia,2020-05-04,1
1a01b13bcf7c733b63ab197624a27186c89bcf14,5,-0.108829,-0.131458,É falso que o voto não será contado sem o comprovante de votação!,https://www.e-farsas.com/e-falso-que-o-voto-nao-sera-contado-sem-o-comprovante-de-votacao.html,e-farsas.com,politica_eleicoes,2020-11-15,2
011a5ab1a43c90bb06547f50f4e4730c2b231e4f,0,0.184881,-0.002752,É #FAKE que vídeo mostre Kamala Harris fingindo tomar vacina contra Covid-19 | G1,https://g1.globo.com/fato-ou-fake/coronavirus/noticia/2021/01/05/e-fake-que-video-mostre-kamala-harris-fingindo-tomar-vacina-contra-covid-19.ghtml,g1.globo.com,saude_ciencia,2021-01-05,1
505394a1fa947845336061f32d183185123764cc,1,-0.193308,0.219302,Post engana ao culpar governadores por preço do gás de cozinha,https://noticias.uol.com.br/comprova/ultimas-noticias/2021/06/30/post-engana-ao-culpar-governadores-por-preco-do-gas.htm,noticias.uol.com.br,economia,2021-06-30,2
259cc3d5ade4b966a76c50df6b9e5f49c52f6999,6,-0.160454,-0.136653,Fotos mostram tapetes de Corpus Christi feitos com alimentos doados em Porto Ferreira em 2021 #boato,https://www.boatos.org/religiao/fotos-mostram-tapetes-de-corpus-christi-feitos-alimentos-doados-em-porto-ferreira-em-2021.html,boatos.org,golpes_plataformas,2021-06-04,1
401855ef95cd398fcd85f5791271db8cd7d40200,1,-0.198705,0.001822,Post engana ao dizer que Exército construiu ponte em 24 horas em Goiás,https://noticias.uol.com.br/comprova/ultimas-noticias/2020/07/08/post-engana-ao-dizer-que-exercito-construiu-ponte-em-24-horas-em-goias.htm,noticias.uol.com.br,politica_eleicoes,2020-07-08,1
1ef58650c63633b7d016ad89ef5bcf647021365f,1,-0.219038,0.203120,É #FAKE que reforma da Previdência reduziu valor do abono salarial | G1,https://g1.globo.com/fato-ou-fake/noticia/2019/07/12/e-fake-que-reforma-da-previdencia-reduziu-valor-do-abono-salarial.ghtml,g1.globo.com,economia,2019-07-12,1
fb5c6ebe8c7790c3fc6586bc0fc976fdef94af1f,2,0.431995,0.152441,"Azitromicina, ivermectina e nitazoxanida: automedicação não é recomendada",https://noticias.uol.com.br/comprova/ultimas-noticias/2020/07/08/azitromicina-ivermectina-e-nitazoxanida-automedicacao-nao-e-recomendado.htm,noticias.uol.com.br,saude_ciencia,2020-07-08,3
66364cf27151798259c9b72324fc9cfdaaace153,4,0.235199,-0.102318,Homem ensacado vivo mexe os braços e revela farsa das mortes na pandemia #boato,https://www.boatos.org/saude/homem-ensacado-vivo-mortes-pandemia.html,boatos.org,saude_ciencia,2021-04-03,1
fd8c395370ac07fbf2d47220b7f735ea332d9f7c,7,-0.154008,0.083505,Bolsonaro não tem presença confirmada no Fórum Econômico Mundial de 2021,https://noticias.uol.com.br/comprova/ultimas-noticias/2020/12/02/bolsonaro-nao-tem-presenca-confirmada-no-forum-economico-mundial-de-2021.htm,noticias.uol.com.br,politica_eleicoes,2020-12-02,1
7524631d4fc73ffe2881ad24988b66ad22b0932a,6,-0.080092,-0.123246,Professora Anita Bezerra faz relato sobre aluno de 10 anos e a tragédia de Suzano #boato,https://www.boatos.org/brasil/professora-anita-bezerra-tragedia-suzano.html,boatos.org,golpes_plataformas,2019-03-18,1
d0b7919ec85ecfef3f3808afb0e076359332ae60,4,0.363838,-0.120658,É #FAKE que a ingestão de alimentos alcalinos combate o novo coronavírus | G1,https://g1.globo.com/fato-ou-fake/noticia/2020/03/30/e-fake-que-a-ingestao-de-alimentos-alcalinos-combate-o-novo-coronavirus.ghtml,g1.globo.com,saude_ciencia,2020-03-30,1
1f6903c0aa0353a88885db1ea3019b5a03f93287,7,-0.006187,0.149018,“Algo grave está acontecendo na Argentina”: a desinformação de um vídeo viral sobre a pandemia,https://checamos.afp.com//algo-grave-esta-acontecendo-na-argentina-desinformacao-de-um-video-viral-sobre-pandemia,checamos.afp.com,politica_eleicoes,2024-04-17,1
a5f2ebfac0e719c1c726465496564ee92c802cc7,0,0.347019,0.011990,Esta foto mostra um kit de teste para COVID-19 desenvolvido por uma empresa sul-coreana,https://checamos.afp.com//esta-foto-mostra-um-kit-de-teste-para-covid-19-desenvolvido-por-uma-empresa-sul-coreana,checamos.afp.com,saude_ciencia,2024-11-28,1
7a041e482bd2301745daedfe0e080820d0e8db27,7,-0.253782,0.095186,Arnaldo Jabor elogiou o Bolsonaro e disse que ele é um cara sem etiqueta?,https://www.e-farsas.com/arnaldo-jabor-elogiou-o-bolsonaro-e-disse-que-ele-e-um-cara-sem-etiqueta.html,e-farsas.com,politica_eleicoes,2020-03-26,1
5071f2c24a8b1e4eda788fc0002c7b0cc8b46027,5,-0.236262,0.200299,As parciais das eleições de 2014 alternaram mais de 200 vezes a vitória entre Aécio e Dilma?,https://www.e-farsas.com/as-parciais-das-eleicoes-de-2014-alternaram-mais-de-200-vezes-a-vitoria-entre-aecio-e-dilma.html,e-farsas.com,politica_eleicoes,2021-07-31,1
88b64a9a120c4e1d952afc6da7d13ea4592b712f,1,-0.203585,0.235673,Reforma da Previdência não muda nada nas regras de aposentadoria de pobres e mulheres #boato,https://www.boatos.org/politica/reforma-previdencia-nao-muda-nada-regras.html,boatos.org,politica_eleicoes,2019-03-05,3
78aad92b1468a4ed98d15f46bda24e40a2edf592,7,-0.119986,-0.023290,Ministra Damares Alves diz que cerveja bock faz apologia ao sexo oral #boato,https://www.boatos.org/politica/damares-alves-cerveja-bock.html,boatos.org,golpes_plataformas,2019-01-30,1
4e9dc71327875c135ca5b263cb0d954db6d8ae4f,4,0.188860,0.015087,É #FAKE que todos os atestados de óbitos de pacientes do SUS afirmem que causa mortis foi a Covid-19 | G1,https://g1.globo.com/fato-ou-fake/coronavirus/noticia/2020/08/13/e-fake-que-todos-os-atestados-de-obitos-de-pacientes-do-sus-afirmem-que-causa-mortis-foi-a-covid-19.ghtml,g1.globo.com,saude_ciencia,2020-08-13,1
0580dd6b9c041a160cb7803d9271a70be58e40b4,6,-0.110520,-0.249817,Vídeo mostra uma lula gigante capturada por um homem?,https://www.e-farsas.com/video-mostra-uma-lula-gigante-capturada-por-um-homem.html,e-farsas.com,politica_eleicoes,2020-10-18,1
2f8a981f56e127bc82535e81fc66818c08e691b7,2,0.339665,0.197680,A Prefeitura de Tucumã está entregando kits com remédios para pacientes com suspeita de COVID-19,https://checamos.afp.com//prefeitura-de-tucuma-esta-entregando-kits-com-remedios-para-pacientes-com-suspeita-de-covid-19,checamos.afp.com,saude_ciencia,2024-04-17,2
74fa875f205cfbbff5fc11fc02002e3b97cd406f,4,0.370905,0.054013,"A segunda onda da gripe espanhola foi a mais mortal, mas não porque as pessoas relaxaram",https://checamos.afp.com//segunda-onda-da-gripe-espanhola-foi-mais-mortal-mas-nao-porque-pessoas-relaxaram,checamos.afp.com,saude_ciencia,2024-04-17,2
9d0677ba92cdd1b02a276023602da2f5d9fab507,4,0.283715,0.078596,"Checamos afirmações sobre máscaras, distanciamento, lockdown e vacina contra covid-19",https://checamos.afp.com//checamos-afirmacoes-sobre-mascaras-distanciamento-lockdown-e-vacina-contra-covid-19,checamos.afp.com,saude_ciencia,2024-04-17,1
fc1e0db0dd2d4d942208d1824c8f7af52a2da5bc,5,-0.188371,0.198040,É falso que o TSE atualizou apuração da votação baseado em site de notícias,https://noticias.uol.com.br/comprova/ultimas-noticias/2020/11/24/e-falso-que-o-tse-atualizou-apuracao-da-votacao-baseado-em-site-de-noticias.htm,noticias.uol.com.br,politica_eleicoes,2020-11-24,2
43d30549bb80dd87b416135181cddc4c0b75b4a9,6,-0.047574,-0.095203,"A imagem de pessoas rezando ajoelhadas foi registrada em Goiânia, e não em Cuiabá",https://checamos.afp.com//imagem-de-pessoas-rezando-ajoelhadas-foi-registrada-em-goiania-e-nao-em-cuiaba,checamos.afp.com,saude_ciencia,2024-04-17,2
6167eca8b4678f5e4d0721cb50cbf00dd8a81e39,4,0.309574,0.057788,Onda de calor no Brasil combate a Covid-19 porque o coronavírus não suporta altas temperaturas #boato,https://www.boatos.org/saude/onda-de-calor-no-brasil-combate-a-covid-19-altas-temperaturas.html,boatos.org,saude_ciencia,2020-10-06,1
5b256e7527f159545ef055cbfef65d82a923f7a6,1,-0.210650,0.178918,É falso que família de Ciro Gomes tenha 77 empresas de carros-pipa no Ceará e que esse tenha sido o motivo do atraso das obras da transposição : Projeto Comprova,https://projetocomprova.com.br/publicações/e-falso-que-familia-de-ciro-gomes-tenha-77-empresas-de-carros-pipa-no-ceara-e-que-esse-tenha-sido-o-motivo-do-atraso-das-obras-da-transposicao/,projetocomprova.com.br,politica_eleicoes,2021-03-05,3
3aeba6e97130335e790dc5bba29db03cb892af86,2,0.396297,0.099769,Estudo da USP comprova eficácia da hidroxicloroquina e azitromicina contra a Covid-19 #boato,https://www.boatos.org/saude/estudo-usp-comprova-eficacia-hidroxicloroquina-azitromicina-contra-covid.html,boatos.org,saude_ciencia,2021-02-09,1
c3ff39d5415f87d9e955e195af2d3431bc848572,0,0.321184,-0.049423,A nova vacina contra o coronavírus é feita com fetos humanos abortados?,https://www.e-farsas.com/a-nova-vacina-contra-o-coronavirus-e-feita-com-fetos-humanos-abortados.html,e-farsas.com,saude_ciencia,2020-07-21,1
7684a3270c430feef882cb1147fa3984b97617f4,4,0.116397,0.095326,Lei que obriga uso de máscaras dentro de casa é aprovada pelo Congresso #boato,https://www.boatos.org/politica/lei-obriga-uso-de-mascaras-dentro-de-casa.html,boatos.org,seguranca_justica,2020-06-11,1
558ed24b93b26ef0b6b5a812b26e5800a8fd690b,4,0.148376,-0.197863,Máscaras contaminadas da China estão chegando no Porto de Santos e de Itajaí #boato,https://www.boatos.org/saude/mascaras-contaminadas-china-chegando-porto-santos-itajai.html,boatos.org,internacional,2020-04-30,3
e6e5df93559fab20fe4ca389a759ae367dfa9c73,6,-0.070016,-0.074685,O cubano Alexis Valdés escreveu em 2020 o poema conhecido como “Quando a tempestade passar”,https://checamos.afp.com//o-cubano-alexis-valdes-escreveu-em-2020-o-poema-conhecido-como-quando-tempestade-passar,checamos.afp.com,golpes_plataformas,2024-04-17,1
e1ebf33dc35140607b893a60d820f577a71401d7,7,-0.210790,-0.124528,É #FAKE vídeo em que Maia xinga ministro Ricardo Salles | G1,https://g1.globo.com/fato-ou-fake/noticia/2020/10/30/e-fake-video-em-que-maia-xinga-ministro-ricardo-salles.ghtml,g1.globo.com,politica_eleicoes,2020-10-30,1
01c1ea937226b347ae892cdd33f029547cb8cc05,1,-0.182656,0.190597,Vídeo deturpa dados sobre a atuação do governo na preservação da Amazônia,https://noticias.uol.com.br/comprova/ultimas-noticias/2020/09/28/video-deturpa-dados-sobre-a-atuacao-do-governo-na-preservacao-da-amazonia.htm,noticias.uol.com.br,politica_eleicoes,2020-09-28,3
692abca98df4f783ed6bb610e259fc7f34e7eae6,6,0.123061,0.017053,O torniquete é recomendado para quem foi picado por uma cobra?,https://www.e-farsas.com/o-torniquete-e-recomendado-para-quem-foi-picado-por-uma-cobra.html,e-farsas.com,saude_ciencia,2021-04-29,2
5862c59ccfe367c0fe6e3542d049cbdbfb3cba5a,0,0.148635,0.270830,PL não prevê prisão para quem se recusar a tomar vacina contra a covid-19,https://noticias.uol.com.br/comprova/ultimas-noticias/2020/09/04/pl-nao-preve-prisao-para-quem-se-recusar-a-tomar-vacina-contra-a-covid-19.htm,noticias.uol.com.br,saude_ciencia,2020-09-04,1
38c9db8343164dd730b73c1911f14adfdf068539,7,-0.232124,-0.063897,Foto mostra Jair Bolsonaro segurando um cartaz de apoio a Lula?,https://www.e-farsas.com/foto-mostra-jair-bolsonaro-segurando-um-cartaz-de-apoio-a-lula.html,e-farsas.com,politica_eleicoes,2020-09-26,2
35369efccfb901f643d39e35c051dbfb42ac50af,6,-0.133115,-0.076156,Marido faz teste surpresa de DNA e expulsa a esposa de casa! Será verdade?,https://www.e-farsas.com/marido-faz-teste-surpresa-de-dna-e-expulsa-a-esposa-de-casa-sera-verdade.html,e-farsas.com,politica_eleicoes,2020-08-04,2
06171637847f3383ae84ab1cefd17b909a7ee666,2,0.397705,0.067493,Universidade de Yale publicou estudo ontem que dá a hidroxicloroquina nível de evidência 1 no tratamento da Covid-19 #boato,https://www.boatos.org/saude/universidade-yale-estudo-ontem-hidroxicloroquina-nivel-de-evidencia-1-tratamento-covid-19.html,boatos.org,saude_ciencia,2020-10-10,2
797c17051480606fe24838d97f9b343caec8cb14,5,-0.290486,0.109247,É falso que cabos eleitorais de Sarto tenham transportado urna adulterada : Projeto Comprova,https://projetocomprova.com.br/publicações/e-falso-que-cabos-eleitorais-de-sarto-tenham-transportado-urna-adulterada/,projetocomprova.com.br,politica_eleicoes,2020-11-30,2
69f31f0f8a55d3d452835a52c4dadb4b7115a47c,1,-0.134680,0.101394,É falso que governo Bolsonaro tenha feito o Nordeste colher trigo pela primeira vez : Projeto Comprova,https://projetocomprova.com.br/publicações/e-falso-que-governo-bolsonaro-tenha-feito-o-nordeste-colher-trigo-pela-primeira-vez/,projetocomprova.com.br,politica_eleicoes,2021-05-07,2
b3caaa9011a9b237a03fade3342c32afcbe1d4ad,6,-0.064330,-0.081081,Vídeo mostra milhares de drones levantando uma carreta! Será verdade?,https://www.e-farsas.com/video-mostra-milhares-de-drones-levantando-uma-carreta-sera-verdade.html,e-farsas.com,politica_eleicoes,2019-11-26,1
b720b16c2c14d490fcdcddb203ae6c3634f7b04e,5,-0.162758,0.133890,Vídeo mostra dezenas de bebês girafas! Será verdade?,https://www.e-farsas.com/video-mostra-dezenas-de-bebes-girafas-sera-verdade.html,e-farsas.com,politica_eleicoes,2020-10-05,1
a1576a916e7984e74639e11e8d7da15e2fc04991,4,0.331589,-0.118908,"Beber água ou chá quente mata o coronavírus, que não sobrevive a mais de 26 ºC #boato",https://www.boatos.org/saude/beber-agua-cha-quente-mata-coronavirus-nao-sobrevive-26-oc.html,boatos.org,saude_ciencia,2020-02-26,1
66db5e9fef8130bf43743ba7c2afe1182bfce469,6,-0.142601,-0.065274,Navio do Greenpeace só chegou ao Nordeste após vazamento de óleo,https://noticias.uol.com.br/comprova/ultimas-noticias/2019/11/01/navio-do-greenpeace-so-chegou-ao-nordeste-apos-vazamento-de-oleo.htm,noticias.uol.com.br,seguranca_justica,2019-11-01,1
6645c8d5f1af95deea62d2e62cd13a875e7a9591,5,-0.180209,0.221586,Evander Holyfield tem apenas uma orelha para segurar uma máscara?,https://www.e-farsas.com/evander-holyfield-tem-apenas-uma-orelha-para-segurar-uma-mascara.html,e-farsas.com,politica_eleicoes,2020-10-30,1
af2e17d17092e292b5db7d0acb4d8a23da29c2f5,0,0.298920,-0.053809,Vacina contra covid não tem efeito magnético : Projeto Comprova,https://projetocomprova.com.br/publicações/vacina-contra-covid-nao-tem-efeito-magnetico/,projetocomprova.com.br,saude_ciencia,2021-06-14,1
5a16e2f9f2acd1baea12ab5a77189a50efc0c044,0,0.376871,0.068175,"Comparar a talidomida com a vacina contra a covid-19 é enganoso, dizem os especialistas",https://checamos.afp.com//comparar-talidomida-com-vacina-contra-covid-19-e-enganoso-dizem-os-especialistas,checamos.afp.com,saude_ciencia,2026-06-17,1
a21ce1d6addb1579be29dcca65065de305c881bf,7,-0.219739,-0.003375,É #FAKE que áudio mostre Gleisi Hoffmann pedindo doações para a campanha de Lula a presidente em 2022 | G1,https://g1.globo.com/fato-ou-fake/noticia/2021/04/29/e-fake-que-audio-mostre-gleisi-hoffmann-pedindo-doacoes-para-a-campanha-de-lula-a-presidente-em-2022.ghtml,g1.globo.com,politica_eleicoes,2021-04-29,2
cba882b1f979b17c5f76d02df6258760ac425d82,6,-0.062249,-0.244307,Nuvem em formato de cruz aparece e brilha em Feira das Almas (Bahia) #boato,https://www.boatos.org/religiao/nuvem-formato-cruz-feira-das-almas-bahia.html,boatos.org,golpes_plataformas,2019-08-12,3
6b8e38c48a744fa927559bab8ca71d8ee06cb0a3,1,-0.215928,0.041211,STF decide que dinheiro público roubado não pode ser devolvido após cinco anos #boato,https://www.boatos.org/politica/stf-dinheiro-roubado-devolvido-cinco-anos.html,boatos.org,seguranca_justica,2020-08-20,1
0203e6d6964435f4ce9053eb108a428edd500f62,1,-0.215111,0.142158,Lojas do Carrefour ficaram temporariamente fechadas em respeito à morte de cliente espancado,https://checamos.afp.com//lojas-do-carrefour-ficaram-temporariamente-fechadas-em-respeito-morte-de-cliente-espancado,checamos.afp.com,golpes_plataformas,2024-04-17,1
636dba34a3e541d39b580ce244c6ddb5024a1719,2,0.351523,0.255636,Revisão de estudo publicado no site do MS não garante eficácia da hidroxicloroquina no tratamento preventivo contra covid-19 : Projeto Comprova,https://projetocomprova.com.br/publicações/revisao-de-estudo-publicado-no-site-do-ms-nao-garante-eficacia-da-hidroxicloroquina-no-tratamento-preventivo-contra-covid-19/,projetocomprova.com.br,saude_ciencia,2022-01-04,2
25bdc776ece259611f202cf5811ba008456c8131,7,-0.207191,0.002766,"Alexandre de Moraes, ministro do STF, tem prisão decretada #boato",https://www.boatos.org/politica/alexandre-moraes-ministro-stf-tem-prisao-decretada.html,boatos.org,seguranca_justica,2021-07-13,1
9015c4e512421cc40760bff2968e44b8024d8cc6,0,0.295592,-0.063562,Prêmio Nobel Luc Montagnier disse que todos os vacinados morrerão em 2 anos?,https://www.e-farsas.com/premio-nobel-luc-montagnier-disse-que-todos-os-vacinados-morrerao-em-2-anos.html,e-farsas.com,saude_ciencia,2021-06-02,1
a454367741a19fc4f99cff1c328945105571b731,1,-0.103464,0.169868,Veja o que é #FATO ou #FAKE nas declarações dos candidatos à Prefeitura de SP na 3ª semana de campanha | G1,https://g1.globo.com/fato-ou-fake/noticia/2020/10/17/veja-o-que-e-fato-ou-fake-nas-declaracoes-dos-candidatos-a-prefeitura-de-sp-na-3a-semana-de-campanha.ghtml,g1.globo.com,politica_eleicoes,2020-10-17,3
7f450ebcdf47d56f2a7bb5bcd684eb8d7a3e2e58,6,-0.033483,-0.130979,Um homem levou uma surra em bar por não parar de cantar a música Caneta Azul?,https://www.e-farsas.com/um-homem-levou-uma-surra-em-bar-por-nao-parar-de-cantar-a-musica-caneta-azul.html,e-farsas.com,politica_eleicoes,2019-10-30,1
6836c5884e7d7296b99e738b72d2f0cbd3483356,4,0.308057,-0.119196,"Gargarejo com água quente, sal e vinagre cura o coronavírus #boato",https://www.boatos.org/saude/gargarejo-agua-sal-vinagre-cura-coronavirus.html,boatos.org,saude_ciencia,2020-03-17,1
aa850d7a9a4e16731f6d6d7111f9b2cc6b242f8d,6,-0.172666,-0.132299,Volvo fez propaganda com Bolsonaro entre dois caminhões #boato,https://www.boatos.org/politica/volvo-propaganda-bolsonaro-caminhoes.html,boatos.org,politica_eleicoes,2020-11-23,1
526f7dd6caf9c3d3cfac2fb27a906a6656f2e297,5,-0.180021,0.180047,"Gal Gadot perdeu 1,5 milhão de seguidores após ser escolhida para interpretar Cleópatra?",https://www.e-farsas.com/gal-gadot-perdeu-15-milhao-de-seguidores-apos-ser-escolhida-para-interpretar-cleopatra.html,e-farsas.com,politica_eleicoes,2020-10-28,1
d5a5676201f7737d903706c0e625f004ac957d92,1,0.076093,0.208557,Ação da PF não reduziu em 90% o número de mortes por covid-19 no Ceará,https://noticias.uol.com.br/comprova/ultimas-noticias/2020/06/02/acao-da-pf-nao-reduziu-numero-de-mortes-no-ceara.htm,noticias.uol.com.br,saude_ciencia,2020-06-02,1
723a8b123d10287a42f35e880ae39ce3115b2715,6,-0.141678,-0.112483,Flamengo vendeu o Mundial de Clubes para a Fifa e para o Liverpool #boato,https://www.boatos.org/esporte/flamengo-vendeu-mundial-clubes-para-fifa-liverpool.html,boatos.org,golpes_plataformas,2019-12-23,1
007d7750af093ac3b8f0cc7d5cf8fbcb0175a8e1,0,0.164146,0.223284,"Covaxin: pagar quem não está no contrato não é 'normal', como disse senador",https://noticias.uol.com.br/confere/ultimas-noticias/2021/06/25/covaxin-pagar-quem-nao-esta-no-contrato-nao-e-normal-como-disse-senador.htm,noticias.uol.com.br,politica_eleicoes,2021-06-25,1
93f427c2c1c320eb3c0d1b02c1d64bdff1eeb9da,0,0.119840,0.366052,"Lei assinada por Bolsonaro em fevereiro prevê vacinação compulsória, diferentemente do que ele afirmou : Projeto Comprova",https://projetocomprova.com.br/publicações/lei-assinada-por-bolsonaro-em-fevereiro-preve-vacinacao-compulsoria-diferentemente-do-que-ele-afirmou/,projetocomprova.com.br,politica_eleicoes,2020-10-07,2
c3659e740d62fde2cc8964aac4260d839ba827ec,6,-0.140343,-0.255794,Vídeo mostra tentativa de sequestro de criança captada por câmera de vigilância #boato,https://www.boatos.org/mundo/video-mostra-tentativa-sequestro-crianca-captada-camera-vigilancia.html,boatos.org,golpes_plataformas,2021-04-20,2
39bfa0d1990a5179ac2707aae64d12d6f28e58e8,6,-0.065902,0.008630,Vídeo distorce dados sobre queimadas na Amazônia,https://noticias.uol.com.br/comprova/ultimas-noticias/2020/09/16/video-distorce-dados-sobre-queimadas-na-amazonia.htm,noticias.uol.com.br,meio_ambiente,2020-09-16,1
d11cadec0ea4018ef6f044b498f3007848718aa5,2,0.097998,0.071784,É #FAKE que juiz Marcelo Bretas fez post defendendo uso de remédio experimental e falando em hospitais de campanha superfaturados | G1,https://g1.globo.com/fato-ou-fake/coronavirus/noticia/2020/05/18/e-fake-que-juiz-marcelo-bretas-fez-post-defendendo-uso-de-remedio-experimental-e-falando-em-hospitais-de-campanha-superfaturados.ghtml,g1.globo.com,saude_ciencia,2020-05-18,1
84fa14b8a858bfcd371f52c05bd7b9775715df11,7,-0.175623,-0.053184,Mineradora norueguesa se instalou na Amazônia em um acordo com Lula #boato,https://www.boatos.org/politica/mineradora-norueguesa-instalou-amazonia-acordo-lula.html,boatos.org,politica_eleicoes,2020-10-13,1
d308c1d658ae68361199c6c1b1627674f4429510,4,0.275259,-0.005397,Médico usa dados enganosos ao sugerir conspiração sobre covid-19 : Projeto Comprova,https://projetocomprova.com.br/publicações/medico-usa-dados-enganosos-ao-sugerir-conspiracao-sobre-covid-19/,projetocomprova.com.br,saude_ciencia,2020-10-07,3
d623934a94934541fdaf61630e7661f6d2ab1b2c,1,-0.099351,0.053379,Chanceler erra ao dizer que satélites detectam fogueira como queimada,https://noticias.uol.com.br/confere/ultimas-noticias/2019/09/13/chanceler-erra-ao-dizer-que-satelites-detectam-fogueira-como-queimada.htm,noticias.uol.com.br,meio_ambiente,2019-09-13,1
2d6cd45fef93953aa1d657850e5cd5fa6ad4cee8,2,0.445829,0.180704,Estudo é insuficiente para comprovar eficácia da ivermectina contra covid-19 : Projeto Comprova,https://projetocomprova.com.br/publicações/estudo-e-insuficiente-para-comprovar-eficacia-da-ivermectina-contra-covid-19/,projetocomprova.com.br,saude_ciencia,2021-07-14,1
c404c0de98259b9f5bcd46a88665b3a5d8a4e049,2,0.268607,0.092616,Informações sobre ivermectina divulgadas por Silas Malafaia são enganosas : Projeto Comprova,https://projetocomprova.com.br/publicações/informacoes-sobre-ivermectina-divulgadas-por-silas-malafaia-sao-enganosas/,projetocomprova.com.br,saude_ciencia,2020-12-29,3
5f919e17f80256ee7a50d26215ef8d1df42ad7a3,0,0.144531,-0.082421,Camelôs estão vendendo vacina contra a covid-19 no Rio de Janeiro?,https://www.e-farsas.com/camelos-estao-vendendo-vacina-contra-a-covid-19-no-rio-de-janeiro.html,e-farsas.com,saude_ciencia,2020-12-24,1
bd34d6bf66e0872e3fffabde4e49e57959a466d1,2,0.222057,0.099077,É #FAKE que Doria mandou recolher de farmácias medicamentos experimentais contra a Covid-19 para levar pacientes à morte | G1,https://g1.globo.com/fato-ou-fake/coronavirus/noticia/2020/05/21/e-fake-que-doria-mandou-recolher-de-farmacias-medicamentos-experimentais-contra-a-covid-19-para-levar-pacientes-a-morte.ghtml,g1.globo.com,saude_ciencia,2020-05-21,2
8af3ceec80f23422b9b4438830de75affcb8f5b5,7,-0.230230,-0.010734,Carlos Bolsonaro postou foto com arma e flores minutos após a morte de Marielle #boato,https://www.boatos.org/politica/carlos-bolsonaro-postou-foto-arma-flores-morte-marielle.html,boatos.org,politica_eleicoes,2019-11-22,2
c3606beb17ee0631ba33632e8b5c8043b9955df3,6,0.120420,-0.239487,A OMS orientou a evitar sexo com animais como prevenção ao coronavírus?,https://www.e-farsas.com/a-oms-orientou-a-evitar-sexo-com-animais-como-prevencao-ao-coronavirus.html,e-farsas.com,politica_eleicoes,2020-01-31,1
bbc1938a1ef62e33f7ae1b888a6dd2f71bdb3936,0,0.035560,0.044321,Polícia Federal desvenda sacanagem da vacina chinesa no Brasil #boato,https://www.boatos.org/politica/policia-federal-desvenda-sacanagem-vacina-chinesa-brasil.html,boatos.org,politica_eleicoes,2021-01-26,1
fb272b45456bc3438cb4f069349ae8a57542f204,0,0.288055,0.051203,"Eficácia global da vacina Coronavac é de 49,69% e não de 50,38% #boato",https://www.boatos.org/saude/eficacia-global-vacina-coronavac-4969-nao-de-5038.html,boatos.org,saude_ciencia,2021-01-14,1
ca1db303dc15f8785d03baa03830cfb61b3190f2,7,-0.254638,0.166791,Não há registro de que Bolsonaro tenha chamado seus apoiadores de “bostas” durante a reunião ministerial,https://checamos.afp.com//nao-ha-registro-de-que-bolsonaro-tenha-chamado-seus-apoiadores-de-bostas-durante-reuniao-ministerial,checamos.afp.com,politica_eleicoes,2024-04-17,1
69bb0c1d6c22c5c88621853030b6e511f65e2a93,1,0.089672,0.344033,"SP recebeu R$ 5,7 bi da União para combater pandemia, e não R$ 135 bi",https://noticias.uol.com.br/comprova/ultimas-noticias/2021/07/06/sp-recebeu-r-57-bi-da-uniao-para-combater-pandemia-e-nao-r-135-bi.htm,noticias.uol.com.br,politica_eleicoes,2021-07-06,2
920c8839f5f85649f846a08fb1bc3922a124e6b2,1,-0.081033,0.188352,Vídeo deturpa informações sobre a atuação do governo na preservação da Amazônia : Projeto Comprova,https://projetocomprova.com.br/publicações/video-deturpa-informacoes-sobre-a-atuacao-do-governo-na-preservacao-da-amazonia/,projetocomprova.com.br,politica_eleicoes,2021-03-05,5
f713fac2ec660fb2fc62d25f7c6005edbb1902e5,4,0.252317,0.038617,"O teste para COVID-19 não afeta a barreira hematoencefálica, garantem especialistas",https://checamos.afp.com//o-teste-para-covid-19-nao-afeta-barreira-hematoencefalica-garantem-especialistas,checamos.afp.com,saude_ciencia,2024-04-17,2
ca22060254e6b76c7a9cae6e542422fcab6dc2c1,2,0.288465,-0.008574,"Facebook restaurou post sobre hidroxicloroquina, mas mantém política contra desinformação contra covid",https://checamos.afp.com//facebook-restaurou-post-sobre-hidroxicloroquina-mas-mantem-politica-contra-desinformacao-contra,checamos.afp.com,saude_ciencia,2024-04-17,1
317439519a177e5c39a1130857efc4265f020932,5,-0.070513,0.096121,"Será verdade que o ""boneco do coronavírus"" vem sendo fabricado pela China?",https://www.e-farsas.com/sera-verdade-que-o-boneco-do-coronavirus-vem-sendo-fabricado-pela-china.html,e-farsas.com,politica_eleicoes,2020-06-07,1
2f28ea2d2fd74e9cefb0f42e34bbf30c4012291b,0,0.292608,-0.207878,"Médico da Bélgica está certo ao falar que vacinas não têm comprovação, mudam DNA e controlam pessoas pelo 5G #boato",https://www.boatos.org/saude/medico-belgica-vacinas-nao-tem-comprovacao-mudam-dna-controlam-pessoas-5g.html,boatos.org,saude_ciencia,2020-12-17,1
d4e5003a3e32e0359bb972da2282bd48ce602628,6,-0.069836,-0.045273,A imagem de Vênus foi feita a partir de fotos em preto e branco tiradas pela sonda Venera 13,https://checamos.afp.com//imagem-de-venus-foi-feita-partir-de-fotos-em-preto-e-branco-tiradas-pela-sonda-venera-13,checamos.afp.com,seguranca_justica,2024-04-17,1
c4f027f5a308f5398f2d32d31232ef87ab13fb49,1,-0.153462,0.184184,Post que compara pedreiros e policiais minimiza risco da rotina de agentes,https://noticias.uol.com.br/comprova/ultimas-noticias/2019/07/24/post-que-compara-pedreiros-e-policiais-minimiza-risco-da-rotina-de-agentes.htm,noticias.uol.com.br,economia,2019-07-24,1
5f7d953aa6575cd60829247ba22938126ffde5b9,1,-0.097621,0.098449,"Preço da carne bovina ficou mesmo estável por 3 anos, como disse ministra",https://noticias.uol.com.br/confere/ultimas-noticias/2019/11/29/preco-da-carne-bovina-ficou-estavel-durante-tres-anos-como-disse-ministra.htm,noticias.uol.com.br,economia,2019-11-29,1
8548f689b07a79140ce9ff3aed6867a143771bf2,5,-0.145617,0.059661,Frase sobre contagem de votos foi dita pelo ex-ditador Joseph Stalin?,https://www.e-farsas.com/frase-sobre-contagem-de-votos-foi-dita-pelo-ex-ditador-russo-joseph-stalin.html,e-farsas.com,politica_eleicoes,2020-11-16,1
86f3ecac26082344e437d755272c65eac3f7b81a,4,0.183471,-0.095022,"Imagens de dezenas de sacos para cadáveres foram gravadas no Equador, não em Nova York",https://checamos.afp.com//imagens-de-dezenas-de-sacos-para-cadaveres-foram-gravadas-no-equador-nao-em-nova-york,checamos.afp.com,saude_ciencia,2024-11-28,3
bb367e001c445d5adf27f03e6b788a019595b3f6,7,-0.274557,0.015499,Eduardo Suplicy é visto bêbado e com afro-americana no metrô de Nova York #boato,https://www.boatos.org/politica/eduardo-suplicy-bebado-metro-nova-york.html,boatos.org,politica_eleicoes,2019-05-17,1
63b1a86ff8a6356383d88c541bd7295c33381d53,7,-0.182518,-0.223756,É #FAKE que homem com chapéu de chifres e rosto pintado que invadiu Congresso dos EUA seja antifascista infiltrado em grupo pró-Trump | G1,https://g1.globo.com/fato-ou-fake/noticia/2021/01/07/e-fake-que-homem-com-chapeu-de-chifres-e-rosto-pintado-que-invadiu-congresso-dos-eua-seja-antifascista-infiltrado-em-grupo-pro-trump.ghtml,g1.globo.com,internacional,2021-01-07,1
60e8c4bf58051294916c4416f322c0c43957637a,1,-0.184265,0.276123,Governo do Rio erra em propostas sobre ICMS do etanol e salário de servidor,https://noticias.uol.com.br/confere/ultimas-noticias/2019/07/18/governo-do-rio-erra-em-propostas-sobre-icms-do-etanol-e-salario-de-servidor.htm,noticias.uol.com.br,seguranca_justica,2019-07-18,1
1644cbcbc42566ad1ced36e7e7a56bc35b99cfb2,6,-0.073054,-0.197660,Vídeo que mostra o mundo subatômico da ponta de uma caneta é verdadeiro ou falso?,https://www.e-farsas.com/video-que-mostra-o-mundo-subatomico-da-ponta-de-uma-caneta-e-verdadeiro-ou-falso.html,e-farsas.com,golpes_plataformas,2019-09-03,1
cf5f5043639f6d057132960d8d03383c590af23b,2,0.418201,0.107503,Covid-19: Enfermeiro distorce dados para dizer que ivermectina evita mortes,https://noticias.uol.com.br/comprova/ultimas-noticias/2020/08/19/covid-19-enfermeiro-distorce-dados-para-dizer-que-ivermectina-evita-mortes.htm,noticias.uol.com.br,saude_ciencia,2020-08-19,1
cf5e5777126e40b39b8e1b6645673f776dccf764,1,-0.175776,0.295041,"Página usa texto do início de janeiro para louvar ""feitos"" do governo Bolsonaro : Projeto Comprova",https://projetocomprova.com.br/publicações/pagina-usa-texto-do-inicio-de-janeiro-para-louvar-feitos-do-governo-bolsonaro/,projetocomprova.com.br,politica_eleicoes,2021-04-12,2
bad1c40a8e45c121edb1c5c1fb30e9577250285e,7,-0.228112,-0.012528,Governo Lula não doou R$ 24 milhões ao Hamas,https://noticias.uol.com.br/confere/ultimas-noticias/2019/04/27/governo-lula-nao-doou-r-24-milhoes-ao-hamas.htm,noticias.uol.com.br,politica_eleicoes,2019-04-27,1
29c10203756b73cf8d342ed632fdaf14d62d9309,5,-0.182674,0.288169,Diferença entre resultados de pesquisa e de eleição não implica fraude : Projeto Comprova,https://projetocomprova.com.br/publicações/diferenca-entre-resultados-de-pesquisa-e-de-eleicao-nao-implica-fraude/,projetocomprova.com.br,politica_eleicoes,2020-11-23,2
56f94be3c3f2de413a2dca87fdfc6dcfe5c34a7f,4,0.193376,0.012838,É #FAKE que vídeos mostrem pessoas se passando por agentes de saúde para contaminar a população | G1,https://g1.globo.com/fato-ou-fake/coronavirus/noticia/2020/05/18/e-fake-que-videos-mostrem-pessoas-se-passando-por-agentes-de-saude-para-contaminar-a-populacao.ghtml,g1.globo.com,saude_ciencia,2020-05-18,1
82bc2adc8c516b2a46ac34221b93b8c3414ab857,6,-0.098364,-0.156538,Livros infantis à venda na Bienal incentivam práticas sexuais! Será verdade?,https://www.e-farsas.com/livros-infantis-a-venda-na-bienal-incentivam-praticas-sexuais-sera-verdade.html,e-farsas.com,golpes_plataformas,2019-09-06,2
b8df1e8da53bcb24fdf3ec5202096efddda6f084,7,-0.204483,0.043163,É falso que repórter tenha falado em visitar filha de Bolsonaro na cadeia : Projeto Comprova,https://projetocomprova.com.br/publicações/e-falso-que-reporter-tenha-falado-em-visitar-filha-de-bolsonaro-na-cadeia/,projetocomprova.com.br,politica_eleicoes,2021-03-05,1
c85a73c77d5cfbe9ac7d6ab5f7d65536733a152e,6,-0.134067,0.016373,Post usa vídeo antigo para acusar museu de exibir pornografia patrocinada com dinheiro público : Projeto Comprova,https://projetocomprova.com.br/publicações/post-usa-video-antigo-para-acusar-museu-de-exibir-pornografia-patrocinada-com-dinheiro-publico/,projetocomprova.com.br,politica_eleicoes,2021-07-02,2
1d2dfd2e93820fe95936b935d41913c51b56b084,1,-0.205274,0.183166,Post mistura dados verdadeiros com números incorretos sobre financiamentos do BNDES nos governos do PT : Projeto Comprova,https://projetocomprova.com.br/publicações/post-mistura-dados-verdadeiros-com-numeros-incorretos-sobre-financiamentos-do-bndes-nos-governos-do-pt/,projetocomprova.com.br,economia,2021-09-21,3
7b395bd0ad3fbed7964eb1259560b053834e5787,7,-0.119232,-0.007196,É falso que China tenha doado helicópteros após visita de Bolsonaro ao país,https://noticias.uol.com.br/comprova/ultimas-noticias/2019/11/06/e-falso-que-china-tenha-doado-60-helicopteros-apos-viagem-de-bolsonaro.htm,noticias.uol.com.br,politica_eleicoes,2019-11-06,2
d77a25a70f0f8b72889be103676b24bec24742f4,6,-0.125619,-0.173296,Charlie Chaplin ficou em terceiro lugar num concurso de sósias de Charlie Chaplin?,https://www.e-farsas.com/charlie-chaplin-ficou-em-terceiro-lugar-num-concurso-de-sosias-de-charlie-chaplin.html,e-farsas.com,golpes_plataformas,2020-10-24,2
b41649306935babb2e6c5e6b12e4346e52794534,7,-0.207364,0.171256,Janot não denunciou ministros do STF nem disse que eles seriam presos,https://noticias.uol.com.br/confere/ultimas-noticias/2019/10/09/janot-nao-denunciou-ministros-do-stf-nem-disse-que-eles-seriam-presos.htm,noticias.uol.com.br,seguranca_justica,2019-10-09,2
bf2884d30ba24cf8dcbfef8578f597d3fa4f045d,3,-0.075345,-0.233027,Novo Extra vai ser inaugurado na cidade e tem vagas de emprego no WhatsApp #boato,https://www.boatos.org/tecnologia/novo-extra-inaugurado-cidade-vagas-emprego-whatsapp.html,boatos.org,golpes_plataformas,2019-11-16,1
00784a3075f0659d35eca1638d8d7c85e5f05ac9,0,0.347735,-0.016345,É #FAKE que vacinas contra o novo coronavírus possam gerar seres geneticamente modificados | G1,https://g1.globo.com/fato-ou-fake/coronavirus/noticia/2020/07/29/e-fake-que-vacinas-contra-o-novo-coronavirus-possam-gerar-seres-geneticamente-modificados.ghtml,g1.globo.com,saude_ciencia,2020-07-29,1
2667dd50985ce503d2b30df1c9959232da1b691f,6,0.183917,-0.047914,Será verdade que o óleo de coco é um eficaz repelente natural?,https://www.e-farsas.com/sera-verdade-que-o-oleo-de-coco-e-um-eficaz-repelente-natural.html,e-farsas.com,internacional,2019-07-18,1
cf5f1e7447d5877e00341269cc9b471b7f0bc04d,1,-0.218429,0.024441,É enganoso dizer que vídeo de vagões com contêineres empilhados seja do primeiro trem no trajeto do MT ao porto de Santos : Projeto Comprova,https://projetocomprova.com.br/publicações/e-enganoso-dizer-que-video-de-vagoes-com-conteineres-empilhados-seja-do-primeiro-trem-no-trajeto-do-mt-ao-porto-de-santos/,projetocomprova.com.br,politica_eleicoes,2021-04-16,3
40ebb49c0d6c39f2fa668787d9ad00f66904eaa6,2,0.288721,0.009425,Índia processa OMS por esconder eficácia da ivermectina #boato,https://www.boatos.org/saude/india-processa-oms-esconder-eficacia-ivermectina.html,boatos.org,saude_ciencia,2021-06-24,1
3828fc62837392e9e8dac04a5ab844358d7f6513,1,-0.117987,0.243379,É verdade que o Ensino Médio apresentou melhor resultado em 15 anos do Ideb,https://noticias.uol.com.br/comprova/ultimas-noticias/2020/09/21/e-verdade-que-o-ensino-medio-apresentou-melhor-resultado-em-15-anos-do-ideb.htm,noticias.uol.com.br,politica_eleicoes,2020-09-21,2
b1b4f0560d3f79a977dabde5c798fc96ddf43299,2,0.325830,0.251983,Estudo da Lancet não levou estados e municípios a deixarem de receitar cloroquina : Projeto Comprova,https://projetocomprova.com.br/publicações/estudo-da-lancet-nao-levou-estados-e-municipios-a-deixarem-de-receitar-cloroquina/,projetocomprova.com.br,saude_ciencia,2021-05-05,2
33e2fec37a0d29e97df5e641638f44abdcccc004,0,0.187661,-0.013909,Previsão de vacinação para Covid-19 do Ministério da Saúde até 08/08 é divulgada #boato,https://www.boatos.org/saude/previsao-vacinacao-para-covid-19-ministerio-da-saude-ate-08-08-divulgada.html,boatos.org,saude_ciencia,2021-03-23,1
80450cc593e0cd43870f30d2df1fbbe6e25e740f,2,0.149819,0.026330,Ministros que impediram uso da hidroxicloroquina serão processados na França #boato,https://www.boatos.org/mundo/ministros-impediram-uso-hidroxicloroquina-processados-franca.html,boatos.org,politica_eleicoes,2020-07-14,1
e48f8b779b2986006ee6da4a51232ec6a8dddef8,6,-0.136149,-0.203457,"Um ""vídeo secreto do Pentágono"" divulgado na Deep Web mostra um policial se ""teleportando""?",https://www.e-farsas.com/um-video-secreto-do-pentagono-divulgado-na-deep-web-mostra-um-policial-se-teleportando.html,e-farsas.com,seguranca_justica,2019-01-17,1
44fb8b4a810fe50ee97d2c84e5522f8789615d0f,6,0.018474,-0.143139,Arma de energia dirigida foi usada no Iraque e causou a megaexplosão em Beirute?,https://www.e-farsas.com/arma-de-energia-dirigida-foi-usada-no-iraque-e-causou-a-megaexplosao-em-beirute.html,e-farsas.com,politica_eleicoes,2020-08-05,1
a791114d4e522b6e6b6c07ab82e2cc8a9869be15,1,-0.125638,0.073398,Terras indígenas em Rondônia não foram vendidas a empresa irlandesa,https://noticias.uol.com.br/comprova/ultimas-noticias/2019/10/01/terras-indigenas-em-rondonia-nao-foram-vendidas-a-empresa-irlandesa.htm,noticias.uol.com.br,seguranca_justica,2019-10-01,4
365fd4932533d5756fdc5a67f5ff2c8771ee5bfd,7,-0.124480,0.027103,"Prefeito de Votuporanga perde a paciência, libera tudo em decreto e xinga a população #boato",https://www.boatos.org/politica/prefeito-votuporanga-perde-paciencia-libera-tudo-decreto-xinga-populacao.html,boatos.org,saude_ciencia,2020-08-27,1
0343b510c6db8f1fabbbaca8a1fc8dbb35da6a43,0,0.063387,0.318210,"Ao contrário do que disse, Bolsonaro assinou lei que prevê vacina 'à força'",https://noticias.uol.com.br/comprova/ultimas-noticias/2020/09/03/diferente-do-que-disse-bolsonaro-assinou-lei-que-preve-vacina-obrigatoria.htm,noticias.uol.com.br,politica_eleicoes,2020-09-03,1
7f6eef8af16d1d0ccd7367798e6d091ffa705d95,7,-0.199025,0.028128,É montagem: faculdade não ironizou ministros do STF em outdoor,https://noticias.uol.com.br/confere/ultimas-noticias/2019/09/19/e-montagem-faculdade-nao-ironizou-ministros-do-stf-em-outdoor.htm,noticias.uol.com.br,seguranca_justica,2019-09-19,1
361c9eb4e82bdcb968184b7015b5aafd70a1f120,6,-0.159245,-0.056566,O Comitê de Direitos Humanos do Brasil mandou libertar as mulheres que mataram o pequeno Rhuan?,https://www.e-farsas.com/o-comite-de-direitos-humanos-do-brasil-mandou-libertar-as-mulheres-que-mataram-o-pequeno-rhuan.html,e-farsas.com,seguranca_justica,2019-06-15,1
ff3efe13b4dd77a2ff7433c5e4323ac2b27cefdf,4,0.086855,0.146175,"Governo do Ceará desativa leitos de hospital para receber mais recursos federais, mostra vídeo #boato",https://www.boatos.org/politica/governo-ceara-desativa-leitos-hospital-recursos-federais-video.html,boatos.org,saude_ciencia,2020-04-21,1
748a0556f9cdb2bc1e71aa83ae746c2ffdff6085,7,-0.257301,0.059948,"Filho 04 de Bolsonaro, Renan, vai ganhar R$ 37 mil como consultor da Secretaria de Cultura #boato",https://www.boatos.org/politica/filho-04-bolsonaro-renan-ganhar-r-37-mil-como-consultor-secretaria-cultura.html,boatos.org,politica_eleicoes,2020-09-25,1
7a9afc4e3b29acf34118dc69d5b387e50f2880b8,6,-0.018131,-0.212154,Há um pôster de abelhas na NASA dizendo que elas não foram feitas para voar?,https://www.e-farsas.com/ha-um-poster-de-abelhas-na-nasa-dizendo-que-elas-nao-foram-feitas-para-voar.html,e-farsas.com,saude_ciencia,2020-09-19,1
429f880521c2a38854d2c1ace0a78cb448c15d11,4,0.116351,-0.017226,"Pneu estoura e mata o primo do porteiro, mas atestado de óbito é de coronavírus! Será?",https://www.e-farsas.com/pneu-estoura-e-mata-o-primo-do-porteiro-mas-atestado-de-obito-e-de-coronavirus-sera.html,e-farsas.com,saude_ciencia,2020-03-29,1
bc3ac27f05805ee37dbeef903dc4439ef28aeb2f,1,-0.150789,0.137512,Demarcação de terra indígena em RR não tem relação com arroz mais caro,https://noticias.uol.com.br/comprova/ultimas-noticias/2020/09/30/demarcacao-de-terra-indigena-em-rr-nao-tem-relacao-com-arroz-mais-caro.htm,noticias.uol.com.br,politica_eleicoes,2020-09-30,1
5d546ad35c009978c34837c9229ca495c4db7da3,3,-0.037946,-0.238911,Huawei dá presentes de ano novo em site no WhatsApp #boato,https://www.boatos.org/tecnologia/huawei-da-presente-de-ano-novo-site-whatsapp.html,boatos.org,golpes_plataformas,2020-12-28,2
876d6566e95eefd0878972c102c99f2bab952b3d,0,0.266801,0.118119,É enganoso que expor população seja melhor contra pandemia do que vacinação,https://noticias.uol.com.br/comprova/ultimas-noticias/2020/10/28/e-enganoso-que-expor-populacao-e-melhor-do-que-vacinacao-contra-pandemia.htm,noticias.uol.com.br,saude_ciencia,2020-10-28,1
ec97b9cf43a7aa3213d0efcb842ff56f26fbde22,7,-0.131418,-0.026537,Vídeo mostra Venezuela em guerra civil no ano de 2021 #boato,https://www.boatos.org/mundo/video-mostra-venezuela-guerra-civil-2021.html,boatos.org,politica_eleicoes,2021-03-27,2
ec350f140e3ad66c8c1547d190f18b9b65a0883e,2,0.347820,-0.027857,Madagascar desmente ter denunciado uma tentativa de suborno da OMS para envenenar uma possível cura da COVID-19,https://checamos.afp.com//madagascar-desmente-ter-denunciado-uma-tentativa-de-suborno-da-oms-para-envenenar-uma-possivel-cura,checamos.afp.com,saude_ciencia,2024-04-17,2
c1767361abae9085cd1653280ce39b6d2533e2a8,0,0.316824,-0.034290,Vírus não foi feito na França e vacinas não são uma iniciativa globalista para reduzir a população : Projeto Comprova,https://projetocomprova.com.br/publicações/virus-nao-foi-feito-na-franca-e-vacinas-nao-sao-uma-iniciativa-globalista-para-reduzir-a-populacao/,projetocomprova.com.br,saude_ciencia,2020-12-02,2
099b11befc4ef5f93e9b26d863f2dfa47725298f,4,0.341755,0.014021,Vídeo usa informações falsas e diz que pico de Covid-19 ficou para trás,https://noticias.uol.com.br/comprova/ultimas-noticias/2020/05/02/video-usa-informacoes-falsas-e-diz-que-pico-de-covid-19-ficou-para-tras.htm,noticias.uol.com.br,saude_ciencia,2020-05-02,4
8a2b596768b4db13d821d1d4be8e4d5405b811ad,6,0.016729,-0.094339,"Exame positivo para COVID-19 codificado como ""Brilhante Ustra"" pertence a Jair Bolsonaro?",https://www.e-farsas.com/exame-positivo-para-covid-19-codificado-como-brilhante-ustra-pertence-a-jair-bolsonaro.html,e-farsas.com,politica_eleicoes,2020-05-01,1
7655b06ef113855258a8ea973d3082fcdf27005b,0,0.143633,0.118113,Fiocruz atrasou entrega de vacinas porque faz boicote a Bolsonaro #boato,https://www.boatos.org/saude/fiocruz-atrasou-entrega-vacinas-porque-faz-boicote-bolsonaro.html,boatos.org,politica_eleicoes,2021-04-07,2
1298e11a96cc0e580cbfecc3202eb6d0b0234103,5,-0.177108,0.169215,"Ataque de hackers no sistema do TSE não afeta segurança da eleição, dizem especialistas e Barroso",https://checamos.afp.com//ataque-de-hackers-no-sistema-do-tse-nao-afeta-seguranca-da-eleicao-dizem-especialistas-e-barroso,checamos.afp.com,politica_eleicoes,2024-04-17,1
1f7fc96b72845d93dda16c5eae8cfe16fb3b12a4,7,-0.157150,0.157619,Não há registro de que Trump disse que a imprensa brasileira teme a candidatura de um militar,https://checamos.afp.com//nao-ha-registro-de-que-trump-disse-que-imprensa-brasileira-teme-candidatura-de-um-militar,checamos.afp.com,politica_eleicoes,2024-04-17,1
6eaf831aad83beafad287cb216c77b268506b7c9,0,0.242369,0.055575,É enganoso que Coronavac foi proibida nos EUA e na Europa : Projeto Comprova,https://projetocomprova.com.br/publicações/e-enganoso-que-coronavac-foi-proibida-nos-eua-e-na-europa/,projetocomprova.com.br,saude_ciencia,2021-05-12,1
92cc6d01f818b09468283c5223e7f56278f5772b,4,0.276909,-0.079609,Nobel de Medicina Tasuku Honjo não disse que o coronavírus é artificial : Projeto Comprova,https://projetocomprova.com.br/publicações/nobel-de-medicina-tasuku-honjo-nao-disse-que-o-coronavirus-e-artificial/,projetocomprova.com.br,saude_ciencia,2021-03-05,1
cbd32d80e4410903cdaa1f65bba0ab4c428dd6a3,6,-0.048716,-0.150994,"O vídeo de uma luz cruzando os trilhos de trem mostra efeitos visuais gerados por computador, não uma centelha, ou raio globular",https://checamos.afp.com//o-video-de-uma-luz-cruzando-os-trilhos-de-trem-mostra-efeitos-visuais-gerados-por-computador-nao-uma,checamos.afp.com,golpes_plataformas,2024-11-28,1
21a8cbd587f59770fefd9958d1f26f073c3fee4b,7,-0.204880,0.077620,É verdade que Jean Wyllys está fugindo do país para não ser preso pela facada em Bolsonaro?,https://www.e-farsas.com/e-verdade-que-jean-wyllys-esta-fugindo-do-pais-para-nao-ser-preso-pela-facada-em-bolsonaro.html,e-farsas.com,politica_eleicoes,2019-01-25,1
eb54fb68f91bfb8f1a52fe126641226393ca7c3d,4,0.294525,-0.044062,Texto que lista 17 conselhos para a pandemia mistura dados corretos e informações falsas sobre o vírus : Projeto Comprova,https://projetocomprova.com.br/publicações/texto-que-lista-17-conselhos-para-a-pandemia-mistura-dados-corretos-e-informacoes-falsas-sobre-o-virus/,projetocomprova.com.br,saude_ciencia,2021-03-05,1
a6ea907070716a936bd9bb92b48dc431f58a4853,2,0.379456,0.166742,"Estudo italiano é verdadeiro, mas pesquisadores não propõem uso da hidroxicloroquina como potencial tratamento para covid-19 : Projeto Comprova",https://projetocomprova.com.br/publicações/estudo-italiano-e-verdadeiro-mas-pesquisadores-nao-propoem-uso-da-hidroxicloroquina-como-potencial-tratamento-para-covid-19/,projetocomprova.com.br,saude_ciencia,2020-10-07,2
7ef46358ce7751a35dafa42d166668d47736d71d,6,-0.153798,-0.139827,Diamante de duas toneladas e meia foi encontrado em uma ONG na Amazônia #boato,https://www.boatos.org/brasil/diamante-duas-toneladas-e-meia-ong-amazonia.html,boatos.org,meio_ambiente,2019-09-08,1
7aa3b968bfae54937a46a88379f00edfd75fe96d,0,0.202858,0.119237,É enganosa postagem que afirma que Brasil vacinou 11% da população antes da Alemanha : Projeto Comprova,https://projetocomprova.com.br/publicações/e-enganosa-postagem-que-afirma-que-brasil-vacinou-11-da-populacao-antes-da-alemanha/,projetocomprova.com.br,saude_ciencia,2021-06-10,1
f2af61ade3f06ecc6078167bd893ded1eba598bd,5,-0.226369,0.369631,Bolsonaro não se beneficiou de fraude eleitoral em 1994 : Projeto Comprova,https://projetocomprova.com.br/publicações/bolsonaro-nao-se-beneficiou-de-fraude-eleitoral-em-1994/,projetocomprova.com.br,politica_eleicoes,2020-11-27,1
77873650fa212a5fa9d306d2453af654c6e64297,2,0.363658,-0.003531,É #FAKE que dióxido de cloro previne e cura a Covid-19 | G1,https://g1.globo.com/fato-ou-fake/coronavirus/noticia/2020/08/03/e-fake-que-dioxido-de-cloro-previne-e-cura-a-covid-19.ghtml,g1.globo.com,saude_ciencia,2020-08-03,1
fd90fb871557ac53318b1e8d2570c15efbb26549,2,0.387103,0.247052,Pesquisa na Cidade do México não é capaz de provar redução de internações por covid-19 com ivermectina : Projeto Comprova,https://projetocomprova.com.br/publicações/pesquisa-na-cidade-do-mexico-nao-e-capaz-de-provar-reducao-de-internacoes-por-covid-19-com-ivermectina/,projetocomprova.com.br,saude_ciencia,2021-05-24,3
a6029b78113a082dff0846f0e9043c8761bcafbc,4,0.153404,-0.145508,É #FAKE que pesquisador foi preso nos EUA por fabricar e vender o novo coronavírus para a China | G1,https://g1.globo.com/fato-ou-fake/coronavirus/noticia/2020/04/07/e-fake-que-pesquisador-foi-preso-nos-eua-por-fabricar-e-vender-o-novo-coronavirus-para-a-china.ghtml,g1.globo.com,internacional,2020-04-07,1
711ad536bebf330b7d2a7a04d6b61332b507810c,2,0.223124,0.050852,Site engana ao afirmar que baixa mortalidade por covid-19 em Cuba é por conta da hidroxicloroquina : Projeto Comprova,https://projetocomprova.com.br/publicações/site-engana-ao-afirmar-que-baixa-mortalidade-por-covid-19-em-cuba-e-por-conta-da-hidroxicloroquina/,projetocomprova.com.br,saude_ciencia,2021-03-12,1
9856a2daccf6b9adec7c6541aed9486349968f69,7,-0.155963,0.165129,Bolsonaro determina prontidão do Exército para guerra contra Venezuela #boato,https://www.boatos.org/politica/bolsonaro-exercito-guerra-venezuela.html,boatos.org,politica_eleicoes,2019-02-25,1
a0ff711e22781eef803f6ac3060cec74daf9da5a,5,-0.234276,0.247969,"Foto da Copa do Mundo de 1962 não mostra um ""viajante do tempo""",https://www.e-farsas.com/foto-da-copa-do-mundo-de-1962-nao-mostra-um-viajante-do-tempo.html,e-farsas.com,politica_eleicoes,2020-12-05,1
7ea552049e5007a7370db0d1597e449a23c82d32,4,0.289592,-0.129628,É #FAKE que produtos importados da China podem conter coronavírus | G1,https://g1.globo.com/fato-ou-fake/noticia/2020/02/07/e-fake-que-produtos-importados-da-china-podem-conter-coronavirus.ghtml,g1.globo.com,saude_ciencia,2020-02-07,1
c65bba1dd17df26fa41b300ab6ba3531c4a45b35,1,-0.171521,0.285607,Contratos de empresa do presidente da OAB com estatais são regulares,https://noticias.uol.com.br/comprova/ultimas-noticias/2019/08/10/contratos-de-empresa-do-presidente-da-oab-com-estatais-sao-regulares.htm,noticias.uol.com.br,politica_eleicoes,2019-08-10,1
b48b6c0b2c1422e5509e72cfdf8d7d1d9ff002fa,0,0.238086,-0.027768,É enganoso post no Facebook sobre morte de médico por covid-19 após tomar a vacina : Projeto Comprova,https://projetocomprova.com.br/publicações/e-enganoso-post-no-facebook-sobre-morte-de-medico-por-covid-19-apos-tomar-a-vacina/,projetocomprova.com.br,saude_ciencia,2021-04-16,2
761616ffa56b24b4a4614bca372aa83393f07af8,1,-0.185142,0.355165,Um terço do que governo quer remanejar são cortes da educação,https://noticias.uol.com.br/comprova/ultimas-noticias/2019/08/22/um-terco-do-que-governo-quer-remanejar-sao-cortes-da-educacao.htm,noticias.uol.com.br,politica_eleicoes,2019-08-22,3
baa43707198750621d5dd670441d04f44c6ff6de,3,-0.044966,-0.134672,É #FAKE que há abono salarial para todos que trabalharam de 1995 a 2018 e que quem não sacá-lo perde o valor com a reforma da Previdência | G1,https://g1.globo.com/fato-ou-fake/noticia/2019/02/28/e-fake-que-ha-abono-salarial-para-todos-que-trabalharam-de-1995-a-2018-e-que-quem-nao-saca-lo-perde-o-valor-com-a-reforma-da-previdencia.ghtml,g1.globo.com,golpes_plataformas,2019-02-28,1
ef039992f9268c310bc72fc659e2788050f25495,2,0.395270,0.153066,Pacientes com lúpus não são imunes ao novo coronavírus : Projeto Comprova,https://projetocomprova.com.br/publicações/pacientes-com-lupus-nao-sao-imunes-ao-novo-coronavirus/,projetocomprova.com.br,saude_ciencia,2020-12-09,3
a468aa82ee5cb3cc5f0fe9391e936b8a87c6f812,7,-0.275265,0.058713,Lula defende Moro e diz que ex-juiz sempre lutou contra corrupção e colocou bandidos na cadeia #boato,https://www.boatos.org/politica/lula-defende-moro-diz-ex-juiz-sempre-lutou-contra-corrupcao-colocou-bandidos-cadeia.html,boatos.org,politica_eleicoes,2020-04-26,1
fa68213c7932467ff3db092bf5d3c8e812a388cc,3,-0.026949,-0.123213,É #FAKE que Boulos deu entrada em hospital após overdose em boate | G1,https://g1.globo.com/fato-ou-fake/noticia/2019/04/29/e-fake-que-boulos-deu-entrada-em-hospital-apos-overdose-em-boate.ghtml,g1.globo.com,saude_ciencia,2019-04-29,1
3529aaa7d2f6f6e7545deb572ea7a347342a0761,2,0.460627,0.057936,Estudo na Nature prova que ivermectina cura a Covid-19 e não precisamos de vacinas #boato,https://www.boatos.org/saude/estudo-nature-prova-ivermectina-cura-covid-19-nao-precisamos-vacinas.html,boatos.org,saude_ciencia,2021-06-23,2
a672428c80499de0b1f16380f29f56dc7c6c16f1,6,-0.172276,-0.245822,Ana de 6 anos foi trazida pelo motorista da van e está procurando a família #boato,https://www.boatos.org/brasil/ana-6-anos-trazida-motorista-van-esta-procurando-familia.html,boatos.org,golpes_plataformas,2021-02-19,1
c56650b999478c44fa1c9e93ca2919fca70a2847,1,0.058668,0.331654,"Ao contrário do que afirma deputado, Doria não recebeu R$19 bilhões da União para o combate à covid-19 : Projeto Comprova",https://projetocomprova.com.br/publicações/ao-contrario-do-que-afirma-deputado-doria-nao-recebeu-r19-bilhoes-da-uniao-para-o-combate-a-covid-19/,projetocomprova.com.br,politica_eleicoes,2021-04-16,2
09254ffe609360173b3eb0c0d4cf52c89fe1d8a3,4,0.183021,-0.080160,Italiano de 93 anos chora ao saber de dívida com hospital após se curar da Covid-19 #boato,https://www.boatos.org/mundo/italiano-93-anos-chora-divida-hospital.html,boatos.org,saude_ciencia,2020-06-24,2
7ee31ea29194eb9c04fd551e4d51126bd3c76276,7,-0.097494,-0.118083,"Argentina faliu, quebrou todas empresas e implantou o comunismo com o apoio da China #boato",https://www.boatos.org/mundo/argentina-faliu-quebrou-todas-empresas-implantou-comunismo-apoio-china.html,boatos.org,internacional,2020-06-18,1
3684b287446366379d4c7fc29bbf3333f59adf35,7,-0.021758,-0.129960,Renata Vasconcellos foi demitida da Globo antes de “expor tristeza” no Altas Horas #boato,https://www.boatos.org/entretenimento/renata-vasconcellos-demitida-globo-tristeza-altas-horas.html,boatos.org,golpes_plataformas,2020-07-12,1
40e89c8f66c6374fc3411bf68d477bc73e0f4518,5,-0.183672,0.205262,É enganoso afirmar que resultado de enquete sobre voto impresso reflete opinião da população : Projeto Comprova,https://projetocomprova.com.br/publicações/e-enganoso-afirmar-que-resultado-de-enquete-sobre-voto-impresso-reflete-opiniao-da-populacao/,projetocomprova.com.br,politica_eleicoes,2021-07-15,2
25b16a3150d0046744c77e64896b4dfd6858efa7,3,0.008643,-0.131967,É #FAKE que atual diretoria da Anvisa seja a mesma de governos do PT | G1,https://g1.globo.com/fato-ou-fake/noticia/2020/11/04/e-fake-que-atual-diretoria-da-anvisa-seja-a-mesma-de-governos-do-pt.ghtml,g1.globo.com,saude_ciencia,2020-11-04,2
6d3f1cb8f2fbaae22ba728dea8918fe67d2ce306,5,-0.279478,0.300501,Bolsonaro recicla mentiras para atacar urnas eletrônicas e alegar fraude,https://noticias.uol.com.br/confere/ultimas-noticias/2021/07/29/checagem-live-bolsonaro-alega-fraude-eleitoral-voto-eletronico.htm,noticias.uol.com.br,politica_eleicoes,2021-07-29,3
bdc9bbe1f54c0d960ed06fe5019be51902ea7a2a,1,-0.111930,0.057185,Post tira de contexto frase de Damares Alves sobre abuso infantil,https://noticias.uol.com.br/comprova/ultimas-noticias/2020/08/21/post-tira-de-contexto-frase-de-damares-alves-sobre-abuso-infantil.htm,noticias.uol.com.br,golpes_plataformas,2020-08-21,1
def0b5e062307c47e4e093523f9034ab0be24517,6,-0.056767,-0.100598,Bill Gates é preso pelo exército americano por tráfico de crianças e outros crimes #boato,https://www.boatos.org/mundo/bill-gates-preso-exercito-americano-trafico-de-criancas-outros-crimes.html,boatos.org,internacional,2021-08-02,2
b3d26cb9c65455ba99e7f659e142ad9262f556fb,3,-0.087624,-0.189049,Xvideos anuncia no Twitter @Xv que sairá do ar no Brasil em setembro #boato,https://www.boatos.org/tecnologia/xvideos-anuncia-twitter-xv-saira-do-ar-brasil.html,boatos.org,golpes_plataformas,2019-08-07,1
81a3ed0fbbb8c3f713d0332eb1bd892117a9f043,4,0.324109,0.013272,"Vídeo compara, erroneamente, pesquisadores que estudam covid-19 : Projeto Comprova",https://projetocomprova.com.br/publicações/video-compara-erroneamente-pesquisadores-que-estudam-covid-19/,projetocomprova.com.br,saude_ciencia,2021-03-05,3
15490574a4c34b42ddf9574e378698d05ad9eb53,4,0.280426,-0.026936,É #FAKE que estudo espanhol com 60 mil pessoas atestou ineficácia do isolamento social para conter o coronavírus | G1,https://g1.globo.com/fato-ou-fake/coronavirus/noticia/2020/05/25/e-fake-que-estudo-espanhol-com-60-mil-pessoas-atestou-ineficacia-do-isolamento-social-para-conter-o-coronavirus.ghtml,g1.globo.com,saude_ciencia,2020-05-25,1
3a7cf6306db6ca71e6309b66b61d2888e9a57b42,7,-0.205677,-0.029355,Sérgio Reis escreveu carta sobre Ditadura no Diário de São Paulo #boato,https://www.boatos.org/entretenimento/sergio-reis-escreveu-carta-sobre-ditadura-diario-de-sao-paulo.html,boatos.org,economia,2020-11-12,1
f2ceaab05d812dd75a52380515e882972813e6fd,0,0.312702,-0.114875,Vacina chinesa causa dano genético e causou reações adversas graves em grande número de voluntários #boato,https://www.boatos.org/saude/vacina-chinesa-causa-dano-genetico-causou-reacoes-adversas-graves-grande-numero-voluntarios.html,boatos.org,saude_ciencia,2020-09-27,2
e6b008288d00300c68911227cb96149f653b543f,7,-0.096058,-0.043870,"Caetano, Bethânia, Mart'nalia e Regina Casé dançam em festa de réveillon 2021 #boato",https://www.boatos.org/entretenimento/caetano-bethania-martnalia-regina-case-reveillon-2021.html,boatos.org,politica_eleicoes,2021-01-04,2
8dd6c7c37dfec94301f025a5e22609be2ad3700c,7,-0.158182,0.123780,Bolsonaro cancelou verbas para o Carnaval e Parada Gay no Brasil #boato,https://www.boatos.org/politica/bolsonaro-cancelou-carnaval-parada.html,boatos.org,politica_eleicoes,2019-01-18,1
fc2d0f2d56c9da77aa2b33a7825b10b8211863c6,5,-0.214092,0.227586,Margaret Thatcher disse que todo esquerdista é um incompetente e fracassado?,https://www.e-farsas.com/margaret-thatcher-disse-que-todo-esquerdista-e-um-incompetente-e-fracassado.html,e-farsas.com,politica_eleicoes,2020-12-21,1
44f0a4259e5e58d31d68948940551aa7903e994d,6,-0.123209,-0.221843,Neta de vocalista do Narazeth (Dan McCafferty) canta Love Hurts em homenagem ao avô #boato,https://www.boatos.org/entretenimento/neta-de-vocalista-do-narazeth-canta-love-hurts.html,boatos.org,golpes_plataformas,2019-12-11,1
eed8c5fa3ea80363a8fd88ce88b711d68e131006,7,-0.118238,-0.007542,Paulo Guedes foi o responsável pela reforma da Previdência no Chile #boato,https://www.boatos.org/politica/paulo-guedes-reforma-previdencia-chile.html,boatos.org,politica_eleicoes,2019-06-03,1
03d3a75824b0cbc313b825ceebc4aefcbb9fcab0,2,0.320676,-0.082635,Cascas de laranja e limão contêm ivermectina e cloroquina e curam a covid-19 #boato,https://www.boatos.org/saude/cascas-laranja-limao-contem-ivermectina-cloroquina-curam-covid-19.html,boatos.org,saude_ciencia,2020-07-22,1
4ff55167a909cd7769eb6a24eca633c052511d0a,1,-0.119287,0.099690,Ampliação do rodízio de veículos em São Paulo em 2020 vai incluir diversas avenidas #boato,https://www.boatos.org/brasil/ampliacao-rodizio-veiculos-sao-paulo-2020-incluir-diversas-avenidas.html,boatos.org,golpes_plataformas,2020-01-24,1
ebb83f18a0daac526045703e79e8f3d1d91e9ca8,3,0.007058,-0.105963,LBV está dando cestas básicas e kits de limpeza para quem compartilhar link no WhatsApp #boato,https://www.boatos.org/tecnologia/lbv-dando-cestas-basicas-kits-de-limpeza-compartilhar-link-whatsapp.html,boatos.org,golpes_plataformas,2020-05-14,1
e43d0019267b041c25836a006977781c751c732a,7,-0.249985,-0.040846,Jean Wyllys vendeu mandato de deputado para David Miranda por US$ 700 mil #boato,https://www.boatos.org/politica/jean-wyllys-vendeu-mandato-deputado-700-mil.html,boatos.org,politica_eleicoes,2019-06-17,2
cb65323e0110d391105eb45dac7d30352d4b77d1,7,-0.162789,-0.010500,É #FAKE que Fernando Haddad fez festa de aniversário com vários convidados no meio da quarentena | G1,https://g1.globo.com/fato-ou-fake/coronavirus/noticia/2020/06/09/e-fake-que-fernando-haddad-fez-festa-de-aniversario-com-varios-convidados-no-meio-da-quarentena.ghtml,g1.globo.com,saude_ciencia,2020-06-09,1
932b46f3cf865771e03741508b63f933d7686d7f,7,-0.220658,-0.027233,Messi faz tatuagem em homenagem a Bolsonaro #boato,https://www.boatos.org/esporte/messi-tatuagem-homenagem-bolsonaro.html,boatos.org,politica_eleicoes,2021-08-13,2
43b3ac6a80ed910b3730ca230bc152a5b896996d,7,-0.200177,-0.122124,Steve é membro do Partido Democrata e fez tatuagem de bebê para apoiar a ideologia comunista da pedofilia #boato,https://www.boatos.org/mundo/steve-membro-partido-democrata-tatuagem-bebe-ideologia-comunista-pedofilia.html,boatos.org,golpes_plataformas,2020-07-31,2
d52e9d3fba31c47c5cf8267862f68397d9d03111,6,-0.108149,-0.212069,A Mulher sem Expressão: Uma chacina real ou tão somente um conto de terror?,https://www.e-farsas.com/a-mulher-sem-expressao-uma-chacina-real-ou-tao-somente-um-conto-de-terror.html,e-farsas.com,saude_ciencia,2019-02-24,1
54372c0be37b6c1b9b3ef73a185601d8783ef62a,6,-0.050490,-0.190794,Edson Celulari morre aos 58 anos vítima de câncer #boato,https://www.boatos.org/entretenimento/edson-celulari-morre-cancer.html,boatos.org,saude_ciencia,2016-07-14,1
0412538ec34b8fbd2a3630bf17b62f72f77a8b5a,7,-0.260424,-0.046583,Manifestação bolsonarista pediu pela cobrança de IPTU e Luz de mendigos?,https://www.e-farsas.com/manifestacao-bolsonarista-pediu-pela-cobranca-de-iptu-e-luz-de-mendigos.html,e-farsas.com,seguranca_justica,2019-05-21,1
909b3d7016e88272f681c25086884527f4c5c27a,4,0.297230,0.075926,É falso que máscaras não ajudam controlar pandemia. Ciência atesta eficácia,https://noticias.uol.com.br/comprova/ultimas-noticias/2020/08/07/e-falso-que-mascaras-nao-ajudam-controlar-pandemia-ciencia-atesta-eficacia.htm,noticias.uol.com.br,saude_ciencia,2020-08-07,2
cdcb86caa6c66bf0c982f11af6d30557b9458ba4,6,-0.064263,-0.269128,"Será verdade que um ""fantasma"" assustou um homem enquanto ele bebia água?",https://www.e-farsas.com/sera-verdade-que-um-fantasma-assustou-um-homem-enquanto-ele-bebia-agua.html,e-farsas.com,politica_eleicoes,2019-03-11,1
7977642c4743d10e2493474948c4b854b42a874d,7,-0.274121,0.098549,"Túlio Gadêlha, namorado de Fátima Bernardes, comemora aprovação do fundo eleitoral e derrubada de veto de Bolsonaro #boato",https://www.boatos.org/politica/tulio-gadelha-fatima-bernardes-comemora-aprovacao-fundo-eleitoral.html,boatos.org,politica_eleicoes,2019-12-11,1
9d04f618a0a70f334344a7093e99d08824467892,1,-0.003919,0.261836,"Repasse de R$ 8,9 bilhões do governo federal ao Amazonas não foi exclusivo para combate à pandemia : Projeto Comprova",https://projetocomprova.com.br/publicações/repasse-de-r-89-bilhoes-do-governo-federal-ao-amazonas-nao-foi-exclusivo-para-combate-a-pandemia/,projetocomprova.com.br,politica_eleicoes,2021-03-05,2
a9eec7c5aba009c5c1d0fdeb77900fafaddc9a19,6,-0.022660,-0.271980,Vídeo mostra fogo no aeroporto de Dubai (Emirados Árabes Unidos) em 2020 #boato,https://www.boatos.org/mundo/video-fogo-aeroporto-dubai-emirados-arabes-unidos-2020.html,boatos.org,golpes_plataformas,2020-08-17,1
d49691561642bfee7b1f6e9790d9e9222bee7eb4,3,-0.158153,-0.153993,Carrefour faz doação de 700 sofás para quem comentar foto no Facebook #boato,https://www.boatos.org/tecnologia/carrefour-faz-doacao-de-700-sofas-quem-comentar-foto-facebook.html,boatos.org,golpes_plataformas,2020-12-01,1
459d8cb164d699b29f5bc10171c9883b8c5c26bf,7,-0.043655,0.131384,É #FAKE que foto mostre governador do Rio de Janeiro furando a quarentena para passear em Angra dos Reis | G1,https://g1.globo.com/fato-ou-fake/coronavirus/noticia/2020/05/25/e-fake-que-foto-mostre-governador-do-rio-de-janeiro-furando-a-quarentena-para-passear-em-angra-dos-reis.ghtml,g1.globo.com,saude_ciencia,2020-05-25,1
5629f4b643795ce496d662e4cfb7cfcc882bd698,2,0.274837,0.069460,A quinina da água tônica ajuda no combate ao coronavírus?,https://www.e-farsas.com/a-quinina-da-agua-tonica-ajuda-no-combate-ao-coronavirus.html,e-farsas.com,saude_ciencia,2020-04-15,1
46b34b4c02b0020a828f1ac1fffab6d5bf4ba643,7,-0.196991,0.079781,Argentina decretou o confisco de propriedades privadas pelo governo comunista #boato,https://www.boatos.org/mundo/argentina-decretou-confisco-propriedades-privadas-governo.html,boatos.org,politica_eleicoes,2020-06-14,1
776838e17e8053da735404e34ebdb18b9f619db4,6,-0.027920,-0.172923,Ondas em praia dos Estados Unidos congelaram devido ao frio intenso?,https://www.e-farsas.com/ondas-em-praia-dos-estados-unidos-congelaram-devido-ao-frio-intenso.html,e-farsas.com,internacional,2019-02-11,1
c81f417679b78d9407183d5084b4ce4c40fd833d,4,0.292486,-0.101192,É #FAKE teor de advertências de ex-executivo da Pfizer expostas em vídeo | G1,https://g1.globo.com/fato-ou-fake/coronavirus/noticia/2021/01/18/e-fake-teor-de-advertencias-de-ex-executivo-da-pfizer-expostas-em-video.ghtml,g1.globo.com,saude_ciencia,2021-01-18,1
f475f0e7d100233f36e6cb25bc3a7836d847b9ea,2,0.298374,0.214597,"É falso que cloroquina teria salvado 100 mil vidas, como diz Bolsonaro",https://noticias.uol.com.br/comprova/ultimas-noticias/2020/08/14/e-falso-que-cloroquina-teria-salvado-100-mil-vidas-como-diz-bolsonaro.htm,noticias.uol.com.br,saude_ciencia,2020-08-14,1
5dfc661a069e26f3b6c49cd3a97575616c3c7c5a,5,-0.249159,0.082118,A Polícia Federal apreendeu em Fortaleza um caminhão com urnas eletrônicas roubadas?,https://www.e-farsas.com/a-policia-federal-apreendeu-um-caminhao-com-urnas-eletronicas-roubadas.html,e-farsas.com,seguranca_justica,2020-11-20,1
76d5bcf428a06508193d78c556a56dbd03de4382,7,-0.185733,0.012966,Caio Coppolla foi proibido pelo STF de participar de programas de TV e rádio e postar em redes sociais #boato,https://www.boatos.org/politica/caio-coppolla-proibido-pelo-stf-participar-programas-tv-radio-postar-redes-sociais.html,boatos.org,seguranca_justica,2021-08-24,2
72c68358931b2dfae5397efb349ff117f08b4b76,4,0.247479,-0.166731,Um menino indiano previu o coronavírus meses antes da pandemia?,https://www.e-farsas.com/um-menino-indiano-previu-o-coronavirus-meses-antes-da-pandemia.html,e-farsas.com,saude_ciencia,2020-06-24,1
e2774cb25c4114ffb6c4070e2263e6585adda8ed,6,-0.164665,-0.080797,Fotos mostram locais de Brumadinho que foram destruídos em tragédia #boato,https://www.boatos.org/brasil/locais-brumadinho-destruidos-barragem.html,boatos.org,golpes_plataformas,2019-02-09,1
11e2dc300fd608a771ed41cb81b3d303bf83d526,7,-0.271826,0.066685,"Marcos Valério grava áudio falando de casos Celso Daniel, Eduardo Campos, Teori e do PT #boato",https://www.boatos.org/politica/marcos-valerio-audio-celso-daniel-eduardo-campos-teori-pt.html,boatos.org,politica_eleicoes,2019-09-25,1
b4dcb62329473b9f7a783f772b74c1b71dd22b30,1,-0.233888,0.204517,Melhorias em 10 dias do governo Bolsonaro! O que é verdade e o que é mentira?,https://www.e-farsas.com/melhorias-em-10-dias-do-governo-bolsonaro-o-que-e-verdade-e-o-que-e-mentira.html,e-farsas.com,politica_eleicoes,2019-01-16,1
73cac2c8bb07dbc680c95e2911e213331252a86d,1,-0.131387,0.200817,Veja o que é #FATO ou #FAKE nas declarações dos candidatos à Prefeitura de Belo Horizonte na 3ª semana de campanha | G1,https://g1.globo.com/fato-ou-fake/noticia/2020/10/16/veja-o-que-e-fato-ou-fake-nas-declaracoes-dos-candidatos-a-prefeitura-de-belo-horizonte-na-3a-semana-de-campanha.ghtml,g1.globo.com,golpes_plataformas,2020-10-16,1
f4731c46c6d8a3a23ca224be0a551a271d71ae2a,6,-0.058815,-0.130510,É verdade que o homem que mantinha o filho acorrentado em um tambor foi linchado na cadeia?,https://www.e-farsas.com/e-verdade-que-o-homem-que-mantinha-o-filho-acorrentado-em-um-tambor-foi-linchado-na-cadeia.html,e-farsas.com,politica_eleicoes,2021-02-04,2
613761ee93834a38fd66bbc4d875b972acba277a,0,0.231311,-0.012424,"Boris Johnson revela a verdade ao dizer que ""vírus será injetado"" no lugar da vacina #boato",https://www.boatos.org/mundo/boris-johnson-virus-injetado-vacina.html,boatos.org,saude_ciencia,2020-12-09,1
c52f2304732db97a4eec8831d44d7675a79d1690,3,0.050907,-0.092901,É #FAKE que vídeo mostre Bell Marques falando do novo coronavírus com governador da BA no carnaval | G1,https://g1.globo.com/fato-ou-fake/coronavirus/noticia/2020/05/07/e-fake-que-video-mostre-bell-marques-falando-do-novo-coronavirus-com-governador-da-ba-no-carnaval.ghtml,g1.globo.com,saude_ciencia,2020-05-07,2
beea2cf1ff3e5400e306b621ec46bf99910cf485,4,0.171124,-0.136876,Máscaras da China compradas por Mandetta estão contaminadas com coronavírus #boato,https://www.boatos.org/saude/mascaras-china-compradas-mandetta-contaminadas-coronavirus.html,boatos.org,saude_ciencia,2020-04-17,2
7d7380a37e298df346af7acc0bdfd83bfe21d7c9,4,0.116654,-0.034641,Hospital de Campanha da Unicamp foi desmontado por falta de pacientes com Covid-19 em Campinas #boato,https://www.boatos.org/saude/hospital-campanha-unicamp-desmontado-falta-pacientes-covid-19-campinas.html,boatos.org,saude_ciencia,2020-05-09,2
9203125b0734d069fd3dc22c680cf99f149053be,0,0.204459,-0.132845,"Prefeito de Londres finge tomar vacina contra Covid-19, mostra foto #boato",https://www.boatos.org/mundo/prefeito-de-londres-finge-tomar-vacina-foto.html,boatos.org,saude_ciencia,2020-12-22,1
49db30b3cc813004e262eab3c1d979a6864607c0,1,-0.220469,0.189771,Bolsonaro ordenou que o Exército termine a pavimentação da Transamazônica?,https://www.e-farsas.com/bolsonaro-ordenou-que-o-exercito-termine-a-pavimentacao-da-transamazonica.html,e-farsas.com,politica_eleicoes,2019-02-10,1
9d4ab7962286ced5124c4c3a19a47fdc9ec1f937,6,0.012538,-0.286369,"Vídeo mostra erupção do vulcão White Island, na Nova Zelândia, em 2019 #boato",https://www.boatos.org/mundo/video-erupcao-vulcao-white-island-nova-zelandia-2019.html,boatos.org,golpes_plataformas,2019-12-19,1
805e39113f507cc56464de79f5d316145662288d,5,-0.152717,0.048205,Imagem com dados de Detroit é de dezembro de 2019 e não tem relação com a eleição nos EUA,https://checamos.afp.com//imagem-com-dados-de-detroit-e-de-dezembro-de-2019-e-nao-tem-relacao-com-eleicao-nos-eua,checamos.afp.com,internacional,2024-04-17,1
1184f30aefc372edb85a91dea721ddc879af5618,4,0.124201,-0.105361,É falso que testes são manipulados e pandemia da covid-19 é uma farsa,https://noticias.uol.com.br/comprova/ultimas-noticias/2020/09/07/e-falso-que-testes-sao-manipulados-e-pandemia-da-covid-19-e-uma-farsa.htm,noticias.uol.com.br,saude_ciencia,2020-09-07,1
00e75b1a766940e2c0b9472f766ffa3e59531dac,7,-0.108705,0.164606,Homem no Ceará foi preso por crime militar e não por criticar compra de ventiladores : Projeto Comprova,https://projetocomprova.com.br/publicações/homem-no-ceara-foi-preso-por-crime-militar-e-nao-por-criticar-compra-de-ventiladores/,projetocomprova.com.br,seguranca_justica,2021-03-05,3
934db64ecd42ebb1aec04261a35e1593d0f1c3ff,2,0.378031,0.081723,Não é verdade que Fauci sabia há 15 anos que a hidroxicloroquina “cura” o coronavírus,https://checamos.afp.com//nao-e-verdade-que-fauci-sabia-ha-15-anos-que-hidroxicloroquina-cura-o-coronavirus,checamos.afp.com,saude_ciencia,2024-04-17,1
85996155ba172ce584e877007b8301e1baabdd75,7,0.041008,0.136630,Carlos Bolsonaro furou fila e tomou a vacina contra Covid-19 #boato,https://www.boatos.org/politica/carlos-bolsonaro-furou-fila-tomou-vacina-contra-covid-19.html,boatos.org,saude_ciencia,2021-01-22,1
ad8bcb30a51ff46e5847072540a2b047c9101556,5,-0.234973,0.182925,Vídeo mostra divergências entre um boletim de urna impresso e o site do TSE?,https://www.e-farsas.com/video-mostra-divergencias-entre-um-boletim-de-urna-impresso-e-o-site-do-tse.html,e-farsas.com,politica_eleicoes,2020-11-20,1
3163c2af891e2aa9882d9a78922f15bd4a6a55b3,5,-0.223118,0.103166,Será que o homem usando camiseta da Dilma é o porteiro do condomínio de Jair Bolsonaro?,https://www.e-farsas.com/sera-que-o-homem-usando-camiseta-da-dilma-e-o-porteiro-do-condominio-de-jair-bolsonaro.html,e-farsas.com,politica_eleicoes,2019-10-31,2
65c457b909970968aab5edc425a9ca30cf556161,7,-0.173265,-0.003707,Bolsonaro condecorou professora Heley de Abreu como heroína nacional #boato,https://www.boatos.org/politica/bolsonaro-condecorou-heley-heroina-nacional.html,boatos.org,politica_eleicoes,2019-04-22,1
eb9e96e7dda7bedd36a62a1ff3edca1f87a2bd8d,6,-0.048782,-0.217083,Crianças autistas eram amarradas a um radiador num hospital psiquiátrico no Líbano?,https://www.e-farsas.com/criancas-autistas-eram-amarradas-a-um-radiador-num-hospital-psiquiatrico-no-libano.html,e-farsas.com,saude_ciencia,2020-01-18,1
f74f574d91165d91a511da75c563ac0f2f3ec7f7,1,-0.166298,0.147676,Saque de R$ 500 bloqueia o FGTS do trabalhador em caso de demissão?,https://www.e-farsas.com/saque-de-r-500-bloqueia-o-fgts-do-trabalhador-em-caso-de-demissao.html,e-farsas.com,economia,2019-08-08,1
7577d14ae93bf7bd62c397e57395eaadc1e920bf,7,-0.254522,0.168671,Vídeo em que ex-deputado critica Lei da Ficha Limpa é tirado de contexto para sugerir manipulação eleitoral : Projeto Comprova,https://projetocomprova.com.br/publicações/video-em-que-ex-deputado-critica-lei-da-ficha-limpa-e-tirado-de-contexto-para-sugerir-manipulacao-eleitoral/,projetocomprova.com.br,politica_eleicoes,2021-09-21,2
85b06085f0d2c87e15ea8d314606ab58997f65c7,7,-0.256714,0.084043,"Moro está envolvido até o pescoço em falcatrua de venda de inquérito da PF, denuncia Bolsonaro #boato",https://www.boatos.org/politica/moro-envolvido-pescoco-falcatrua-venda-inquerito-pf-denuncia-bolsonaro.html,boatos.org,politica_eleicoes,2020-07-01,1
e166086f5390b44f23d2907c6250bcb4e80326fe,1,-0.192733,0.174738,Bolsonaro zera fila de espera do Bolsa Família pela primeira vez na história #boato,https://www.boatos.org/politica/bolsonaro-zera-fila-espera-bolsa-familia.html,boatos.org,politica_eleicoes,2019-03-24,1
4c204cb80a59f962fc73a0c119c0b0bb5f47cb42,6,-0.138708,-0.047396,Gesara e Nesara serão implementadas em 2020 e reset financeiro ocorrerá nos próximos dias #boato,https://www.boatos.org/mundo/gesara-nesara-implementadas-2020-reset-financeiro-proximos-dias.html,boatos.org,seguranca_justica,2020-09-09,1
ae4e45d2c9bd0148488ef25973deab367b37aea5,6,-0.128045,-0.148431,"Papa Francisco disse que ""família é lugar de perdão"" e que não existe família perfeita #boato",https://www.boatos.org/religiao/papa-francisco-familia-lugar-de-perdao-nao-existe-familia-perfeita.html,boatos.org,golpes_plataformas,2020-09-23,1
24daf2fce2bd0acc8d9640966a0343278f987bea,1,-0.173566,0.208971,"Com correção, dólar sob Bolsonaro não é o mais caro no Plano Real",https://noticias.uol.com.br/comprova/ultimas-noticias/2019/11/21/com-correcao-dolar-sob-bolsonaro-nao-e-o-mais-caro-no-plano-real.htm,noticias.uol.com.br,politica_eleicoes,2019-11-21,1
12c04b5b1b65381f1617145f39c3e3ba1ba95bf7,7,-0.214680,-0.004999,"Ziraldo diz que o papa vê fogo na Amazônia e Pantanal, mas não vê fome na Venezuela #boato",https://www.boatos.org/entretenimento/ziraldo-papa-fogo-amazonia-pantanal.html,boatos.org,meio_ambiente,2020-09-28,1
d0a190847db69c4a2ce731cd0daea624132231d4,7,-0.123094,-0.206882,Vídeo “Cuba acordou” mostra protestos contra o comunismo em Cuba #boato,https://www.boatos.org/mundo/video-cuba-acordou-mostra-protestos-contra-comunismo-cuba.html,boatos.org,politica_eleicoes,2021-07-15,1
9eac915f83c10a8445c9308e7b705824c91057ba,6,-0.126877,-0.286526,Criador do meme Me Dê Papai morreu hoje! Luto #boato,https://www.boatos.org/brasil/me-de-papai-morreu.html,boatos.org,golpes_plataformas,2018-12-19,2
51ca1304821c6485a9f700f940cea12d17909aac,4,0.054399,-0.061864,Caixões vazios estão sendo utilizados em enterros coletivos de Manaus (AM) #boato,https://www.boatos.org/saude/caixoes-vazios-enterros-coletivos-manaus-am.html,boatos.org,seguranca_justica,2020-04-23,1
2790f5de016398269acb361e91f4998f1f9d6dc1,0,0.176758,-0.093139,A mulher fotografada enquanto se vacina contra a covid-19 não perdeu o bebê “dias depois”,https://checamos.afp.com//mulher-fotografada-enquanto-se-vacina-contra-covid-19-nao-perdeu-o-bebe-dias-depois,checamos.afp.com,saude_ciencia,2024-11-28,3
4804fe3b197c31391189c7522d6e983ea5f05af7,5,-0.183392,0.022362,Foto mostra uma polêmica campanha de pré-lançamento do PlayStation 5?,https://www.e-farsas.com/foto-mostra-uma-polemica-campanha-de-pre-lancamento-do-playstation-5.html,e-farsas.com,politica_eleicoes,2020-09-19,2
0277403313a77cc7e9045a1fa596183318f0be44,2,0.394983,0.166223,Covid: Estudo belga não prova eficácia da cloroquina no tratamento precoce,https://noticias.uol.com.br/comprova/ultimas-noticias/2020/09/02/covid-estudo-belga-nao-prova-eficacia-da-cloroquina-no-tratamento-precoce.htm,noticias.uol.com.br,saude_ciencia,2020-09-02,2
f1bd9fe48958e1e60ecfe9125447aded2459ee4f,1,-0.105573,0.119828,Auxílio Emergencial está atrasado porque 170 milhões de brasileiros tentaram se inscrever no APP #boato,https://www.boatos.org/politica/auxilio-emergencial-atrasado-170-milhoes-brasileiros-inscrever-app.html,boatos.org,economia,2020-04-30,1
c92b12aa01c596e631569e83e2dd37aa7521406e,5,-0.199574,0.271595,Tuíte engana ao dizer que o STF decidiu que voto impresso é inconstitucional : Projeto Comprova,https://projetocomprova.com.br/publicações/tuite-engana-ao-dizer-que-o-stf-decidiu-que-voto-impresso-e-inconstitucional/,projetocomprova.com.br,politica_eleicoes,2021-03-05,1
0e243d3714aa2fd2a009e0f2815ace20a66f6f14,1,-0.106122,0.117510,Post tira de contexto frase de Damares sobre abuso infantil : Projeto Comprova,https://projetocomprova.com.br/publicações/post-tira-de-contexto-frase-de-damares-sobre-abuso-infantil/,projetocomprova.com.br,golpes_plataformas,2021-03-05,1
f0be7d6fb53984729f8c15f031e63044af70e7d6,7,-0.181628,-0.047699,Felipe Neto disse que a “culpa da pedofilia é das crianças gostosas” em post no Twitter #boato,https://www.boatos.org/entretenimento/felipe-neto-disse-culpa-pedofilia-criancas-gostosas.html,boatos.org,politica_eleicoes,2020-05-26,1
218bac30fd2a1b80501529f4305bb6657686f222,7,-0.233414,-0.085170,"Boulos é da classe A, estudou nos EUA e criou movimento falso #boato",https://www.boatos.org/politica/boulos-da-classe-a-estudou-nos-eua-criou-movimento-popular-falso.html,boatos.org,politica_eleicoes,2020-11-19,1
0dc86f0b7a130a34ca5b9c165403a57dac3ae553,7,-0.152485,-0.059643,Bolsonaro diz que vai a Portugal para depois ir à Europa #boato,https://www.boatos.org/politica/bolsonaro-vai-portugal-depois-europa.html,boatos.org,politica_eleicoes,2019-04-18,1
c87832991037456b7bc6b0a4776a1e6dbce7de5d,7,-0.088941,0.066489,Vídeo mostra manifestação contra o comunismo na Argentina durante a quarentena #boato,https://www.boatos.org/mundo/video-manifestacao-contra-comunismo-argentina-quarentena.html,boatos.org,internacional,2020-06-12,1
58470ff322e8eaaed0637287730edbc4e9d883e7,6,-0.003668,-0.270172,Vídeo mostra tiroteio e apreensão de drogas e armas na baía de Guanabara! Será verdade?,https://www.e-farsas.com/video-mostra-tiroteio-e-apreensao-de-drogas-e-armas-na-baia-de-guanabara-sera-verdade.html,e-farsas.com,politica_eleicoes,2019-07-17,1
3c3f69829f637e39083b5902d3c2e52b0d068c35,7,-0.201766,0.077872,"Bolsonaro sabia que manifestante morreu ao usar foto em post, diz família",https://noticias.uol.com.br/confere/ultimas-noticias/2019/05/29/bolsonaro-sabia-que-manifestante-morreu-ao-usar-foto-em-post-diz-familia.htm,noticias.uol.com.br,politica_eleicoes,2019-05-29,1
4fb38b7c7a42e16ec239c3d1a1fa6d666d53673e,7,-0.266250,-0.059994,"Vice-diretora do PT de Porto Alegre, Mara Jaqueline, é flagrada roubando celular #boato",https://www.boatos.org/politica/vice-diretora-pt-porto-alegre-mara-jaqueline-roubando-celular.html,boatos.org,golpes_plataformas,2019-10-16,1
6525cfc3033bd96de5f4fd342a4c0cc886e00f6c,4,0.258660,0.089474,"Ao anunciar contágio por COVID-19, Bolsonaro cita dados imprecisos e remédios sem comprovação contra a doença",https://checamos.afp.com//ao-anunciar-contagio-por-covid-19-bolsonaro-cita-dados-imprecisos-e-remedios-sem-comprovacao-contra,checamos.afp.com,saude_ciencia,2024-04-17,1
7c58fe46acab423a5b0092337496a5b33fe62dc0,7,-0.308074,0.022563,Deputado José Guimarães já foi preso com dinheiro na cueca #boato,https://www.boatos.org/politica/deputado-jose-guimaraes-preso-dinheiro-cueca.html,boatos.org,politica_eleicoes,2019-10-03,1
8f9286026d3cfe66bb9326e2668f394b1d03ece3,3,0.031210,-0.293199,Coca-Cola está dando frigobar para quem entrar em site e compartilhar link no WhatsApp #boato,https://www.boatos.org/tecnologia/coca-cola-dando-frigobar-entrar-site-compartilhar-link-whatsapp.html,boatos.org,golpes_plataformas,2020-07-02,1
87c7ddba837fce16afb8eb813b1a1331907e7979,1,-0.115157,0.016453,"Nova lei do bafômetro prevê prisão para quem beber e dirigir, diz delegado #boato",https://www.boatos.org/brasil/nova-lei-bafometro-prisao-beber-dirigir-diz-delegado.html,boatos.org,seguranca_justica,2019-12-20,1
549232c278765e0726bf27c022e6780ef7d11d46,0,0.393710,-0.003607,Médico canadense afirma falsamente que a pandemia de covid-19 é uma “farsa”,https://checamos.afp.com//medico-canadense-afirma-falsamente-que-pandemia-de-covid-19-e-uma-farsa,checamos.afp.com,saude_ciencia,2024-04-17,1
b4ac785545dfd7ee191501bcb285168081aa75e3,2,0.385058,0.064570,Flutamida é comprovada como a cura da Covid-19 #boato,https://www.boatos.org/saude/flutamida-comprovada-a-cura-da-covid-19.html,boatos.org,saude_ciencia,2021-03-18,1
279a06dfa6577f56a871ccd62214f019027f54ed,0,0.322204,0.125065,"Mesmo com vacina eficaz, quem não recebe a dose pode prejudicar quem recebe, dizem especialistas",https://checamos.afp.com//mesmo-com-vacina-eficaz-quem-nao-recebe-dose-pode-prejudicar-quem-recebe-dizem-especialistas,checamos.afp.com,saude_ciencia,2024-04-17,1
d8a9f64ce8ecc90ef4697fdf79385c7863fedee6,7,-0.244916,0.034766,A mãe e a irmã de Adélio Bispo trabalhavam no gabinete de Maria do Rosário?,https://www.e-farsas.com/a-mae-e-a-irma-de-adelio-bispo-trabalhavam-no-gabinete-de-maria-do-rosario.html,e-farsas.com,politica_eleicoes,2019-01-27,1
2fac07bcf313bdaa9a1fce987b32691eb4fef74d,4,0.337006,-0.046284,"Áudio de médico é verdadeiro, mas opinião sobre origem do coronavírus não tem respaldo científico : Projeto Comprova",https://projetocomprova.com.br/publicações/audio-de-medico-e-verdadeiro-mas-opiniao-sobre-origem-do-coronavirus-nao-tem-respaldo-cientifico/,projetocomprova.com.br,saude_ciencia,2021-03-05,2
9d65a23079bee057c535cc168e5b10ae84139bd8,7,-0.191099,0.179526,Verdades e mentiras sobre as maravilhas de 3 meses do governo Bolsonaro!,https://www.e-farsas.com/verdades-e-mentiras-sobre-as-maravilhas-de-3-meses-do-governo-bolsonaro.html,e-farsas.com,politica_eleicoes,2019-03-28,2
900582d128fb7cc8c1b9c213b08af829a82ae688,5,-0.175965,0.117603,É #FAKE que Paraguai vetou urnas brasileiras nas eleições de 2020 | G1,https://g1.globo.com/fato-ou-fake/noticia/2020/09/29/e-fake-que-paraguai-vetou-urnas-brasileiras-nas-eleicoes-de-2020.ghtml,g1.globo.com,politica_eleicoes,2020-09-29,1
f88313cfce1a3b49ef41c65c2bee326b8a1726a0,4,0.294063,0.016566,"Ao contrário do que afirma blog, OMS recomenda isolamento como uma das medidas de combate ao novo coronavírus : Projeto Comprova",https://projetocomprova.com.br/publicações/ao-contrario-do-que-afirma-blog-oms-recomenda-isolamento-como-uma-das-medidas-de-combate-ao-novo-coronavirus/,projetocomprova.com.br,saude_ciencia,2021-03-05,1
a6f3885fbd6ed34b1b445ad30026c74566f55b07,7,-0.159932,-0.015875,É #FAKE que Itamaraty alterou regras e que apenas agora bagagens da tripulação e da comitiva presidencial podem ser revistadas | G1,https://g1.globo.com/fato-ou-fake/noticia/2019/07/02/e-fake-que-itamaraty-alterou-regras-e-que-apenas-agora-bagagens-da-tripulacao-e-da-comitiva-presidencial-podem-ser-revistadas.ghtml,g1.globo.com,politica_eleicoes,2019-07-02,1
2bcb0f885f586fa276fe1bee10c565bce79dbdfc,7,-0.179458,-0.057254,Acampamento em Brasília foi criado por indígenas e MST para impedir manifestações de 7 de setembro #boato,https://www.boatos.org/politica/acampamento-brasilia-riado-indigenas-mst-impedir-manifestacoes-7-de-setembro.html,boatos.org,politica_eleicoes,2021-08-23,1
1fea7aece70ee602536dd509f3762abf9c224f29,0,0.156649,-0.020879,Vacinação contra gripe em idosos será por ordem alfabética em todo Brasil #boato,https://www.boatos.org/saude/vacinacao-gripe-idosos-ordem-alfabetica-brasil.html,boatos.org,golpes_plataformas,2020-03-24,2
d2772db1d8b19ba12f04963eff12e8396f2856d7,1,-0.192055,0.192048,Brasil não terá uma nova moeda lastreada em nióbio chamada “DIM” : Projeto Comprova,https://projetocomprova.com.br/publicações/brasil-nao-tera-uma-nova-moeda-lastreada-em-niobio-chamada-dim/,projetocomprova.com.br,politica_eleicoes,2021-03-05,2
f0d0fc5f22baf07f22b3662974777f1a37f94505,2,0.337266,0.107619,Uso da cloroquina não explica a situação da pandemia no Senegal,https://noticias.uol.com.br/comprova/ultimas-noticias/2020/06/19/uso-da-cloroquina-nao-explica-a-situacao-da-pandemia-no-senegal.htm,noticias.uol.com.br,saude_ciencia,2020-06-19,2
3950916c86f137fe7eaf178683a4613a371df6ab,6,-0.050600,-0.125047,O café em pó brasileiro é feito com sangue de boi?,https://www.e-farsas.com/o-cafe-em-po-brasileiro-e-feito-com-sangue-de-boi.html,e-farsas.com,seguranca_justica,2020-02-05,1
bca405e01710cc8b83179bc60d1eb7cc2639b3f8,4,0.162539,0.142661,Comparação entre papa e Bolsonaro sem máscara ignora estágio da pandemia nos dois países,https://checamos.afp.com//comparacao-entre-papa-e-bolsonaro-sem-mascara-ignora-estagio-da-pandemia-nos-dois-paises,checamos.afp.com,politica_eleicoes,2024-04-17,1
333bdb274649e73b77f2c89b4b23a38c6fc53cc8,4,0.387627,0.157298,Estudo sem revisão tem falhas e não prova que uso de máscaras é ineficaz contra covid-19 : Projeto Comprova,https://projetocomprova.com.br/publicações/estudo-sem-revisao-tem-falhas-e-nao-prova-que-uso-de-mascaras-e-ineficaz-contra-covid-19/,projetocomprova.com.br,saude_ciencia,2021-06-11,2
5d91e4d1cbc3349752207f56c8d35b79cd4edce5,6,-0.084447,-0.135188,A ministra Damares disse que cerveja Bock é apologia ao sexo oral?,https://www.e-farsas.com/a-ministra-damares-disse-que-cerveja-bock-e-apologia-ao-sexo-oral.html,e-farsas.com,golpes_plataformas,2019-01-30,1
a9b7aa30ec95a589ceb3ffef7e4faa9c746c6755,1,-0.130008,0.265918,"Para exaltar governo Bolsonaro, vídeo ignora que resultado da transposição é obra de diversas gestões : Projeto Comprova",https://projetocomprova.com.br/publicações/para-exaltar-governo-bolsonaro-video-ignora-que-resultado-da-transposicao-e-obra-de-diversas-gestoes/,projetocomprova.com.br,politica_eleicoes,2021-07-14,1
f7f310a7ffb5618b50f1ae6d3ded6e7675470e45,2,0.346510,0.107690,"Vídeo sobre ""100% de sucesso"" com hidroxicloroquina é enganoso",https://noticias.uol.com.br/comprova/ultimas-noticias/2020/04/06/video-sobre-100-de-sucesso-com-hidroxicloroquina-e-enganoso.htm,noticias.uol.com.br,saude_ciencia,2020-04-06,2
6dc23307ba50984451f642bba1ae68656e46086f,4,0.336765,0.125811,Site exagera falas de médico alemão sobre medidas rígidas contra o novo coronavírus : Projeto Comprova,https://projetocomprova.com.br/publicações/site-exagera-falas-de-medico-alemao-sobre-medidas-rigidas-contra-o-novo-coronavirus/,projetocomprova.com.br,saude_ciencia,2021-03-05,1
2e527b400372bc232823c566367e25263919e25a,4,0.020656,0.109243,É falso que hospitais recebem R$18 mil por cada óbito registrado como covid,https://noticias.uol.com.br/comprova/ultimas-noticias/2020/06/24/e-falso-que-hospitais-recebem-r18-mil-por-cada-obito-registrado-como-covid.htm,noticias.uol.com.br,saude_ciencia,2020-06-24,1
2eb6f9ef067538d77c6e65389fa5a18ce36d2dca,5,-0.180616,0.228325,É falso que o TSE atualizou apuração baseado em informações de site de notícias : Projeto Comprova,https://projetocomprova.com.br/publicações/e-falso-que-o-tse-atualizou-apuracao-baseado-em-informacoes-de-site-de-noticias/,projetocomprova.com.br,politica_eleicoes,2020-11-20,2
90563b941e241e0c15c0595642955ed8a443a929,7,-0.171141,-0.077527,É #FAKE que vídeo mostre Marilena Chauí alcoolizada após acidente de trânsito | G1,https://g1.globo.com/fato-ou-fake/noticia/2020/03/13/e-fake-que-video-mostre-marilena-chaui-alcoolizada-apos-acidente-de-transito.ghtml,g1.globo.com,golpes_plataformas,2020-03-13,1
8485629b5af1097a3afd048dfae2099e31604948,3,-0.049209,-0.185371,É #FAKE que imagem mostre ministra da Holanda e que ela trabalhe de gari duas horas por dia antes de ir ao escritório | G1,https://g1.globo.com/fato-ou-fake/noticia/2019/10/17/e-fake-que-imagem-mostre-ministra-da-holanda-e-que-ela-trabalhe-de-gari-duas-horas-por-dia-antes-de-ir-ao-escritorio.ghtml,g1.globo.com,golpes_plataformas,2019-10-17,1
a1c99bf7cfbf59ecc8a970f1cf52f3ed8acdfc28,6,-0.057041,-0.296720,Heineken está vendendo cerveja premium quality (inferior) como se fosse puro malte #boato,https://www.boatos.org/brasil/heineken-cerveja-premium-quality-inferior-puro-malte.html,boatos.org,golpes_plataformas,2019-07-12,1
269471908f27f6689c9fb4ec43e90a5e83c57f6e,1,0.091816,0.192168,É falso que São Paulo e Rio de Janeiro tenham taxas de letalidade 10 vezes maiores que Minas Gerais : Projeto Comprova,https://projetocomprova.com.br/publicações/e-falso-que-sao-paulo-e-rio-de-janeiro-tenham-taxas-de-letalidade-10-vezes-maiores-que-minas-gerais/,projetocomprova.com.br,saude_ciencia,2021-03-05,1
a278f96ba3553629dab17a679d5157c50cbd6a75,6,-0.139108,-0.110576,Ivete Sangalo deixa marido e assume relação com outra mulher #boato,https://www.boatos.org/entretenimento/ivete-sangalo-deixa-marido-assume-relacao-outra-mulher.html,boatos.org,golpes_plataformas,2021-07-27,1
b8392a53cf703ba34a4c7848830bf12c2680f6d8,1,-0.198920,0.239660,Veja o que é #FATO ou #FAKE nas declarações dos candidatos à Prefeitura do Rio na 6ª semana de campanha | G1,https://g1.globo.com/fato-ou-fake/noticia/2020/11/06/veja-o-que-e-fato-ou-fake-nas-declaracoes-dos-candidatos-a-prefeitura-do-rio-na-6a-semana-de-campanha.ghtml,g1.globo.com,seguranca_justica,2020-11-06,3
bd7b0d82601db33d2c879c62a67fbe271db3de9b,3,0.037144,-0.108751,Grupo no WhatsApp Resistência Pará (do PSOL) planeja infectar pessoas com coronavírus #boato,https://www.boatos.org/politica/grupo-whatsapp-resistencia-para-psol-infectar-coronavirus.html,boatos.org,politica_eleicoes,2020-03-31,1
b5b6f008dda621b3d5cf8677261a97e744f38455,3,-0.109902,-0.293234,É #FAKE foto que mostra Obama beijando David Cameron | G1,https://g1.globo.com/fato-ou-fake/noticia/2020/09/01/e-fake-foto-que-mostra-obama-beijando-david-cameron.ghtml,g1.globo.com,politica_eleicoes,2020-09-01,1
e0eaee790ada00df9c91c555083c0ab1b2108821,7,-0.181376,-0.053755,"Fotos mostram Joe Biden assediando mulheres, incluindo a própria neta?",https://www.e-farsas.com/fotos-mostram-joe-biden-assediando-mulheres-incluindo-a-propria-neta.html,e-farsas.com,internacional,2020-11-09,3
b16c51b694840e655e4319e892827a4943741b88,7,-0.101403,0.059898,Falta oxigênio em Manaus porque governador não quer comprar da oposição e tem dívida com fornecedor #boato,https://www.boatos.org/politica/falta-oxigenio-manaus-amazonas-porque-governador-nao-quer-comprar-da-oposicao-tem-divida-fornecedor.html,boatos.org,politica_eleicoes,2021-01-15,1
0e35ea83a1b4a6ed18a6fe96a3b1db94f39f084c,3,-0.093058,-0.258281,Amazon dá vale-presente de Natal em site no WhatsApp #boato,https://www.boatos.org/tecnologia/amazon-vale-presente-natal-site-whatsapp.html,boatos.org,golpes_plataformas,2020-12-21,2
694a48a2c2bddca846413a5d9056d43d4a30ce50,3,0.017615,-0.248787,É #FAKE que vídeo mostre brigadistas do ICMBio provocando queimada criminosa em reserva no Pantanal | G1,https://g1.globo.com/fato-ou-fake/noticia/2020/09/16/e-fake-que-video-mostre-brigadistas-do-icmbio-provocando-queimada-criminosa-em-reserva-no-pantanal.ghtml,g1.globo.com,golpes_plataformas,2020-09-16,1
a895d3fc5057d9ad2dcae417c671cdc31f1bdc31,2,0.379551,0.146592,Cientistas brasileiros descobriram que a proxalutamida cura a COVID-19?,https://www.e-farsas.com/cientistas-brasileiros-descobriram-que-a-proxalutamida-cura-a-covid-19.html,e-farsas.com,saude_ciencia,2021-03-20,1
fc55c9b9a42fb30b1df98b53a7aacce7736bc8cd,6,-0.122645,-0.168201,"Meteoro que caiu no Paraná fez cratera gigante em fazenda, mostra foto #boato",https://www.boatos.org/ciencia/meteoro-caiu-parana-cratera-gigante.html,boatos.org,golpes_plataformas,2019-09-18,1
b63c5ea7ff6401552f131eb3864f2b3f331fa9d1,3,0.010519,-0.216863,"Izabely tem câncer e vai ganhar 0,05 centavos por mensagem no WhatsApp #boato",https://www.boatos.org/tecnologia/izabely-005-centavos-mensagem-whatsapp.html,boatos.org,golpes_plataformas,2019-04-29,1
179761ea2c17e4e264d0c1f2482edb91bdb05ff5,1,-0.170522,0.052882,Boleto falso do IPTU 2021 está sendo enviado a contribuintes no Rio de Janeiro #boato,https://www.boatos.org/brasil/boleto-falso-iptu-2021-esta-sendo-enviado-contribuintes-rio-de-janeiro.html,boatos.org,golpes_plataformas,2021-01-19,1
d9907dc956b978a855d3275448ed54dafd09d4b7,0,0.349101,-0.028466,Este documento sobre coronavírus não prova que a Moderna elaborou sua vacina antes da pandemia,https://checamos.afp.com//este-documento-sobre-coronavirus-nao-prova-que-moderna-elaborou-sua-vacina-antes-da-pandemia,checamos.afp.com,saude_ciencia,2024-04-17,2
97644cafe4b452d66705b44d0ad64a215c810ec0,7,-0.162455,-0.025135,É falsa foto de Schwarzenegger com camiseta de apoio a Bolsonaro : Projeto Comprova,https://projetocomprova.com.br/publicações/e-falsa-foto-de-schwarzenegger-com-camiseta-de-apoio-a-bolsonaro/,projetocomprova.com.br,politica_eleicoes,2021-07-13,1
1f796ff2dfa83ffe39d1e970a2a5b2464c189fa0,5,-0.214094,0.287061,É falso que votos de quem vai justificar possam ser transferidos,https://noticias.uol.com.br/confere/ultimas-noticias/2020/11/15/uol-confere-ataque-hacker-levanta-duvidas-sobre-processo-eleitoral.htm,noticias.uol.com.br,politica_eleicoes,2020-11-15,1
175d25d4b56e824c10941453cbc67b7535d69b6a,4,0.237416,-0.091872,Alemanha proibiu tapetes nas entradas das casas por serem os maiores criadouros do coronavírus #boato,https://www.boatos.org/mundo/alemanha-proibiu-uso-tapetes-casas-criadouros-coronavirus.html,boatos.org,saude_ciencia,2020-04-02,1
e913a95e2c9bf5678e00b2d232538c1950f3af2f,1,-0.107976,0.229185,Veja o que é #FATO ou #FAKE nas declarações dos candidatos à Prefeitura do Rio na 2ª semana de campanha | G1,https://g1.globo.com/fato-ou-fake/noticia/2020/10/10/veja-o-que-e-fato-ou-fake-nas-declaracoes-dos-candidatos-a-prefeitura-do-rio-na-2a-semana-de-campanha.ghtml,g1.globo.com,saude_ciencia,2020-10-10,2
7d94db2ebcbbfacc2d10c253e56dee488bb72366,7,-0.258643,0.147845,É falsa corrente que acusa embaixada nos EUA de ser 'reduto do PT',https://noticias.uol.com.br/comprova/ultimas-noticias/2019/08/06/e-falsa-corrente-que-diz-que-embaixada-do-brasil-nos-eua-e-reduto-do-pt.htm,noticias.uol.com.br,politica_eleicoes,2019-08-06,1
0a843ab07a098cc52f48be7ae63c0b3185111c57,6,-0.148078,-0.305266,Motoboy tem moto apreendida e resolve doar lanche a menino que catava comida no lixo #boato,https://www.boatos.org/mundo/motoboy-moto-apreendida-da-lanche-menino-comida-no-lixo.html,boatos.org,golpes_plataformas,2021-04-25,1
de7fb20b2db873e4e30702533b68557f53567837,0,0.238862,0.188960,Estudo sobre plasma equino está em fase inicial e não prova que é a cura para covid-19 : Projeto Comprova,https://projetocomprova.com.br/publicações/estudo-sobre-plasma-equino-esta-em-fase-inicial-e-nao-prova-que-e-a-cura-para-covid-19/,projetocomprova.com.br,saude_ciencia,2021-01-12,1
0e15ed7ae3ef6a403c42a7314c9c530b02208747,6,-0.017565,-0.117947,Ovo fica transparente após 24h em solução com Coca-Cola e Pepsi! Será verdade?,https://www.e-farsas.com/ovo-fica-transparente-apos-24h-em-solucao-com-coca-cola-e-pepsi-sera-verdade.html,e-farsas.com,golpes_plataformas,2019-06-18,1
beb7823021f93a661cf56c09959984d3be3fbc6d,4,0.174663,-0.118313,"Japão enviou 600 milhões de máscaras contaminadas com coronavírus ao Brasil, alerta IBGE #boato",https://www.boatos.org/saude/japao-enviou-600-milhoes-mascaras-contaminadas-coronavirus-brasil-ibge.html,boatos.org,saude_ciencia,2020-04-09,1
33c629766fc6eaf9c3c07eb0b3c08826cf1f9c07,1,0.044588,0.139259,Tecnologia israelense para exames chegou ao Brasil graças ao presidente Jair Bolsonaro?,https://www.e-farsas.com/tecnologia-israelense-para-exames-chegou-ao-brasil-gracas-ao-presidente-jair-bolsonaro.html,e-farsas.com,politica_eleicoes,2019-12-17,5
dd80cf4a5f67b97677cbae50f41c243fed804132,1,-0.032006,0.127883,"Lei Seca é anunciada por governador em São Paulo, Rio de Janeiro, PE, MA, PR etc. #boato",https://www.boatos.org/brasil/lei-seca-anunciada-governador-sao-paulo-rio-de-janeiro-pe-ma-pr.html,boatos.org,seguranca_justica,2020-05-15,1
bd65613e199e8772cdfe2d5dee3ee9456d77f405,5,-0.236472,0.191737,É falso que urnas eletrônicas foram fraudadas para prejudicar Carlos Bolsonaro!,https://www.e-farsas.com/e-falso-que-urnas-eletronicas-foram-fraudadas-pra-prejudicar-carlos-bolsonaro.html,e-farsas.com,politica_eleicoes,2020-11-16,1
683d394af38d735967d874ac20842e4e56feda34,4,0.257441,0.013161,"O ministro da Saúde de Israel teve a COVID-19, mas não há registros de que ele tenha dito que a pandemia é uma “punição aos gays”",https://checamos.afp.com//o-ministro-da-saude-de-israel-teve-covid-19-mas-nao-ha-registros-de-que-ele-tenha-dito-que-pandemia,checamos.afp.com,saude_ciencia,2024-04-17,1
856f33850db70f9d812df9bae1f27fa479114a17,0,0.162453,-0.052648,Os três filhos dos bilionários filantropos Bill e Melinda Gates foram vacinados,https://checamos.afp.com//os-tres-filhos-dos-bilionarios-filantropos-bill-e-melinda-gates-foram-vacinados,checamos.afp.com,saude_ciencia,2024-04-17,2
647c176c269bc1f4cef2e1cff1138644f2fd9398,0,0.255442,-0.027604,"Vacina de covid-19 não causa câncer, danos genéticos ou 'homossexualismo'",https://noticias.uol.com.br/comprova/ultimas-noticias/2020/10/29/vacina-de-covid-19-nao-causa-cancer-danos-geneticos-ou-homossexualismo.htm,noticias.uol.com.br,saude_ciencia,2020-10-29,2
a41559468bcaf33c1ecfabc74414949cb1010ce4,1,-0.131666,0.092693,É falso que 700 empresas japonesas querem investir no Brasil com reformas,https://noticias.uol.com.br/comprova/ultimas-noticias/2019/10/04/e-falso-que-700-empresas-japonesas-querem-investir-no-brasil-com-reformas.htm,noticias.uol.com.br,politica_eleicoes,2019-10-04,1
2d25d3376450a9041466a8ef98a49e13035ac730,3,-0.097661,-0.159205,Tilibra está dando agendas 2019 da Capricho em site no WhatsApp #boato,https://www.boatos.org/tecnologia/tilibra-agendas-2019-capricho-site.html,boatos.org,golpes_plataformas,2019-01-23,1
aa0ce41f81018c215a3fa1c400cfc3f5c1d29148,1,-0.148231,0.204167,Vídeo engana ao atribuir obra no RN apenas à gestão de Bolsonaro,https://noticias.uol.com.br/comprova/ultimas-noticias/2021/08/04/video-engana-ao-atribuir-obra-no-rn-apenas-a-gestao-de-bolsonaro.htm,noticias.uol.com.br,politica_eleicoes,2021-08-04,1
02227a96cbb6570785e8e072536944e04c085ee3,6,-0.114221,-0.190697,Veja o que é #FATO ou #FAKE sobre o desastre em Brumadinho | G1,https://g1.globo.com/fato-ou-fake/noticia/2019/01/28/veja-o-que-e-fato-ou-fake-sobre-o-desastre-em-brumadinho.ghtml,g1.globo.com,golpes_plataformas,2019-01-28,1
bf7365681ddf86e54d6102f47a69ec060944aeb2,3,-0.078454,-0.154748,É #FAKE que foto mostre Doria sem máscara na final da Libertadores no Maracanã | G1,https://g1.globo.com/fato-ou-fake/coronavirus/noticia/2021/02/01/e-fake-que-foto-mostre-doria-sem-mascara-na-final-da-libertadores-no-maracana.ghtml,g1.globo.com,golpes_plataformas,2021-02-01,1
630301344c02a281731a0692a22548e1489fad95,4,0.255448,-0.142876,"Publicações atribuem erroneamente à China a origem das gripes aviária, suína e do “H1N1”",https://checamos.afp.com//publicacoes-atribuem-erroneamente-china-origem-das-gripes-aviaria-suina-e-do-h1n1,checamos.afp.com,saude_ciencia,2024-04-17,1
77c3e7e3374898b5e869564e8cbcdf174fb1f27f,6,-0.139106,-0.130306,Vídeo mostra Estrela de Belém (junção de Júpiter com Saturno) vista do Chile #boato,https://www.boatos.org/mundo/video-mostra-estrela-belem-juncao-jupiter-saturno-chile.html,boatos.org,golpes_plataformas,2020-12-23,1
dab30b2786326ff9e55950ccc6d8fdde35e7e4c2,7,-0.089366,0.030844,"É enganoso vídeo que fala sobre ""recado final"" de militares ao STF",https://noticias.uol.com.br/comprova/ultimas-noticias/2019/08/17/e-enganoso-video-que-fala-sobre-recado-final-de-militares-ao-stf.htm,noticias.uol.com.br,seguranca_justica,2019-08-17,1
6d74dfda1635506bd35cd2ca9d5f3922a1c93fe4,7,-0.120210,0.054667,Argentina anuncia confisco de carros de cidadãos do país e povo protesta #boato,https://www.boatos.org/mundo/argentina-confisco-carros-pais-povo-protesta.html,boatos.org,internacional,2020-06-23,2
e221679a883ec5f757912ee63199cd85a920900c,4,0.143210,0.180989,Posts distorcem dados de 2019 e 2020 para negar as mais de 100 mil mortes por covid-19 : Projeto Comprova,https://projetocomprova.com.br/publicações/posts-distorcem-dados-de-2019-e-2020-para-negar-as-mais-de-100-mil-mortes-por-covid-19/,projetocomprova.com.br,saude_ciencia,2020-10-07,1
8dd86a65a723d3bc0eb406fb077112826e4deec8,7,-0.217776,0.150710,Carlos Slim determinou que Globo pare de perseguir Bolsonaro #boato,https://www.boatos.org/politica/carlos-slim-determinou-globo-pare-perseguir-bolsonaro.html,boatos.org,politica_eleicoes,2019-11-25,1
998c57302bb7966c55ec0eb1b1972d817364c893,6,-0.012104,-0.094077,Bolinhos feitos na Turquia contêm comprimidos que causam paralisia?,https://www.e-farsas.com/bolinhos-feitos-na-turquia-contem-comprimidos-que-causam-paralisia.html,e-farsas.com,seguranca_justica,2019-11-14,1
e437ae850a672077eb7acf96ec2d9334ee182c0a,6,0.008715,-0.216464,Vídeo mostra que todos os morangos tem larvas! Será verdade?,https://www.e-farsas.com/video-mostra-que-todos-os-morangos-tem-larvas-sera-verdade.html,e-farsas.com,golpes_plataformas,2020-05-27,1
576df05d667bc92e815a7af83af54495f6c4748f,7,-0.005913,-0.119262,"Ciro Nogueira e Firmino Filho falam em ""quebrar Bolsonaro"" com Covid-19 no Piauí #boato",https://www.boatos.org/politica/ciro-nogueira-firmino-filho-quebrar-bolsonaro-covid-19-piaui.html,boatos.org,politica_eleicoes,2020-05-05,1
cd99bbd28b4e77cda069984b9ec3c5950b9a8462,6,0.104830,-0.197963,Será verdade que uma mulher teve morte cerebral após ingerir 1 litro de molho de soja?,https://www.e-farsas.com/sera-verdade-que-uma-mulher-teve-morte-cerebral-apos-ingerir-1-litro-de-molho-de-soja.html,e-farsas.com,saude_ciencia,2019-01-07,3
e172ac2d19d4bf9201121424d6cdcf165acf2f34,1,-0.227246,0.181655,520 mil pessoas pediram desligamento do Bolsa Família em uma semana de governo Bolsonaro #boato,https://www.boatos.org/politica/520-mil-bolsa-familia-bolsonaro.html,boatos.org,politica_eleicoes,2019-01-10,1
3858851c65bb3e014a96da1d7cf0e07049e41ca6,6,-0.106944,-0.266448,Foto de embarcação naufragada com bandeira em apoio a Donald Trump é verdadeira ou falsa?,https://www.e-farsas.com/foto-de-embarcacao-naufragada-com-bandeira-em-apoio-a-donald-trump-e-verdadeira-ou-falsa.html,e-farsas.com,politica_eleicoes,2020-09-08,3
6fb6baf5a61675a774fb217d2d7a536c81443753,6,-0.067781,-0.026149,"O vídeo de um astro que escurece mostra um eclipse, não a conjunção de Júpiter e Saturno",https://checamos.afp.com//o-video-de-um-astro-que-escurece-mostra-um-eclipse-nao-conjuncao-de-jupiter-e-saturno,checamos.afp.com,internacional,2024-04-17,2
1e44182293a4c16172b3b5bd67765db54e1189df,0,0.215217,0.294721,Tuíte engana ao sugerir que Bolsonaro recusou oferta anterior da Pfizer para conseguir mais vacinas : Projeto Comprova,https://projetocomprova.com.br/publicações/tuite-engana-ao-sugerir-que-bolsonaro-recusou-oferta-anterior-da-pfizer-para-conseguir-mais-vacinas/,projetocomprova.com.br,politica_eleicoes,2021-05-21,1
806a58633a4986d16e947d171a6a708dd4611255,3,-0.072478,-0.285350,Americanas dá iPhone grátis em comemoração de aniversário em site no WhatsApp #boato,https://www.boatos.org/tecnologia/americanas-iphone-gratis-comemoracao-aniversario-site-whatsapp.html,boatos.org,golpes_plataformas,2021-07-22,1
8a51c84b35718d6d2b25f3d17016a29e4030e60e,0,0.259930,-0.004928,É enganosa postagem que sugere que Instituto Butantan não informou morte de voluntário da vacina CoronaVac : Projeto Comprova,https://projetocomprova.com.br/publicações/e-enganosa-postagem-que-sugere-que-instituto-butantan-nao-informou-morte-de-voluntario-da-vacina-coronavac/,projetocomprova.com.br,saude_ciencia,2020-11-15,2
6937e82c41e365667da664d310e79f118264c38d,4,0.009817,-0.160718,É #FAKE que foto mostre motorista ferido a pedrada após passageiro se recusar a usar máscara | G1,https://g1.globo.com/fato-ou-fake/coronavirus/noticia/2020/06/29/e-fake-que-foto-mostre-motorista-ferido-a-pedrada-apos-passageiro-se-recusar-a-usar-mascara.ghtml,g1.globo.com,golpes_plataformas,2020-06-29,1
20806712363e99e6cd18d55e5577b7f462660eaa,4,0.222914,-0.028934,Fala de médicos sobre coronavírus perder força não tem apoio de órgãos de saúde : Projeto Comprova,https://projetocomprova.com.br/publicações/fala-de-medicos-sobre-coronavirus-perder-forca-nao-tem-apoio-de-orgaos-de-saude/,projetocomprova.com.br,saude_ciencia,2021-03-05,1
d6fee3f64abd9ed3af78d11526033290db1ce612,2,0.168993,0.199754,Posts enganam ao comparar spray nasal patenteado com tratamento precoce,https://noticias.uol.com.br/comprova/ultimas-noticias/2021/06/10/posts-enganam-ao-comparar-spray-nasal-patenteado-com-tratamento-precoce.htm,noticias.uol.com.br,saude_ciencia,2021-06-10,1
5d4461e3b56f5a5a4ad95a7e9cd1b484d8be6529,6,-0.004018,-0.257845,Uma cobra píton planejava comer sua dona durante o sono?,https://www.e-farsas.com/uma-cobra-piton-planejava-comer-sua-dona-durante-o-sono.html,e-farsas.com,saude_ciencia,2019-05-01,2
c9187e05b16cc77e1e90925775d4e739be298609,7,-0.269542,-0.014189,Bolsonaro se depara com imagens de “Lula presidente” no museu de Dallas #boato,https://www.boatos.org/politica/bolsonaro-lula-museu-de-dallas.html,boatos.org,politica_eleicoes,2019-05-18,1
a85552b8ce5b8fef5b7e11a34c08bbf9a4c84d39,1,-0.110899,0.102179,"O livro ""Aparelho Sexual e Cia"" faz parte do kit gay distribuído pelo MEC?",https://www.e-farsas.com/o-livro-aparelho-sexual-e-cia-faz-parte-do-kit-gay-distribuido-pelo-mec.html,e-farsas.com,politica_eleicoes,2018-08-29,1
3affdc4c2db77ec71393861662b897a69aef2911,6,-0.073237,-0.096622,Polícia espanca jovens por não usar máscaras no metrô de Paris #boato,https://www.boatos.org/mundo/policia-espanca-jovens-nao-usavam-mascaras-metro-paris.html,boatos.org,seguranca_justica,2020-11-12,1
dc7366ad708ee5951940fbe2eaff6effc1422ba6,2,0.409821,0.186025,Site engana ao afirmar que há consenso médico para tratamento de covid-19,https://noticias.uol.com.br/comprova/ultimas-noticias/2020/07/07/site-engana-ao-afirmar-que-ha-consenso-medico-para-tratamento-de-covid-19.htm,noticias.uol.com.br,saude_ciencia,2020-07-07,1
feaeae2690ce279641e02101bf2bd912d4929cce,5,-0.233819,0.236290,"NSA diz que Bolsonaro ganhou eleições de 2018 no 1º turno, mas que urnas foram fraudadas #boato",https://www.boatos.org/politica/nsa-bolsonaro-ganhou-eleicoes-2018-1o-turno-urnas-fraudadas.html,boatos.org,politica_eleicoes,2020-09-09,1
df6163c36a91370b467592ec256af79cdd6cfca1,4,0.086348,0.039258,"Lula, Bolsonaro e Rodrigo Maia estão infectados com coronavírus #boato",https://www.boatos.org/politica/lula-bolsonaro-rodrigo-maia-coronavirus.html,boatos.org,politica_eleicoes,2020-03-23,1
afc32c0f5d8b75af4b0a3916b37fce247484889c,2,0.479812,0.209233,"Automedicação e uso de azitromicina, ivermectina e nitazoxanida não são recomendados para tratamento de covid-19 : Projeto Comprova",https://projetocomprova.com.br/publicações/automedicacao-e-uso-de-azitromicina-ivermectina-e-nitazoxanida-nao-sao-recomendados-para-tratamento-de-covid-19/,projetocomprova.com.br,saude_ciencia,2021-03-05,2
213fe3a18d26749deb3829894eb0ffb29b7e895b,6,-0.032422,-0.179871,Vídeo mostra um raro fenômeno atmosférico chamado raio globular?,https://www.e-farsas.com/video-mostra-um-raro-fenomeno-atmosferico-chamado-raio-globular.html,e-farsas.com,internacional,2020-01-11,1
35159cb82b9210b96e522106aa48fbcf614a76c1,7,-0.202046,-0.059649,"Deolane Bezerra, esposa de MC Kevin, é advogada do PCC e teve 2 filhos com chefes da facção #boato",https://www.boatos.org/entretenimento/deolane-bezerra-advogada-pcc-filhos-chefes-faccao.html,boatos.org,seguranca_justica,2021-05-23,1
60cf550661454981bc423799c53619104405aaca,6,-0.046879,-0.137526,Hackers invadiram o site XVideos e filmaram usuários através de suas webcams?,https://www.e-farsas.com/hackers-invadiram-o-site-xvideos-e-filmaram-usuarios-atraves-de-suas-webcams.html,e-farsas.com,golpes_plataformas,2019-06-18,1
1ce1b77f600b067549a72ac0be2a642710720ce8,0,0.346805,-0.061546,"É melhor não tomar a vacina porque ela altera DNA e causa ""homossexualismo"" #boato",https://www.boatos.org/saude/melhor-nao-tomar-vacina-altera-dna-causa-homossexualidade.html,boatos.org,saude_ciencia,2020-10-21,1
d43a37a770a33ea2cf6ae4bc072e318993c5f644,6,-0.150160,-0.058142,"Natura contratou Suzane Von Richthofen para o Dia das Mães, casal Nardoni para o Dia da Criança e Bruno para o Dia dos Namorados #boato",https://www.boatos.org/entretenimento/natura-contratou-suzane-von-richthofen-dia-das-maes-casal-nardoni-dia-da-crianca-bruno-dia-dos-namorados.html,boatos.org,seguranca_justica,2020-08-01,1
a582f8dd8596bbe689540d7928e19b459668199a,0,0.096588,0.220716,Covaxin: Não há provas que Renan Calheiros soubesse de irregularidades,https://noticias.uol.com.br/comprova/ultimas-noticias/2021/07/05/covaxin-nao-ha-provas-que-renan-calheiros-soubesse-de-irregularidades.htm,noticias.uol.com.br,politica_eleicoes,2021-07-05,1
94bf3538959bfb33e52f0b3a9fb5cbe1c9f8baab,6,-0.095990,-0.342789,Foto de bananeira com quatro cachos é falsa! Entenda a foto!,https://www.e-farsas.com/foto-de-bananeira-com-quatro-cachos-e-falsa-entenda-a-foto.html,e-farsas.com,politica_eleicoes,2020-09-12,2
5e6b486ad1753991fd7d7f94bd51e44b8a24e970,3,-0.111054,-0.093079,É #FAKE que procurador-geral dos EUA disse que Lava Jato foi criada para atender aos interesses do país | G1,https://g1.globo.com/fato-ou-fake/noticia/2019/03/29/e-fake-que-procurador-geral-dos-eua-disse-que-lava-jato-foi-criada-para-atender-aos-interesses-do-pais.ghtml,g1.globo.com,internacional,2019-03-29,2
fd98bceb2b6508c7efa666b68dae63b28100a253,6,-0.169838,-0.071436,Foto antiga mostra Miriam Leitão treinando com uma arma na juventude! Será verdade?,https://www.e-farsas.com/foto-antiga-mostra-miriam-leitao-treinando-com-uma-arma-na-juventude-sera-verdade.html,e-farsas.com,politica_eleicoes,2019-07-23,1
3c4cd62b0c5347fc57d43d6c05ea0d2f79c22569,2,0.441749,0.201518,Médico confunde ao indicar cloroquina e criticar isolamento social e o uso de respiradores : Projeto Comprova,https://projetocomprova.com.br/publicações/medico-confunde-ao-indicar-cloroquina-e-criticar-isolamento-social-e-o-uso-de-respiradores/,projetocomprova.com.br,saude_ciencia,2021-03-05,1
8b8f71c5907cfb5867634fa1d82b7269cd40500f,7,-0.198454,-0.004970,Namorado de Fátima Bernardes envia projeto que libera casamento entre pais e filhos #boato,https://www.boatos.org/politica/namorado-fatima-bernardes-envia-projeto-libera-casamento-pais-filhos.html,boatos.org,politica_eleicoes,2019-12-10,2
c5ad919b25819e1d7119946e73d2946fe4e8127e,5,-0.216006,0.236758,"Smartmatic, ex-fornecedora da Venezuela, nunca vendeu urnas para o Brasil",https://noticias.uol.com.br/comprova/ultimas-noticias/2020/11/15/smartmatic-ex-fornecedora-da-venezuela-nunca-vendeu-urnas-para-o-brasil.htm,noticias.uol.com.br,politica_eleicoes,2020-11-15,1
745c9cc1abca406af6037368338815e4b35ae918,6,-0.039055,-0.047291,Não há registro de massacre indígena no Brasil em 2019,https://noticias.uol.com.br/confere/ultimas-noticias/2019/01/10/nao-ha-registro-de-massacre-indigena-no-brasil-em-2019.htm,noticias.uol.com.br,golpes_plataformas,2019-01-10,1
8828a48d66f882cc8ee2f2d9ee5d7d4ceb184ac1,2,0.377463,0.211019,"Deputada cita médico japonês para defender ivermectina, que não tem eficácia comprovada contra covid : Projeto Comprova",https://projetocomprova.com.br/publicações/deputada-cita-medico-japones-para-defender-ivermectina-que-nao-tem-eficacia-comprovada-contra-covid/,projetocomprova.com.br,saude_ciencia,2021-09-01,2
e8ac455a11f07d96c32f64f02c3877578c0a5e66,3,-0.071781,-0.310048,É #FAKE que vídeo mostre árvore que cresceu dentro de carro e atravessou o teto | G1,https://g1.globo.com/fato-ou-fake/noticia/2019/11/25/e-fake-que-video-mostre-arvore-que-cresceu-dentro-de-carro-e-atravessou-o-teto.ghtml,g1.globo.com,golpes_plataformas,2019-11-25,1
baa9d68c841c12abcda277ef1a33af0a473bf803,1,-0.248379,0.109220,É #FAKE que sigilo bancário de Fabrício Queiroz foi quebrado sem autorização judicial | G1,https://g1.globo.com/fato-ou-fake/noticia/2019/01/04/e-fake-que-sigilo-bancario-de-fabricio-queiroz-foi-quebrado-sem-autorizacao-judicial.ghtml,g1.globo.com,politica_eleicoes,2019-01-04,1
aaea21dce40def51bedd8c16c075997f3578ff7a,6,0.135112,-0.053027,Será verdade que uma cobra-cega gigante foi encontrada na Colômbia?,https://www.e-farsas.com/sera-verdade-que-uma-cobra-cega-gigante-foi-encontrada-na-colombia.html,e-farsas.com,golpes_plataformas,2020-07-19,1
b236cf6eda0ff97c61906887408a7347866251d8,3,-0.167053,-0.072580,É #FAKE foto que mostra ministros do Supremo Tribunal Federal com toga vermelha | G1,https://g1.globo.com/fato-ou-fake/noticia/2020/10/15/e-fake-foto-que-mostra-ministros-do-supremo-tribunal-federal-com-toga-vermelha.ghtml,g1.globo.com,seguranca_justica,2020-10-15,2
0ad295ed39fc4de5766f57fbd11ae7f316404e04,1,-0.186472,0.080695,Governo petista do RN mandou enterrar cestas básicas enviadas por Jair Bolsonaro?,https://www.e-farsas.com/governo-petista-do-rn-mandou-enterrar-cestas-basicas-enviadas-por-jair-bolsonaro.html,e-farsas.com,politica_eleicoes,2020-08-21,1
8e4820a3e048f39ef409c3efa2bde93335dce334,7,-0.185546,0.058895,"Tereza Cristina, ministra da Agricultura, grava áudio sobre 7 de setembro, greve dos caminhoneiros e intervenção militar #boato",https://www.boatos.org/brasil/tereza-cristina-ministra-agricultura-grava-audio-sobre-7-setembro-greve-caminhoneiros-intervencao-militar.html,boatos.org,politica_eleicoes,2021-08-16,1
79892d3df0b152b1934a982bfe5eb7e4a6fde079,6,-0.143016,-0.157680,Jovem que morreu no baile funk de Paraisópolis gravou vídeo com arma na mão #boato,https://www.boatos.org/brasil/jovem-morreu-baile-funk-paraisopolis-video-arma-mao.html,boatos.org,seguranca_justica,2019-12-08,1
c9fc82c27cac04eba4df8b1871850602f585854b,3,-0.197254,-0.101943,Via 040 contrata profissionais para trabalhar na duplicação da BR-040 #boato,https://www.boatos.org/brasil/via-040-contrata-profissionais-br-040.html,boatos.org,golpes_plataformas,2019-06-18,1
071d04b866f87adc44754e131f69b528963dae91,7,-0.191242,0.101518,"José Dirceu diz ""estamos trilhando o caminho da vitória, derrotamos Trump"" no Twitter #boato",https://www.boatos.org/politica/jose-dirceu-diz-derrotamos-trump-twitter.html,boatos.org,internacional,2021-01-11,1
0dac9f81e4e9abd6f35414351901a1ca62c5101d,1,-0.181644,0.032238,Filho de William Bonner e Fátima Bernardes solicitou e recebeu Auxílio Emergencial #boato,https://www.boatos.org/entretenimento/filho-william-bonner-fatima-bernardes-solicitou-recebeu-auxilio-emergencial.html,boatos.org,economia,2020-05-22,1
cef9647bf28049cd0ef5e657c5c452f79915efe0,3,0.003392,-0.232276,Dilúvio na China já matou mais de 6 mil pessoas no túnel Jingguang #boato,https://www.boatos.org/mundo/diluvio-china-matou-pessoas-tunel-jingguang.html,boatos.org,internacional,2021-07-31,1
8a296d3613a1506318ae7331ef08d3d31f0fb96f,4,0.185754,0.178801,Vídeo do diretor da OMS foi tirado de contexto para validar discurso de Bolsonaro : Projeto Comprova,https://projetocomprova.com.br/publicações/video-do-diretor-da-oms-foi-tirado-de-contexto-para-validar-discurso-de-bolsonaro/,projetocomprova.com.br,politica_eleicoes,2021-03-05,1
705a51812494aac297d62ef3a9ca31ccd2f7581c,0,0.254418,-0.100008,"Um nanochip não passa pela agulha de uma seringa e o 5G não carrega vírus, dizem especialistas",https://checamos.afp.com//um-nanochip-nao-passa-pela-agulha-de-uma-seringa-e-o-5g-nao-carrega-virus-dizem-especialistas,checamos.afp.com,saude_ciencia,2024-04-17,2
b5088ae2f405044a7536c186bc8cdb00426fdf67,7,-0.217935,0.080749,"O humorista Rey Biannchi foi alvo de um mandado de busca e apreensão, não de prisão, no inquérito das fake news",https://checamos.afp.com//o-humorista-rey-biannchi-foi-alvo-de-um-mandado-de-busca-e-apreensao-nao-de-prisao-no-inquerito-das,checamos.afp.com,seguranca_justica,2024-04-17,1
49b17c688f38e80301cd6deb3774a688b08e129e,4,0.310036,-0.017228,"Médico alemão Walter Weber acerta ao falar que máscaras não protegem, PCR tem 85% de erro, Covid-19 não existe e vacina altera o DNA #boato",https://www.boatos.org/saude/medico-alemao-walter-weber-mascaras-pcr-erro-vacina-dna.html,boatos.org,saude_ciencia,2020-09-01,1
a8717abd544047c58e4eb44cf872df55be5504e2,3,-0.115200,-0.137430,2º lote do programa Vale Gás foi liberado e lista para consulta está em site no WhatsApp #boato,https://www.boatos.org/tecnologia/2-lote-programa-vale-gas-liberado-lista-consulta-site-whatsapp.html,boatos.org,golpes_plataformas,2020-07-24,1
198f0af52282aef57dcadf947dc900622fe2f2ba,4,0.251289,0.070190,Médico usa dados enganosos ao sugerir conspiração sobre covid-19,https://noticias.uol.com.br/comprova/ultimas-noticias/2020/08/05/medico-usa-dados-enganosos-ao-sugerir-conspiracao-sobre-covid-19.htm,noticias.uol.com.br,saude_ciencia,2020-08-05,1
d9d52fceaf6a372a8b26a6486285f96bf1058af8,7,-0.234555,-0.026856,"Daniela Mercury diz, irada, que juíza Gabriela Hardt mal saiu da casca do ovo #boato",https://www.boatos.org/entretenimento/daniela-mercury-gabriela-hardt.html,boatos.org,politica_eleicoes,2019-01-05,2
b96ee53fdcd940ebe4ef69e6559e55f662660f2d,4,0.159322,0.011080,Estudo compartilhado por Damares não atribui suicídios de crianças a isolamento na pandemia : Projeto Comprova,https://projetocomprova.com.br/publicações/estudo-compartilhado-por-damares-nao-atribui-suicidios-de-criancas-a-isolamento-na-pandemia/,projetocomprova.com.br,saude_ciencia,2021-07-24,2
299a385b874a35eaf9089eb574eab739f0e4312c,1,-0.170155,0.189681,É falso que Bolsonaro anunciou fim das cotas nas universidades federais,https://noticias.uol.com.br/comprova/ultimas-noticias/2019/08/02/e-falso-que-bolsonaro-anunciou-fim-das-cotas-nas-universidades-federais.htm,noticias.uol.com.br,politica_eleicoes,2019-08-02,2
81264f9e054316ac1b4d693705c6cf578453b526,6,-0.055357,-0.307033,Vídeo mostra um menino pendurado apenas pela cabeça! Será verdade?,https://www.e-farsas.com/video-mostra-um-menino-pendurado-apenas-pela-cabeca-sera-verdade.html,e-farsas.com,politica_eleicoes,2019-01-16,2
ca50b5a937069f0d935129a58274ed3d45e18947,7,-0.271371,0.024014,Carta bombástica dos generais Braga Netto e Gilberto Pimentel é postada no Exarnet #boato,https://www.boatos.org/brasil/carta-bombastica-generais-braga-netto-gilberto-pimentel-exarnet.html,boatos.org,seguranca_justica,2021-02-21,2
84e0ee26327899ffe336ed26bbfe926e45474f41,1,-0.150694,0.050401,"Filme de Vereza indicado a prêmio não usou Lei Rouanet, mas nem poderia",https://noticias.uol.com.br/comprova/ultimas-noticias/2019/09/07/filme-de-vereza-indicado-a-premio-nao-usou-lei-rouanet-mas-nem-poderia.htm,noticias.uol.com.br,politica_eleicoes,2019-09-07,1
e0a1deb0aa5701f2ae0b44e7a37e311fb23c5744,4,0.257352,-0.023144,"""Kit COVID-19"" para combater o novo coronavírus é verdadeiro ou falso?",https://www.e-farsas.com/kit-covid-19-para-combater-o-novo-coronavirus-e-verdadeiro-ou-falso.html,e-farsas.com,saude_ciencia,2020-05-19,2
577c167951f830d41d765abb8726e8497952bc01,7,-0.210996,0.019680,Caio Coppolla é demitido da CNN e escreve texto sobre “momento que vivemos” #boato,https://www.boatos.org/politica/caio-coppolla-e-demitido-cnn-escreve-texto-momento-vivemos.html,boatos.org,politica_eleicoes,2020-05-11,1
11dd11ac07c9429ea5cbe08785349c87bd63d0fd,2,0.445495,0.110427,Não é possível afirmar que a ivermectina teria salvado 500 mil pessoas da morte por covid-19,https://checamos.afp.com//http%253A%252F%252Fdoc.afp.com%252F9L37LF-1,checamos.afp.com,saude_ciencia,2026-01-15,1
ff67b7985be677de602a5858a06da0fae0fb0f51,2,0.403414,0.025533,Ivermectina mata Covid-19 em dois dias com dose única #boato,https://www.boatos.org/saude/ivermectina-mata-covid-dois-dias-dose-unica.html,boatos.org,saude_ciencia,2020-07-31,1
5973629972eea27c64a9eb9fdc66e0ae8cbfadb4,6,-0.066818,-0.296905,"Mulher grita Jesus no avião, é expulsa, voo atrasa e avião pega fogo #boato",https://www.boatos.org/religiao/mulher-grita-jesus-aviao-pega-fogo.html,boatos.org,golpes_plataformas,2019-10-02,1
03b558e151459adc13af6d20c04c2e3d511338fd,4,0.108763,0.076915,Pauta da Globo para Covid é revelada por apresentador demitido #boato,https://www.boatos.org/saude/pauta-globo-covid-revelada-apresentador-demitido.html,boatos.org,saude_ciencia,2021-04-24,1
10ccbd4a7090e43ee03ad64e21d79825a6906fc6,4,0.111409,0.062151,Estados recebem R$ 16 mil e hospitais recebem R$ 12 mil para cada morte por Covid-19 #boato,https://www.boatos.org/saude/estados-recebem-r-16-mil-hospitais-recebem-r-12-mil-morte-covid-19.html,boatos.org,saude_ciencia,2020-05-18,1
1c79dcff362508313d60ea5d46bce4b0c7d7df5d,7,-0.262222,0.121952,Ex-mulher do presidente Jair Bolsonaro foi expulsa do PSL?,https://www.e-farsas.com/ex-mulher-do-presidente-jair-bolsonaro-foi-expulsa-do-psl.html,e-farsas.com,politica_eleicoes,2020-12-25,1
47cb71c3eb69c6e0d3e0b084a38268c9407b7f3e,1,-0.004588,0.190030,Estado de calamidade não libera automaticamente saque do FGTS para todos,https://noticias.uol.com.br/confere/ultimas-noticias/2020/03/23/estado-de-calamidade-nao-libera-automaticamente-saque-do-fgts-para-todos.htm,noticias.uol.com.br,seguranca_justica,2020-03-23,1
f75f206196f421de2ebce87c207bd8942442b438,0,0.246514,-0.135016,CEO da Pfizer disse que não vai tomar a vacina contra Covid-19 #boato,https://www.boatos.org/saude/ceo-pfizer-disse-nao-vai-tomar-vacina-contra-covid-19.html,boatos.org,saude_ciencia,2021-01-01,1
87dd8de5b532abe7f9446466900e871698fd82c4,6,-0.068484,-0.078666,Os filmes que estrearam em 2019 são os mesmos que estavam em cartaz em 1995?,https://www.e-farsas.com/os-filmes-que-estrearam-em-2019-sao-os-mesmos-que-estavam-em-cartaz-em-1995.html,e-farsas.com,internacional,2019-06-26,1
0b0dbec6ae03a95ebbf3980a411f29551720e4f8,4,0.300690,0.021625,É falso que pesquisadores de Harvard concluíram que isolamento pode piorar a situação : Projeto Comprova,https://projetocomprova.com.br/publicações/e-falso-que-pesquisadores-de-harvard-concluiram-que-isolamento-pode-piorar-a-situacao/,projetocomprova.com.br,saude_ciencia,2021-03-05,1
8530f32e330d6b996bcb6e9c0140da9a24fb25b3,6,-0.028363,-0.131538,Corpo de homem e vaca são achados em estação da Cedae e não se deve beber água da torneira #boato,https://www.boatos.org/brasil/corpo-homem-vaca-achados-estacao-cedae-nao-beber-agua-torneira.html,boatos.org,saude_ciencia,2021-05-28,2
fa8e34df265a1e285e2284ced6f9794c26bec113,3,0.013876,-0.242479,Unimed tem vagas para pessoas sem experiência em site no WhatsApp #boato,https://www.boatos.org/tecnologia/unimed-vagas-para-pessoas-sem-experiencia-site-whatsapp.html,boatos.org,golpes_plataformas,2021-02-27,1
a6713305430e7e983cd4629d44f316c10eea190a,1,0.107160,0.293182,É enganoso que União repassou R$ 420 bi para os estados combaterem a pandemia : Projeto Comprova,https://projetocomprova.com.br/publicações/e-enganoso-que-uniao-repassou-r-420-bi-para-os-estados-combaterem-a-pandemia/,projetocomprova.com.br,politica_eleicoes,2021-06-04,1
3f17d013d73b1965db6118cb30a07d4e9429b2d3,2,0.351454,0.177756,Indicação de defensor da cloroquina ao Nobel da Paz não pode ser confirmada e nem respalda tratamento : Projeto Comprova,https://projetocomprova.com.br/publicações/indicacao-de-defensor-da-cloroquina-ao-nobel-da-paz-nao-pode-ser-confirmada-e-nem-respalda-tratamento/,projetocomprova.com.br,saude_ciencia,2021-06-09,2
52c0d88dc7f8910bb49740133528dadb021805bd,6,0.157663,-0.052859,É enganosa a comparação entre o risco de morrer por covid e de um asteroide colidir com a Terra,https://checamos.afp.com//e-enganosa-comparacao-entre-o-risco-de-morrer-por-covid-e-de-um-asteroide-colidir-com-terra,checamos.afp.com,saude_ciencia,2024-04-17,1
be7e3207a4df52401583e63a983bfcfbd79b9bc1,4,0.290736,-0.154492,Chá de folhas de abacate com hortelã cura e previne o coronavírus #boato,https://www.boatos.org/saude/cha-folhas-abacate-hortela-cura-previne-coronavirus.html,boatos.org,saude_ciencia,2020-02-10,1
9d45f6afef01cbe6f046523bfa7134f8a20d6f66,1,-0.113645,0.168811,Veja o que é #FATO ou #FAKE nas declarações dos candidatos à Prefeitura do Rio na 3ª semana de campanha | G1,https://g1.globo.com/fato-ou-fake/noticia/2020/10/16/veja-o-que-e-fato-ou-fake-nas-declaracoes-dos-candidatos-a-prefeitura-do-rio-na-3a-semana-de-campanha.ghtml,g1.globo.com,seguranca_justica,2020-10-16,3
5df3a0442dc742e34b28fcbac006005084942e9d,2,0.352726,0.158011,"Vídeo engana ao sugerir tratamento ""sem internação e sofrimento"" para covid",https://noticias.uol.com.br/comprova/ultimas-noticias/2020/05/21/video-engana-ao-sugerir-tratamento-sem-internacao-e-sofrimento-para-covid.htm,noticias.uol.com.br,saude_ciencia,2020-05-21,2
6689acd1c8f91edab77ddbd0b580b42fa5569b64,0,0.245344,0.038418,"O vírus machupo não sobreviveria em um comprimido, pois não é um ambiente propício",https://checamos.afp.com//o-virus-machupo-nao-sobreviveria-em-um-comprimido-pois-nao-e-um-ambiente-propicio,checamos.afp.com,saude_ciencia,2026-02-06,1
53c833419ab15502307fbf6c597f53ad25340b20,6,-0.158670,-0.182482,"Raoni Metukire mora na França, é dono de ONG em Paris e vendeu aldeia por 120 milhões #boato",https://www.boatos.org/politica/raoni-mora-franca-dono-ong-vendeu-120-milhoes.html,boatos.org,politica_eleicoes,2019-09-05,1
678b70b9a1f459a95d706b9f6c2f79ced326df18,4,0.124168,0.285047,Bolsonaro distorce acórdão do TCU para lançar dúvida sobre mortes por covid,https://noticias.uol.com.br/confere/ultimas-noticias/2021/06/10/bolsonaro-distorce-acordao-do-tcu-e-levanta-suspeita-de-supernotificacao.htm,noticias.uol.com.br,politica_eleicoes,2021-06-10,1
600eeb444159dda39f2b2459683e9ab7610571db,3,-0.074270,-0.244431,Havan está sorteando 1000 cartões-presente de R$ 2.000 em site no WhatsApp #boato,https://www.boatos.org/tecnologia/havan-sorteando-1000-cartoes-presente-whatsapp.html,boatos.org,golpes_plataformas,2019-11-05,1
138892a22234fc5129d911ffa7e3fecdbb520a95,5,-0.180003,0.267427,"É possível, sim, auditar e realizar recontagem dos votos, ao contrário do que afirma vídeo : Projeto Comprova",https://projetocomprova.com.br/publicações/e-possivel-sim-auditar-e-realizar-recontagem-dos-votos-ao-contrario-do-que-afirma-video/,projetocomprova.com.br,politica_eleicoes,2020-11-20,1
18a2e9c1b0ab468e8ddd8c4874156aa5ee7c11e1,0,0.274473,-0.069044,Pfizer admite em documento que vacinados espalharão doenças para não-vacinados #boato,https://www.boatos.org/saude/pfizer-admite-vacinados-doencas-para-nao-vacinados.html,boatos.org,saude_ciencia,2021-05-09,1
a049082671d2f02866deb9081d89d49997da1bc5,6,-0.030967,-0.302133,Avião cai em Honduras e missionários cristãos sobrevivem à queda #boato,https://www.boatos.org/religiao/aviao-cai-honduras-missionarios-cristaos-sobrevivem-queda.html,boatos.org,golpes_plataformas,2019-12-22,1
78739e48193ccca4ccd42f64be414dbed7cd6981,2,0.094186,0.030219,Juiz Marcelo Bretas escreve texto defendendo uso de hidroxicloroquina #boato,https://www.boatos.org/saude/juiz-marcelo-bretas-texto-defendendo-uso-hidroxicloroquina.html,boatos.org,saude_ciencia,2020-05-17,1
ebf012bea61ce8ea0f16e9b977c5ab1fcbd9f76f,7,-0.111266,0.159974,Bolsonaro não tem presença confirmada no Fórum Econômico Mundial de 2021 : Projeto Comprova,https://projetocomprova.com.br/publicações/bolsonaro-nao-tem-presenca-confirmada-no-forum-economico-mundial-de-2021/,projetocomprova.com.br,politica_eleicoes,2021-03-05,1
872aed27b5148d300f12ba048c8844136c20a851,1,-0.092226,0.066478,É #FAKE que todos os aposentados têm até o fim de fevereiro para fazer prova de vida e continuar a receber benefício do INSS | G1,https://g1.globo.com/fato-ou-fake/noticia/2020/01/09/e-fake-que-todos-os-aposentados-tem-ate-o-fim-de-fevereiro-para-fazer-prova-de-vida-e-continuar-a-receber-beneficio-do-inss.ghtml,g1.globo.com,economia,2020-01-09,1
d5019a2a3981844e2d16d87f5dadf854fb6f3e19,6,-0.162102,-0.113472,"Lista de veículos recuperados no Morro do Chapadão, no Rio #boato",https://www.boatos.org/brasil/lista-veiculos-chapadao-rio.html,boatos.org,seguranca_justica,2018-12-15,1
2e11bc1910f2fa764a1a1bc64bf2cac6fbe479eb,5,0.023653,0.302760,"Vacina, cura da covid e fraude na urna: Bolsonaro mente ao sair do hospital",https://noticias.uol.com.br/confere/ultimas-noticias/2021/07/18/vacina-cura-da-covid-e-fraude-bolsonaro-mente-ao-sair-do-hospital.htm,noticias.uol.com.br,politica_eleicoes,2021-07-18,2
4024ee86c488344bc27efe877e9ccfc2e6d8a2bb,4,0.199450,-0.150410,"Alexandre Garcia escreve texto sobre ""a grande encenação chinesa"" do coronavírus #boato",https://www.boatos.org/saude/alexandre-garcia-texto-grande-encenacao-chinesa-coronavirus.html,boatos.org,saude_ciencia,2020-03-22,1
2de6414dd5a8222df3bd61376ccfa78150dbb01b,2,0.291352,0.223866,Uso emergencial da proxalutamida para tratar a covid-19 não foi autorizado no Paraguai,https://checamos.afp.com//http%253A%252F%252Fdoc.afp.com%252F9HC2U8-4,checamos.afp.com,saude_ciencia,2024-04-17,2
3666d333cbecd2d91ba1d2cd38e147deea7023c7,4,0.265885,0.025625,É #FAKE que uso de máscara aumenta taxa de CO2 no cérebro e risco de trombose e altera flora da boca e do intestino | G1,https://g1.globo.com/fato-ou-fake/coronavirus/noticia/2020/11/03/e-fake-que-uso-de-mascara-aumenta-taxa-de-co2-no-cerebro-e-risco-de-trombose-e-altera-flora-da-boca-e-do-intestino.ghtml,g1.globo.com,saude_ciencia,2020-11-03,1
ae3f809ef0091236580f79bf4b6c66696d1093f1,7,-0.114825,-0.004791,"Bolívia proíbe que pessoas falem em nome de Jesus no país, mostra vídeo #boato",https://www.boatos.org/religiao/bolivia-proibe-pessoas-falem-nome-jesus-video.html,boatos.org,politica_eleicoes,2020-07-13,1
042cfe7d2bcf604b3e79e8b6cf2a843f192d519b,1,-0.148853,0.042481,Vasco tem 83% de inadimplência no programa de sócio-torcedor #boato,https://www.boatos.org/esporte/vasco-83-inadimplencia-programa-socio-torcedor.html,boatos.org,golpes_plataformas,2020-02-13,2
de73f2f2716dbb947596f658d76d4771f5cf8ad6,7,-0.259458,0.136473,"Ronaldo Caiado divulga áudio atacando Alexandre de Moraes, Doria e o PSDB #boato",https://www.boatos.org/politica/ronaldo-caiado-audio-atacando-alexandre-moraes-doria-psdb.html,boatos.org,politica_eleicoes,2020-05-06,1
aa656824e0f2096e814b61bb19b79d96d3a12a20,7,-0.200538,0.033746,ACM morreu em acidente de helicóptero semanas após atacar Lula e pedir intervenção #boato,https://www.boatos.org/politica/acm-morreu-acidente-helicoptero-lula-intervencao.html,boatos.org,politica_eleicoes,2019-06-20,1
24454c7332304728f7526ef9968ac476691e19f8,4,0.209346,-0.196099,Plástico bolha pode transmitir coronavírus porque o ar vem da China #boato,https://www.boatos.org/saude/plastico-bolha-coronavirus-ar-vem-china.html,boatos.org,saude_ciencia,2020-02-11,1
4314adeb33f0b2945b5b9519a2412c7d50b158e4,5,-0.222836,0.218053,É falso que os esquilos façam pose de super-herói ao caírem no chão,https://www.e-farsas.com/e-falso-que-os-esquilos-facam-pose-de-super-heroi-ao-cairem-no-chao.html,e-farsas.com,politica_eleicoes,2020-12-06,1
bf295009a53b60cc5a4897431ff0b318f0370f80,1,-0.094694,0.113578,É verdade que os combustíveis estão caros por causa do ICMS?,https://www.e-farsas.com/e-verdade-que-os-combustiveis-estao-caros-por-causa-do-icms.html,e-farsas.com,economia,2021-08-26,1
aca098aacd4f246e8dc97033e5775accd7c0fa30,6,-0.148572,-0.114411,Corrente liga erroneamente derramamento de óleo a vídeo filmado na Europa,https://noticias.uol.com.br/confere/ultimas-noticias/2019/10/11/corrente-liga-erroneamente-derramamento-de-oleo-a-video-filmado-na-europa.htm,noticias.uol.com.br,seguranca_justica,2019-10-11,1
d064776fb73d5f6366e9a10caaa4b15938b24c26,0,0.264647,-0.052275,Cruz Vermelha americana e japonesa não aceitam doação de sangue de vacinados contra a Covid-19 #boato,https://www.boatos.org/saude/cruz-vermelha-americana-japonesa-nao-aceitam-doacao-de-sangue-vacinados-covid-19.html,boatos.org,saude_ciencia,2021-05-25,1
3299b45e2f8d2ddc322cfe6d7e8a361100454922,7,-0.255278,0.122286,As fotos que comparam manifestações pelo voto impresso com as de 'Diretas Já' são reais?,https://www.e-farsas.com/as-fotos-que-comparam-manifestacoes-pelo-voto-impresso-com-as-de-diretas-ja-sao-reais.html,e-farsas.com,politica_eleicoes,2021-08-04,1
2114d27a7479e35c802dee0ddcd3adf8c2b072eb,0,0.279804,-0.017528,Anvisa aprovou falsas vacinas e devemos voltar às ruas sem máscaras #boato,https://www.boatos.org/saude/anvisa-aprovou-falsas-vacinas.html,boatos.org,saude_ciencia,2021-01-25,3
d74b5dca41d013e1f9cb6ec2d845d716cea33d35,6,-0.074080,-0.204121,"George Soros foi preso na Suíça, será extraditado para os EUA e condenado à morte #boato",https://www.boatos.org/mundo/george-soros-preso-suica-extraditado-eua-condenado-morte.html,boatos.org,internacional,2020-04-18,1
89a8899a4d80242fc3b7767278cc99095e880860,6,-0.209161,-0.089162,Fotografias de outros locais e anos são usadas para ilustrar o assalto ocorrido em Criciúma,https://checamos.afp.com//fotografias-de-outros-locais-e-anos-sao-usadas-para-ilustrar-o-assalto-ocorrido-em-criciuma,checamos.afp.com,seguranca_justica,2024-04-17,1
20c161dc3d2fce51cb11e0b1d52dd06e45c0aad4,4,0.320636,-0.106241,"Maçã, inhame cru e água de coco previnem e curam o coronavírus #boato",https://www.boatos.org/saude/maca-inhame-cru-agua-coco-previnem-curam-coronavirus.html,boatos.org,saude_ciencia,2020-05-25,1
8cb8dc024b6c7b56336d141191ae2daf89eedd08,4,0.392497,-0.104162,É #FAKE que vacina canina mostrada em vídeo se destine ao novo coronavírus humano | G1,https://g1.globo.com/fato-ou-fake/noticia/2020/03/19/e-fake-que-vacina-canina-mostrada-em-video-se-destine-ao-novo-coronavirus-humano.ghtml,g1.globo.com,saude_ciencia,2020-03-19,1
57fd4c8c60639bfe726715bf4bdb99d0339f69f6,3,-0.062994,-0.017432,Conheça o método de checagem e a política de correções do UOL Confere,https://noticias.uol.com.br/ultimas-noticias/redacao/2021/07/21/conheca-o-metodo-de-checagem-e-a-politica-de-correcoes-do-uol-confere.htm,noticias.uol.com.br,golpes_plataformas,2021-07-21,1
9701a645f0a130d2143f64338129e61801ef5582,4,0.128381,-0.073567,Distração durante conversa sobre a COVID-19 causou um acidente aéreo no Paquistão?,https://www.e-farsas.com/distracao-durante-conversa-sobre-a-covid-19-causou-um-acidente-aereo-no-paquistao.html,e-farsas.com,saude_ciencia,2020-06-27,1
c02493fd7435f4f69dabccfb08e5827b5393cd06,4,0.276752,0.171688,"Dois terços dos nova-iorquinos infectados estavam em casa, mas dado não comprova falhas no distanciamento social : Projeto Comprova",https://projetocomprova.com.br/publicações/dois-tercos-dos-nova-iorquinos-infectados-estavam-em-casa-mas-dado-nao-comprova-falhas-no-distanciamento-social/,projetocomprova.com.br,saude_ciencia,2021-03-05,2
a89482d21fa830b2efea13ee880a02097b2b3026,1,-0.165223,0.127257,Não há provas de que rompimento em barragem da transposição no Ceará tenha sido causado por sabotagem : Projeto Comprova,https://projetocomprova.com.br/publicações/nao-ha-provas-de-que-rompimento-em-barragem-da-transposicao-no-ceara-tenha-sido-causado-por-sabotagem/,projetocomprova.com.br,politica_eleicoes,2021-03-05,2
f227fbe2b560138528aaffd201b295fe385bda90,3,-0.082708,-0.249357,Você ganhou na loteria da Bélgica e recebeu e-mail por isso #boato,https://www.boatos.org/tecnologia/voce-ganhou-na-loteria-da-belgica-recebeu-e-mail-por-isso.html,boatos.org,golpes_plataformas,2021-07-05,1
ed45290ab56216f01a4e96fff0b82bf4c0274851,4,0.279122,-0.202390,Rússia fez autópsia de paciente de Covid-19 e descobriu golpe global do 5G (veneno) #boato,https://www.boatos.org/mundo/russia-autopsia-paciente-covid-19-descobriu-golpe-global-5g-veneno.html,boatos.org,saude_ciencia,2021-02-13,1
4325b21b5227f3dcd77fb2b9bd473c5ad51b62ee,7,-0.136995,0.056032,700 empresas querem investir no Brasil por causa de Bolsonaro #boato,https://www.boatos.org/politica/700-empresas-investir-brasil-bolsonaro.html,boatos.org,politica_eleicoes,2019-10-07,1
f7b190e1cbb37dd67d3ac103e740bc8f3ee61964,7,-0.290558,0.093251,Boato - Ex-presidente Lula pretende se tornar pastor evangélico e construir uma das maiores catedrais do Brasil.,https://www.boatos.org/politica/lula-virou-pastor-evangelico-vai-inaugurar-igreja-brasil.html,boatos.org,politica_eleicoes,2020-01-11,1
28dc8a24f104283df4efb75c8063423d28c8f702,2,0.287423,0.156333,Senado da Itália aprova tratamento precoce (hidroxicloroquina e ivermectina) contra Covid-19 #boato,https://www.boatos.org/mundo/senado-italia-aprova-tratamento-precoce-hidroxicloroquina-ivermectina-contra-covid-19.html,boatos.org,saude_ciencia,2021-04-16,1
69050b81da37c8c6b0098603d517b2d063e80495,6,0.109001,-0.011864,Medir a temperatura com um termômetro infravermelho não danifica a glândula pineal,https://checamos.afp.com//medir-temperatura-com-um-termometro-infravermelho-nao-danifica-glandula-pineal,checamos.afp.com,saude_ciencia,2024-11-28,1
7c23a7b874f8fdf24cb139459af509101497680c,7,-0.217588,-0.122971,Vídeo mostra adega de Sérgio Cabral que foi descoberta pela Polícia Federal #boato,https://www.boatos.org/politica/video-adega-sergio-cabral-descoberta-policia-federal.html,boatos.org,seguranca_justica,2019-11-02,1
ea6c304f85b8a59941d2777e45bf03cc45d75437,3,0.086011,-0.072390,É #FATO que Exército levou remédios para internados com Covid no RS e SC | G1,https://g1.globo.com/fato-ou-fake/coronavirus/noticia/2020/07/20/e-fato-que-exercito-levou-remedios-para-internados-com-covid-no-rs-e-sc.ghtml,g1.globo.com,saude_ciencia,2020-07-20,1
20dc35eaa22ae80d66180b449b90e3d41c5c6b9d,6,0.075273,-0.074487,Foto mostra mãos queimadas após o uso de álcool em gel! Será verdade?,https://www.e-farsas.com/foto-mostra-maos-queimadas-apos-o-uso-de-alcool-em-gel-sera-verdade.html,e-farsas.com,saude_ciencia,2020-04-05,1
f9104dc29b080856dc9c8524ee646dfffb46fbc9,2,0.287369,-0.000883,Vídeo distorce informações sobre a cloroquina usando bula da Novalgina,https://noticias.uol.com.br/comprova/ultimas-noticias/2020/05/29/video-distorce-informacoes-sobre-a-cloroquina-usando-bula-da-novalgina.htm,noticias.uol.com.br,saude_ciencia,2020-05-29,1
0234fb8db39e5690842c1f5f32f03e27eca3963e,4,0.216312,-0.004571,É #FAKE que kits de testes para Covid-19 foram comprados por países já em 2017 | G1,https://g1.globo.com/fato-ou-fake/coronavirus/noticia/2020/09/10/e-fake-que-kits-de-testes-para-covid-19-foram-comprados-por-paises-ja-em-2017.ghtml,g1.globo.com,saude_ciencia,2020-09-10,1
1221d0b78d0373499f4eff5e19d57d0a0f23b7f8,7,-0.278213,0.078828,Lula viajou para São Paulo em jatinho emprestado por Luciano Huck?,https://www.e-farsas.com/lula-viajou-para-sao-paulo-em-jatinho-emprestado-por-luciano-huck.html,e-farsas.com,politica_eleicoes,2019-11-10,2
f2526f487386cf4eea03f9408655931086eb2cf1,5,-0.142811,0.019430,Benjamin Netanyahu ameaçou atacar o Líbano horas antes da megaexplosão em Beirute?,https://www.e-farsas.com/benjamin-netanyahu-ameacou-atacar-o-libano-horas-antes-da-megaexplosao-em-beirute.html,e-farsas.com,politica_eleicoes,2020-08-05,1
4b36d175a7094762b041a9fe5346979db6b1726f,6,-0.092278,-0.136290,Papa proibe que fieis beijem sua mão porque tem nojo deles #boato,https://www.boatos.org/religiao/papa-proibe-fieis-beijem-mao-nojo.html,boatos.org,golpes_plataformas,2020-01-04,1
89a447c27b918f05eea72668c920bcf0ceccd698,4,0.161379,0.225370,Post de deputado apresenta dados enganosos sobre número de mortes por outras doenças na pandemia : Projeto Comprova,https://projetocomprova.com.br/publicações/post-de-deputado-apresenta-dados-enganosos-sobre-numero-de-mortes-por-outras-doencas-na-pandemia/,projetocomprova.com.br,saude_ciencia,2020-10-07,3
c8f0a705e667884d90d6eabe85a9b4c74f10c70e,3,-0.070066,-0.168474,8 dicas para você reconhecer fake news!,https://www.e-farsas.com/8-dicas-para-voce-reconhecer-fake-news.html,e-farsas.com,politica_eleicoes,2019-07-15,3
a66fadeaaaaa41a9f9dc7acd31f0e07ad79a3a5c,4,0.333138,-0.000749,Nota oficial do governo de São Paulo dá dicas sobre Covid-19 (coronavírus) e fala sobre fechamento de fronteiras #boato,https://www.boatos.org/saude/nota-oficial-governo-sao-paulo-dicas-covid-19-coronavirus-fechamento-fronteiras.html,boatos.org,saude_ciencia,2020-03-18,2
92e66f330188b764b06afe0f19617efc6937a6d1,6,-0.007044,-0.268059,Lotes da cerveja Glacial estão contaminados com substância tóxica #boato,https://www.boatos.org/brasil/lotes-cerveja-glacial-estao-contaminados-substancia-toxica.html,boatos.org,saude_ciencia,2020-01-16,2
cccc3a7ea82bd1152ad767f399cca345b5b1ddcb,5,-0.195756,0.206011,É #FAKE que STF decidiu que voto em cédula de papel é inconstitucional | G1,https://g1.globo.com/fato-ou-fake/noticia/2020/09/23/e-fake-que-stf-decidiu-que-voto-em-cedula-de-papel-e-inconstitucional.ghtml,g1.globo.com,politica_eleicoes,2020-09-23,1
c0ba26c2e92d82488024fdf3e0b404cb24bb5d96,1,-0.201602,0.206648,Veja o que é #FATO ou #FAKE nas declarações dos candidatos à Prefeitura de Belo Horizonte na 5ª semana de campanha | G1,https://g1.globo.com/fato-ou-fake/noticia/2020/10/30/veja-o-que-e-fato-ou-fake-nas-declaracoes-dos-candidatos-a-prefeitura-de-belo-horizonte-na-5a-semana-de-campanha.ghtml,g1.globo.com,golpes_plataformas,2020-10-30,1
5b998aaa8255db4e6d37d443d3337aaa816b3dc8,7,-0.064651,-0.009116,PT manda enterrar caixões vazios para dar golpe em Bolsonaro #boato,https://www.boatos.org/politica/pt-enterrar-caixoes-vazios-golpe-bolsonaro.html,boatos.org,politica_eleicoes,2020-04-25,1
1941626702345f8dda16e4b8b331cd3fe7c422f7,4,0.188243,-0.180102,É #FAKE que 96% das mortes atribuídas à Covid-19 na Itália foram causadas por outras patologias | G1,https://g1.globo.com/fato-ou-fake/coronavirus/noticia/2020/05/29/e-fake-que-96percent-das-mortes-atribuidas-a-covid-19-na-italia-foram-causadas-por-outras-patologias.ghtml,g1.globo.com,saude_ciencia,2020-05-29,1
6c9d51046ae8a5dbf7d4fcf3c773b44bd709297d,7,-0.088957,-0.071024,FBI e CIA descobrem que professor é espião do governo chinês no Brasil #boato,https://www.boatos.org/brasil/fbi-cia-descobrem-professor-espiao-governo-chines-brasil.html,boatos.org,politica_eleicoes,2020-08-08,1
1d68b47ee794a0190c36357d293130cad38cc9e9,4,0.326533,-0.059017,"Beber muita água e fazer gargarejo com água morna, vinagre, ou sal, não elimina o coronavírus",https://checamos.afp.com//beber-muita-agua-e-fazer-gargarejo-com-agua-morna-vinagre-ou-sal-nao-elimina-o-coronavirus,checamos.afp.com,saude_ciencia,2024-11-28,1
e653e23f23a8c8168b4a229d41bb27962478028a,6,-0.116390,-0.114268,Bloco de carnaval no Bradesco de Bangu é filmado em 2021 #boato,https://www.boatos.org/brasil/bloco-de-carnaval-bradesco-bangu-2021.html,boatos.org,golpes_plataformas,2021-02-14,1
944eba43f687a5a9b1f5a1db6e1a071a362e53f8,4,0.066011,0.001180,"Atestado de óbito com suspeita de Covid-19 rende R$ 18.000 para o hospital, diz médico #boato",https://www.boatos.org/saude/atestado-obito-suspeita-de-covid-19-rende-r-18-000-hospital-diz-medico.html,boatos.org,saude_ciencia,2020-06-22,2
8165aac092311186eb5834081369e5581ddab495,7,-0.216352,-0.104768,Funcionário manda áudio irritado para o Sr. Armando por causa de chuva no Rio de Janeiro! Será verdade?,https://www.e-farsas.com/funcionario-manda-audio-irritado-para-o-sr-armando-por-causa-de-chuva-no-rio-de-janeiro-sera-verdade.html,e-farsas.com,meio_ambiente,2019-04-11,1
dc64054d994f911938bdc37c30c3e8e4a6b99544,1,-0.165099,0.214832,Veja o que é #FATO ou #FAKE nas declarações dos candidatos à Prefeitura do Rio na 1ª semana de campanha | G1,https://g1.globo.com/fato-ou-fake/noticia/2020/10/03/veja-o-que-e-fato-ou-fake-nas-declaracoes-dos-candidatos-a-prefeitura-do-rio-na-1a-semana-de-campanha.ghtml,g1.globo.com,politica_eleicoes,2020-10-03,3
6316bd5a3c0a73955af224484999087af40e8cfd,6,0.085513,-0.064938,O UNICEF sugeriu que a pornografia pode ser positiva para crianças?,https://www.e-farsas.com/o-unicef-sugeriu-que-a-pornografia-pode-ser-positiva-para-criancas.html,e-farsas.com,golpes_plataformas,2021-06-09,1
6eaeea6fe29686625aedc4d3c7fdb448a3edbb77,6,-0.019384,-0.106128,Corpo de jovem que será beatificado na Itália foi encontrado incorrupto?,https://www.e-farsas.com/corpo-de-jovem-que-sera-beatificado-na-italia-foi-encontrado-incorrupto.html,e-farsas.com,seguranca_justica,2020-10-04,2
3f4aa3ea0005e52ee81a6ee6d16454ccff4f6c9a,0,0.416866,0.102592,É errado comparar letalidade da covid-19 com reações à vacina : Projeto Comprova,https://projetocomprova.com.br/publicações/e-errado-comparar-letalidade-da-covid-19-com-reacoes-a-vacina/,projetocomprova.com.br,saude_ciencia,2020-11-03,2
5865eea26deb6ff685b6b092272e75fbd9a317e8,4,0.136646,-0.039980,É #FAKE que hospital de campanha de Santo André não tem pacientes com Covid-19 | G1,https://g1.globo.com/fato-ou-fake/coronavirus/noticia/2020/04/29/e-fake-que-hospital-de-campanha-de-santo-andre-nao-tem-pacientes-com-covid-19.ghtml,g1.globo.com,saude_ciencia,2020-04-29,1
93216eeb4972018fa657cc35fd8cee775d6d96b2,6,-0.035033,-0.162224,Disco genético de 6.000 anos foi descoberto durante escavação arqueológica na Colômbia?,https://www.e-farsas.com/disco-genetico-de-6-000-anos-foi-descoberto-durante-escavacao-arqueologica-na-colombia.html,e-farsas.com,outros,2020-07-30,1
0936b344a3b9a2104f53b70b7bde7b84ed82ed6a,6,0.054744,-0.170375,Gatos selvagens invadiram um necrotério e comeram cadáveres humanos?,https://www.e-farsas.com/gatos-selvagens-invadiram-um-necroterio-e-comeram-cadaveres-humanos.html,e-farsas.com,seguranca_justica,2020-01-26,2
4053b8a73b66280737076cd38e62944dad5a92b6,6,-0.034373,-0.185609,Será verdade que um clipe musical registrou uma tentativa de suicídio?,https://www.e-farsas.com/sera-verdade-que-um-clipe-musical-registrou-uma-tentativa-de-suicidio.html,e-farsas.com,golpes_plataformas,2020-08-10,1
bc5d9650b4c17fc58a2c83839c35b23f6a71e7a9,0,0.239419,-0.189879,Vacina chinesa contra Covid-19 é feita de fetos de bebês abortados #boato,https://www.boatos.org/saude/vacina-chinesa-covid-feita-fetos-bebes-abortados.html,boatos.org,saude_ciencia,2020-07-27,1
3abb6c41cdba7b7437b76411b23ccd2f7aa4a19c,4,0.041403,0.092634,Doria prorroga o lockdown até o dia 22 de abril de 2021 em São Paulo #boato,https://www.boatos.org/politica/doria-prorroga-lockdown-dia-22-abril-2021-sao-paulo.html,boatos.org,golpes_plataformas,2021-04-08,2
5c7595297e087833c7ba6e3fdb2dc98323a45b8a,2,0.473715,0.192409,Covid: Oxford não encontrou 'fortes indícios' da eficácia da ivermectina,https://noticias.uol.com.br/comprova/ultimas-noticias/2021/06/25/oxford-nao-encontrou-fortes-indicios-da-eficacia-da-ivermectina.htm,noticias.uol.com.br,saude_ciencia,2021-06-25,2
143f585f9d5e965939ece7f3fbe196c3b55b16b8,6,-0.062208,-0.218507,Mulher alega ter encontrado artefato alienígena nos EUA! Será verdade?,https://www.e-farsas.com/mulher-alega-ter-encontrado-artefato-alienigena-nos-eua-sera-verdade.html,e-farsas.com,internacional,2019-10-28,2
897da8deac6af2451bdea2584da4a46a1121a4e7,4,0.216557,-0.230103,Empresa de Bill Gates é a dona da patente do novo coronavírus #boato,https://www.boatos.org/saude/bill-gates-dono-patente-coronavirus.html,boatos.org,saude_ciencia,2020-02-08,1
9066a666e4fb6fab6ec5ee66f366a5124ad57352,6,-0.087972,-0.223029,"Irmão Lázaro está vivo: homem revela, em vídeo, que ele não morreu #boato",https://www.boatos.org/religiao/irmao-lazaro-esta-vivo-homem-revela-em-video-ele-nao-morreu.html,boatos.org,golpes_plataformas,2021-03-22,1
0b6d687bb4992447f461e6fa3ca45637b9cf265c,4,0.227207,0.041997,O uso de máscaras não priva células de oxigênio causando câncer de pulmão,https://checamos.afp.com//o-uso-de-mascaras-nao-priva-celulas-de-oxigenio-causando-cancer-de-pulmao,checamos.afp.com,golpes_plataformas,2024-04-17,1
2fba47f15e5a90d1857afcc13d0bf55f471763ef,6,-0.057018,-0.115574,É #FAKE que Felipe Neto atue para criar conceito de 'idade fluída' com aval do STF e justificar pedofilia | G1,https://g1.globo.com/fato-ou-fake/noticia/2020/07/31/e-fake-que-felipe-neto-atue-para-criar-conceito-de-idade-fluida-com-aval-do-stf-e-justificar-pedofilia.ghtml,g1.globo.com,seguranca_justica,2020-07-31,1
886bea3d4a665ab1bcd53a747bb7f0bea839178f,4,0.073070,0.162746,Post engana ao comparar falas de Biden e Bolsonaro sobre uso de máscara,https://noticias.uol.com.br/comprova/ultimas-noticias/2021/06/21/post-engana-ao-comparar-falas-de-biden-e-bolsonaro-sobre-uso-de-mascara.htm,noticias.uol.com.br,saude_ciencia,2021-06-21,1
a2496cd98c1555c22f2d9d52f6a1b5c33af7e0e8,6,-0.109232,-0.044708,Comitiva do governo federal se reuniu com o fundo de investimentos de George Soros?,https://www.e-farsas.com/comitiva-do-governo-federal-se-reuniu-com-o-fundo-de-investimentos-de-george-soros.html,e-farsas.com,politica_eleicoes,2019-09-27,1
4869441bcbedd7d7b719287142b2385b840962b9,6,0.124036,-0.051699,Jovem com morte cerebral ressuscitou após familiares cantarem louvores?,https://www.e-farsas.com/jovem-com-morte-cerebral-ressuscitou-apos-familiares-cantarem-louvores.html,e-farsas.com,saude_ciencia,2019-09-12,3
e99e4750a72a6747cebdd6a789ba10b37616c631,6,-0.075619,-0.185171,O homem que esfaqueou cachorro em bar foi morto com 50 facadas?,https://www.e-farsas.com/o-homem-que-esfaqueou-cachorro-em-bar-e-foi-morto-com-50-facadas.html,e-farsas.com,politica_eleicoes,2019-01-17,1
2a749761cc20c7c15698382ae9ae8a4e466bff96,6,-0.056279,-0.160190,Um robô autônomo foi atropelado e morto por um carro Tesla autônomo?,https://www.e-farsas.com/um-robo-autonomo-foi-atropelado-e-morto-por-um-carro-tesla-autonomo.html,e-farsas.com,politica_eleicoes,2019-05-24,1
2f813246f0545acd22afdf7d4bdabadb1625d9cf,6,-0.087282,-0.145160,"Greta Thunberg não estuda na escola mais cara do mundo, nem tem veleiro",https://noticias.uol.com.br/comprova/ultimas-noticias/2019/09/27/greta-thunberg-nao-estuda-na-escola-mais-cara-do-mundo-nem-tem-veleiro.htm,noticias.uol.com.br,politica_eleicoes,2019-09-27,3
7782a63427af0d10672279dd4a89e90a5a35043d,1,-0.174005,0.264210,É enganoso o tuíte que acusa Bolsonaro de acabar com o Bolsa Atleta,https://noticias.uol.com.br/comprova/ultimas-noticias/2021/07/30/e-enganoso-o-tuite-que-acusa-bolsonaro-de-acabar-com-o-bolsa-atleta.htm,noticias.uol.com.br,politica_eleicoes,2021-07-30,2
51b381f51c883a0a64cbb77ed5bb54625b46695b,0,0.194479,-0.147714,"Primeira-ministra da Austrália fingiu tomar vacina chinesa contra Covid-19, mostra vídeo #boato",https://www.boatos.org/mundo/primeira-ministra-australia-fingiu-tomar-vacina-chinesa-covid-19-video.html,boatos.org,saude_ciencia,2020-07-02,2
9cd7dd6546597112e9bf8162ad854ac9104a5b1e,4,0.297309,-0.204484,Tecnologia 5G está ligada ao surgimento do novo coronavírus na China #boato,https://www.boatos.org/tecnologia/tecnologia-5g-ligada-surgimento-coronavirus-china.html,boatos.org,saude_ciencia,2020-04-10,1
6b71110b98752d631b92691b910edfed38ec06e2,7,-0.099692,0.165184,Alcance nas redes não mede popularidade de Bolsonaro ou qualquer presidente,https://noticias.uol.com.br/comprova/ultimas-noticias/2019/10/10/alcance-nas-redes-nao-mede-popularidade-de-bolsonaro-ou-qualquer-presidente.htm,noticias.uol.com.br,politica_eleicoes,2019-10-10,1
5e8913b60a5a27db4da29fd49a20a8cb048f2272,7,-0.113868,0.194115,Texto enganoso associa mais armas a menos violência e traz dados incorretos,https://noticias.uol.com.br/comprova/ultimas-noticias/2019/08/14/texto-enganoso-associa-mais-armas-a-menos-violencia-e-traz-dados-incorretos.htm,noticias.uol.com.br,internacional,2019-08-14,1
e3586e2b9036fc147d4738ea29d03676d5b4659a,6,0.030955,-0.315945,Foto mostra lagarta venenosa que leva à morte em horas #boato,https://www.boatos.org/ciencia/foto-lagarta-venenosa-leva-morte-minutos.html,boatos.org,saude_ciencia,2020-10-09,1
86f39e306451cc994bf8bdee220277e7483a9a2c,1,-0.018996,0.325000,"Na fase mais letal da covid, Bolsonaro repetia desinformação em lives",https://noticias.uol.com.br/confere/ultimas-noticias/2021/07/01/live-bolsonaro-desinformacao-3-meses.htm,noticias.uol.com.br,politica_eleicoes,2021-07-01,2
3d73d2b25ed04986f3ad52b5c94b769e0edb130d,7,-0.268024,-0.039758,Governos e prefeituras do PT do Nordeste contrataram máquina para destruir asfalto feito pelo Exército #boato,https://www.boatos.org/politica/governos-prefeituras-pt-nordeste-contrataram-maquina-destruir-asfalto.html,boatos.org,politica_eleicoes,2019-11-13,1
ccabdc011a9c69e8d4e329f50edf3bdbb5760ae8,2,0.338643,0.139212,Ozonioterapia não tem eficácia comprovada contra a covid-19,https://noticias.uol.com.br/comprova/ultimas-noticias/2020/08/05/ozonioterapia-nao-tem-eficacia-comprovada-contra-a-covid-19.htm,noticias.uol.com.br,saude_ciencia,2020-08-05,1
8742965d9cdd91dd16ccdb0e4c13ed342d6fe56b,0,0.265968,-0.149185,Médico Michael Yeadon (ex-vice da Pfizer) diz que vacina a -80°C é um agente de transfecção de células e material genético #boato,https://www.boatos.org/saude/medico-michael-yeadon-ex-vice-pfizer-vacina-agente-transfeccao-celulas-material-genetico.html,boatos.org,saude_ciencia,2021-02-12,1
451d31e23832de74406b0bdeee1818495f500ef4,4,0.302672,-0.179829,Washington Post confirma que infecção por coronavírus surgiu no laboratório de Wuhan #boato,https://www.boatos.org/mundo/washington-post-confirma-coronavirus-surgiu-laboratorio-wuhan.html,boatos.org,saude_ciencia,2020-04-20,1
bd4a5aac773252ba6949cb22add1d9c15ba57224,1,-0.186368,0.132632,Curso sobre a revolução socialista na UFSC não foi bancado com dinheiro público : Projeto Comprova,https://projetocomprova.com.br/publicações/curso-sobre-a-revolucao-socialista-na-ufsc-nao-foi-bancado-com-dinheiro-publico/,projetocomprova.com.br,economia,2021-04-12,1
5c0d3d72a621da268154f790977fc4493257f02e,6,-0.151011,-0.101456,Jogo entre Flamengo e Grêmio pela Libertadores foi anulado pelo STJD #boato,https://www.boatos.org/esporte/jogo-flamengo-gremio-libertadores-anulado-stjd.html,boatos.org,golpes_plataformas,2019-11-02,1
95c45a68b484c31a0b25e9d841f090787a0226bc,6,-0.055361,0.027452,"Vídeo mostra inundação de abrigo de imigrantes, não de hospital de campanha em Manaus",https://checamos.afp.com//video-mostra-inundacao-de-abrigo-de-imigrantes-nao-de-hospital-de-campanha-em-manaus,checamos.afp.com,saude_ciencia,2024-04-17,1
ce253de390b458d5744b892e5f426ab3dc586e7f,2,0.435101,0.166131,Covid-19: Estudo italiano não propõe uso da cloroquina como tratamento,https://noticias.uol.com.br/comprova/ultimas-noticias/2020/08/31/covid-19-estudo-italiano-nao-propoem-uso-da-cloroquina-como-tratamento.htm,noticias.uol.com.br,saude_ciencia,2020-08-31,2
81e7fa38b3cea14c13aa0d9a5dd9b80ffcc33ea4,3,0.139564,-0.165704,É #FAKE cartaz que anuncia vacinação prioritária de homossexuais contra a Covid-19 | G1,https://g1.globo.com/fato-ou-fake/coronavirus/noticia/2021/05/17/e-fake-cartaz-que-anuncia-vacinacao-prioritaria-de-homossexuais-contra-a-covid-19.ghtml,g1.globo.com,golpes_plataformas,2021-05-17,1
cfdc8175eac3e4b6331bfadc13d39b79cb837939,7,-0.233213,-0.080458,William Bonner pede demissão da Globo após derrota histórica para futebol do SBT #boato,https://www.boatos.org/entretenimento/william-bonner-pede-demissao-globo-apos-derrota-futebol-sbt.html,boatos.org,politica_eleicoes,2020-07-17,1
84c2ad27727909dfe4f570a8efb1c687e1b54308,6,-0.091780,-0.054985,É #FAKE que foto de praia lotada no Rio publicada em jornal é antiga e foi retirada de arquivo | G1,https://g1.globo.com/fato-ou-fake/coronavirus/noticia/2020/09/01/e-fake-que-foto-de-praia-lotada-no-rio-publicada-em-jornal-e-antiga-e-foi-retirada-de-arquivo.ghtml,g1.globo.com,golpes_plataformas,2020-09-01,1
46e07bb3e19f07c6c9a2851d577ccad89a44f211,4,0.333952,-0.032921,Mensagens virais sobre os sintomas da variante delta da covid-19 são enganosas,https://checamos.afp.com//http%253A%252F%252Fdoc.afp.com%252F9LL64K-1,checamos.afp.com,saude_ciencia,2024-04-17,1
3b6e1044d0238ecaf87cb9d4322fc6d2d954b06d,5,-0.178290,-0.063197,É #FAKE que houve recontagem de votos em Detroit e foi identificado um eleitor nascido em 1823 | G1,https://g1.globo.com/fato-ou-fake/noticia/2020/11/06/e-fake-que-houve-recontagem-de-votos-em-detroit-e-foi-identificado-um-eleitor-nascido-em-1823.ghtml,g1.globo.com,golpes_plataformas,2020-11-06,1
629211f3c9de9a87e562e473acc4e09c16a50bcb,3,-0.070426,-0.233536,O Boticário está dando Malbec ou Floratta grátis em site no WhatsApp #boato,https://www.boatos.org/tecnologia/o-boticario-malbec-floratta-gratis.html,boatos.org,golpes_plataformas,2019-03-08,1
9d40dea15054d25b3c13ea046539ec48871d346e,7,-0.223222,0.144666,URL com o código das caricaturas,https://noticias.uol.com.br/confere/ultimas-noticias/eder-content/2019/12/06/url-com-o-codigo-das-caricaturas.htm,noticias.uol.com.br,politica_eleicoes,2019-12-06,1
1b50c0170ecafb7ecd90167b4a35990455d908f9,4,0.147228,0.002572,"Hospital Moinhos de Vento, em Porto Alegre, está vazio e tranquilo, prova vídeo #boato",https://www.boatos.org/saude/hospital-moinhos-de-vento-porto-alegre-vazio-tranquilo-video.html,boatos.org,saude_ciencia,2021-03-04,2
b38185712655d300830e58ffb8c8cbd1f737e189,0,0.335009,0.089014,CoronaVac não matou voluntários e vacinas não causaram danos neurológicos ou de DNA : Projeto Comprova,https://projetocomprova.com.br/publicações/coronavac-nao-matou-voluntarios-e-vacinas-nao-causaram-danos-neurologicos-ou-de-dna/,projetocomprova.com.br,saude_ciencia,2020-11-09,1
59f4fc8612511a5bdc35859299c98012ed9546b5,4,0.023469,-0.068770,"Ouça a participação do E-farsas no PodTech, do canal Futura!",https://www.e-farsas.com/ouca-a-participacao-do-e-farsas-no-podtech-do-canal-futura.html,e-farsas.com,saude_ciencia,2020-05-17,1
7107784777e6ebea9e2e9239d8457a1a304c9f43,4,0.159028,-0.177667,Monja Coen está com sintomas de Covid-19 e foi atendida na plataforma Missão Covid #boato,https://www.boatos.org/religiao/monja-coen-esta-sintomas-de-covid-19-plataforma-missao-covid.html,boatos.org,saude_ciencia,2020-04-08,1
b9dabc0d8e78c261284dbdf23645789cc644662e,0,0.174648,0.125611,É #FAKE que governo não pode obrigar pessoas a se vacinar contra Covid-19 | G1,https://g1.globo.com/fato-ou-fake/coronavirus/noticia/2020/09/02/e-fake-que-governo-nao-pode-obrigar-pessoas-a-se-vacinar-contra-covid-19.ghtml,g1.globo.com,saude_ciencia,2020-09-02,1
4e22a0f64c15acba8f3028697693122744f9884d,6,-0.161889,-0.120746,Casal em Kombi da Sabesp (Cedae) e uniforme da companhia está realizando assaltos #boato,https://www.boatos.org/brasil/casal-kombi-sabesp-cedae-esta-realizando-assaltos.html,boatos.org,golpes_plataformas,2020-01-28,1
2c390be8a302e201067a90bb0a03fe33688dd49e,4,0.273774,0.077416,"Estudo recomenda o uso de máscara, ao contrário do que sugere deputada",https://noticias.uol.com.br/comprova/ultimas-noticias/2020/11/06/estudo-recomenda-o-uso-de-mascara-ao-contrario-do-que-sugere-deputada.htm,noticias.uol.com.br,saude_ciencia,2020-11-06,3
85c4edc10fe897a959ce705ca8d9efaeee1c6172,3,-0.025787,-0.302282,É #FAKE que vídeo mostre nuvem de gafanhotos em cidade da Paraíba | G1,https://g1.globo.com/fato-ou-fake/noticia/2020/06/29/e-fake-que-video-mostre-nuvem-de-gafanhotos-em-cidade-da-paraiba.ghtml,g1.globo.com,golpes_plataformas,2020-06-29,1
605656d9aed55923f890d9c1db0b245eee62f70c,0,0.309168,-0.211152,Médico alerta em vídeo que a “vacina chinesa” é mortal! Será verdade?,https://www.e-farsas.com/medico-alerta-em-video-que-a-vacina-chinesa-e-mortal-sera-verdade.html,e-farsas.com,saude_ciencia,2020-10-28,1
80c2e6ced196726c4416e9cfe9ccbaa6873542e3,1,-0.151279,0.129246,Fragmento de arroz não é 'resto' e venda é anterior ao governo Bolsonaro,https://noticias.uol.com.br/comprova/ultimas-noticias/2021/07/23/fragmento-de-arroz-nao-e-resto-e-venda-e-anterior-ao-governo-bolsonaro.htm,noticias.uol.com.br,politica_eleicoes,2021-07-23,1
29509907e7138e01eaa530ef12818f08775d950e,0,0.287866,0.077364,Doses da Janssen doadas pelos EUA ao Brasil estavam aptas para uso e foram aprovadas pela Anvisa : Projeto Comprova,https://projetocomprova.com.br/publicações/doses-da-janssen-doadas-pelos-eua-ao-brasil-estavam-aptas-para-uso-e-foram-aprovadas-pela-anvisa/,projetocomprova.com.br,saude_ciencia,2021-07-07,1
d72fa13b6e6bc714ac7c9e67b8478785f4eaea0c,7,-0.287357,0.095260,Imagem do Masp usada para provar que foto do ato contra Bolsonaro não é atual é ainda mais antiga,https://checamos.afp.com//imagem-do-masp-usada-para-provar-que-foto-do-ato-contra-bolsonaro-nao-e-atual-e-ainda-mais-antiga,checamos.afp.com,politica_eleicoes,2024-04-17,2
1ebeeeb5b613b71f169d4024ffc840ef7d00d5cd,6,-0.139678,-0.136410,Arraia jamanta gigante é filmada junto a tubarão no Campo de Búzios #boato,https://www.boatos.org/brasil/arraia-jamanta-filmada-junto-tubarao-campo-buzios.html,boatos.org,golpes_plataformas,2021-04-22,1
f858d400de3adb9f5e78ce6da4a744876f406112,7,-0.144846,0.200320,O ator Fábio Porchat não foi investigado ou denunciado por fraude à Lei Rouanet,https://checamos.afp.com//o-ator-fabio-porchat-nao-foi-investigado-ou-denunciado-por-fraude-lei-rouanet,checamos.afp.com,seguranca_justica,2024-04-17,1
040f54bb822ff51701f4b72cf2dda63e59a2c918,6,-0.023662,-0.088875,Incêndio na Igreja da Assunção resultou na morte de 100 gatos! Será verdade?,https://www.e-farsas.com/incendio-na-igreja-da-assuncao-resultou-na-morte-de-100-gatos-sera-verdade.html,e-farsas.com,saude_ciencia,2020-10-19,1
e35972717caa52ae8548f95847da8a24693d6a8b,1,-0.104793,0.025407,MEC vai privatizar universidades públicas e cobrar mensalidades na graduação #boato,https://www.boatos.org/politica/mec-privatizar-universidades-cobrar-mensalidades.html,boatos.org,golpes_plataformas,2019-07-16,1
0bf3143f194b8751a105e70595b882771e9b2ee9,7,0.028088,-0.061229,Mandetta é flagrado com Gilmar Mendes em Portugal no meio da pandemia da Covid-19 #boato,https://www.boatos.org/politica/mandetta-e-gilmar-mendes-em-portugal-na-pandemia.html,boatos.org,politica_eleicoes,2020-07-08,1
b3ad961fec7b0397530e183d5237d43b3648deea,0,0.290075,0.059471,"Jogador de beisebol dos EUA, Hank Aaron morreu de causas naturais e não por conta da vacina : Projeto Comprova",https://projetocomprova.com.br/publicações/jogador-de-beisebol-dos-eua-hank-aaron-morreu-de-causas-naturais-e-nao-por-conta-da-vacina/,projetocomprova.com.br,saude_ciencia,2021-04-16,1
f86f090d772f4fdaf86559185a6cb1be47dbf5d1,2,0.448464,0.161924,Pesquisa brasileira não usou doses de cloroquina para matar pacientes,https://noticias.uol.com.br/comprova/ultimas-noticias/2020/04/24/pesquisa-brasileira-nao-usou-doses-de-cloroquina-para-matar-pacientes.htm,noticias.uol.com.br,saude_ciencia,2020-04-24,1
f7856e6ab1f3d5d2160fdebc34f93dd39eb626c0,6,-0.077907,-0.085246,"Um rapaz engravidou 3 jovens, obrigou 2 a abortar, mas a 3ª deu à luz trigêmeos?",https://www.e-farsas.com/um-rapaz-engravidou-3-jovens-obrigou-2-a-abortar-mas-a-3a-deu-a-luz-trigemeos.html,e-farsas.com,outros,2019-09-08,1
a64f6e06b177fad37cd1315a1f79f9f426268a7e,6,-0.125405,-0.196530,Cacique Raoni roubou US$ 10 mi de Anita Roddick (dona da Body Shop) com a ONG Cobra Coral #boato,https://www.boatos.org/brasil/cacique-raoni-anita-roddick-body-shop.html,boatos.org,meio_ambiente,2019-09-29,1
1690649bfdd3a8b1553435cab7c34480bdcd16d1,0,0.217175,0.261793,A comparação do Brasil aos países europeus na vacinação não considera o tamanho da população,https://checamos.afp.com//comparacao-do-brasil-aos-paises-europeus-na-vacinacao-nao-considera-o-tamanho-da-populacao,checamos.afp.com,saude_ciencia,2024-04-17,1
2acd337a3fd746de30614107a4408962ade3024c,6,-0.095374,-0.048803,Idoso de 95 anos é flagrado pela PRF andando de moto a 280 km/h em Uruguaiana (RS) #boato,https://www.boatos.org/brasil/idoso-de-95-anos-andando-a-280-km-h.html,boatos.org,seguranca_justica,2020-07-09,1
470e508e5a920e413daa30e910b9d199c1d51a00,5,-0.114236,0.139855,É falso que urna eletrônica possa ser infectada com vírus que altera dados,https://noticias.uol.com.br/confere/ultimas-noticias/2020/10/08/virus-urna-eletronica-dados.htm,noticias.uol.com.br,politica_eleicoes,2020-10-08,1
b56a1c5c39942255d5ed8f233c1a00d3024029ce,4,0.380458,0.108750,Covid: Site engana ao afirmar que Anvisa 'confessa ineficácia de máscaras',https://noticias.uol.com.br/comprova/ultimas-noticias/2021/07/30/covid-site-engana-ao-afirmar-que-anvisa-confessa-ineficacia-de-mascaras.htm,noticias.uol.com.br,saude_ciencia,2021-07-30,4
d3eaf96c7c28ce25ca73e8d25594c185e6f02d13,2,0.468525,0.119415,"Não há prova de que ivermectina cure covid-19, ao contrário do que diz médica : Projeto Comprova",https://projetocomprova.com.br/publicações/nao-ha-prova-de-que-ivermectina-cure-covid-19-ao-contrario-do-que-diz-medica/,projetocomprova.com.br,saude_ciencia,2021-03-05,3
8a0e4e46dbf509e29a70b76dbf3cda70ad8eb047,7,-0.210923,0.126855,Bolsonaro acabou de criar o Tribunal Constitucional Militar para caçar os corruptos #boato,https://www.boatos.org/politica/bolsonaro-acabou-criar-tribunal-constitucional-militar-cacar-corruptos.html,boatos.org,politica_eleicoes,2020-07-03,1
d73902ef19daf30ea8f5a3c8d8345050267b36ac,6,0.010208,-0.150215,Vídeo mostra funcionários de clínica de aborto brincando com bebês mortos?,https://www.e-farsas.com/video-mostra-funcionarios-de-clinica-de-aborto-brincando-com-bebes-mortos.html,e-farsas.com,seguranca_justica,2019-06-16,1
6d4e565ba6881dfe6afeb1f9d3e3a1173083235d,1,-0.042331,0.285811,Orçamento do governo para hospitais não foi desviado para projetos culturais : Projeto Comprova,https://projetocomprova.com.br/publicações/orcamento-do-governo-para-hospitais-nao-foi-desviado-para-projetos-culturais/,projetocomprova.com.br,seguranca_justica,2021-03-05,1
ee934f8df895112c83ec25d66c8bd627c551af02,7,-0.200166,0.016231,Motociata de Bolsonaro arrecadou 700 toneladas de alimentos em doações #boato,https://www.boatos.org/politica/motociata-bolsonaro-arrecadou-700-toneladas-alimentos-em-doacoes.html,boatos.org,politica_eleicoes,2021-06-15,1
55d4830aa04410b5c74ea315aa124656cf2cec61,7,-0.235548,-0.092834,Assassino de Marielle é flagrado com a camiseta de Lula em foto #boato,https://www.boatos.org/politica/assassino-marielle-camisa-lula.html,boatos.org,politica_eleicoes,2019-03-13,1
9c0842008a76c53796c7d5f17098185da9718dce,2,0.294491,0.049174,Médica cita estudos inconclusivos ao sugerir conspiração contra cloroquina,https://noticias.uol.com.br/comprova/ultimas-noticias/2020/07/31/medica-cita-estudos-inconclusivos-ao-sugerir-conspiracao-contra-cloroquina.htm,noticias.uol.com.br,saude_ciencia,2020-07-31,1
04214c9a22efd50f8eb0d085e49ed0036b6c9014,7,-0.225232,0.098207,Mourão vai à Amazônia (área militar) para projeto de controle contra ONGs internacionais #boato,https://www.boatos.org/politica/mourao-amazonia-area-militar-controle-ongs.html,boatos.org,meio_ambiente,2019-08-27,1
79bdc52451b846bd72f0f8e699f3d4d07b7e24b8,6,-0.002563,-0.241591,As maiores fake news contra Greta Thunberg!,https://www.e-farsas.com/as-maiores-fake-news-contra-greta-thunberg.html,e-farsas.com,saude_ciencia,2019-12-17,1
77c4bc8055c224b19d604b29ed4d5e673188958c,4,0.300473,0.113445,"Ao contrário do dito por Bolsonaro, especialistas veem subnotificação de covid no Brasil",https://checamos.afp.com//ao-contrario-do-dito-por-bolsonaro-especialistas-veem-subnotificacao-de-covid-no-brasil,checamos.afp.com,saude_ciencia,2024-04-17,1
1b2437fee0c3f66490684ba163b44184b1916a3f,4,0.294326,0.023057,Alerta da OMS sobre os testes RT-PCR para covid-19 não é “admissão” de falta de eficácia,https://checamos.afp.com//alerta-da-oms-sobre-os-testes-rt-pcr-para-covid-19-nao-e-admissao-de-falta-de-eficacia,checamos.afp.com,saude_ciencia,2024-04-17,1
56f58ea7008a1fc9b021bc69fe73640ac02df52b,3,-0.027237,-0.260162,SIM Swap Fraud é um novo golpe em que bandidos pedem que você pressione a tecla 1 no celular #boato,https://www.boatos.org/tecnologia/sim-swap-fraud-novo-golpe-bandidos-pressione-tecla-1-celular.html,boatos.org,golpes_plataformas,2020-08-15,2
c4048a17534ed4bcf245577cc726a45c55c7a9a1,7,-0.052433,-0.019277,Regina Casé e Maria Bethânia fizeram festa com aglomeração no réveillon de 2020 para 2021?,https://www.e-farsas.com/regina-case-e-maria-bethania-fizeram-festa-com-aglomeracao-no-reveillon-de-2020-para-2021.html,e-farsas.com,golpes_plataformas,2021-01-05,2
6c380715c5a9a59b134e4ab9ce612b32dfef7d2a,2,0.425434,0.103792,Site engana ao relacionar hidroxicloroquina à baixa mortalidade em Cuba,https://noticias.uol.com.br/comprova/ultimas-noticias/2020/07/24/site-engana-ao-relacionar-hidroxicloroquina-a-baixa-mortalidade-em-cuba.htm,noticias.uol.com.br,saude_ciencia,2020-07-24,1
acc2efeec0e036dd9981e9ef9c867c7025f40cf9,2,0.289145,0.253727,Nem todos pacientes de covid-19 de hospital do Piauí receberam alta após tratamento com cloroquina : Projeto Comprova,https://projetocomprova.com.br/publicações/nem-todos-pacientes-de-covid-19-de-hospital-do-piaui-receberam-alta-apos-tratamento-com-cloroquina/,projetocomprova.com.br,saude_ciencia,2021-03-05,1
73e987416e3a16dd0d5523982b5a2e4c29ead1a8,6,-0.111734,0.035260,Pantanal: Vídeo é manipulado para dizer que brigadistas causaram incêndio,https://noticias.uol.com.br/comprova/ultimas-noticias/2020/09/21/pantanal-video-e-manipulado-para-dizer-que-brigadistas-causaram-incendio.htm,noticias.uol.com.br,meio_ambiente,2020-09-21,1
62aa8ad4b3c540cf57fa00bf7199d716028f8173,3,0.006064,-0.152726,Cadastro para auxílio emergencial de R$ 600 é liberado pelo governo em site no WhatsApp #boato,https://www.boatos.org/tecnologia/cadastro-auxilio-emergencial-r-600-liberado-governo-site-whatsapp.html,boatos.org,golpes_plataformas,2020-03-27,1
eaa22d0a7c82e4556d18646402362970d108256d,4,0.190719,-0.257222,É #FAKE que vídeo mostre crianças deitadas no chão com dor por causa do coronavírus na China | G1,https://g1.globo.com/fato-ou-fake/noticia/2020/02/28/e-fake-que-video-mostre-criancas-deitadas-no-chao-com-dor-por-causa-do-coronavirus-na-china.ghtml,g1.globo.com,saude_ciencia,2020-02-28,1
9888960b796df5e4e76f8eb2c3151170478fd2d2,6,-0.067679,-0.229008,Fotógrafo flagra golfinho voando durante furacão Dorian #boato,https://www.boatos.org/mundo/fotografo-flagra-golfinho-voando-furacao-dorian.html,boatos.org,internacional,2019-09-05,1
4c073767b7297bddd8950bc8f3b2bdbf58050351,1,-0.139161,0.070922,Venezuela é uma nova Cuba após divulgação de regras da nova Constituinte #boato,https://www.boatos.org/mundo/venezuela-nova-cuba-divulgacao-de-regras-nova-constituinte.html,boatos.org,politica_eleicoes,2021-04-22,1
f783ed2fa35d7750faecbb7d16d43139fda2b2f6,5,-0.200938,0.108031,Urnas eletrônicas estão saindo de Brasília com votos computados #boato,https://www.boatos.org/politica/urnas-eletronicas-votos-computados-brasilia.html,boatos.org,politica_eleicoes,2020-10-21,1
213326fa678401f957796b50e9d1297e9443dd20,6,-0.167636,-0.175790,Assaltantes de banco em Criciúma usam máscaras de palhaço e posam com dinheiro e armas #boato,https://www.boatos.org/brasil/assaltantes-banco-criciuma-usam-mascaras-palhaco-posam-dinheiro-armas.html,boatos.org,economia,2020-12-04,1
1fa60d39bb5deea5fc65ca18b58f44f55cf5c27c,7,-0.154569,-0.173724,Change.org é um site de petições falsas criado por um fascista do grupo Abril (Veja) #boato,https://www.boatos.org/tecnologia/change-org-peticoes-falsas-fascista.html,boatos.org,golpes_plataformas,2019-08-05,1
b03147ed1cc4e4fea0e1db7d78e1272620555c07,1,-0.111830,0.097224,É mentira que governo queira ampliar tempo de renovação da CNH para 20 anos,https://noticias.uol.com.br/confere/ultimas-noticias/2019/04/19/e-mentira-que-governo-queira-ampliar-tempo-de-renovacao-da-cnh-para-20-anos.htm,noticias.uol.com.br,politica_eleicoes,2019-04-19,1
7219ed236e1c2ede7b0016c1c1fd61289cf45d8c,4,0.113794,0.098657,Número de mortes diárias por Covid-19 caiu por causa de investigação de Nelson Teich e Sérgio Moro #boato,https://www.boatos.org/saude/numero-de-mortes-covid-19-caiu-investigacao-teich-moro.html,boatos.org,saude_ciencia,2020-04-23,2
0f617dc9b3c434948674d88c6b78b379be037d10,0,0.104679,-0.039804,"Datas da vacinação para idosos em março: “1º de março – 74 anos”, “2 de março – 73 anos” etc. #boato",https://www.boatos.org/saude/datas-vacinacao-para-idosos-em-marco-1o-de-marco-74-anos-2-de-marco-73-anos-etc.html,boatos.org,saude_ciencia,2021-02-10,1
df1065f5d9a1ca1e4790df398cb086a6111660e0,4,0.064399,-0.039995,Ex-apresentador vazou documento sigiloso da Globo sobre como a emissora deve tratar a COVID-19?,https://www.e-farsas.com/ex-apresentador-vazou-documento-sigiloso-da-globo-sobre-como-a-emissora-deve-tratar-a-covid-19.html,e-farsas.com,saude_ciencia,2021-04-27,1
a49cfb9999fb84cbcc0c353fdc2494d99628c060,4,0.357628,-0.118186,Revista Saúde de 2003 prova que coronavírus (Covid-19) já existia e é uma armação da China #boato,https://www.boatos.org/saude/revista-saude-2003-coronavirus-covid-19-existia-armacao-china.html,boatos.org,saude_ciencia,2020-03-25,1
869325e695b0713a395531c55e08d12c5aa3856e,7,-0.165105,0.083720,Ministro da Educação diz que professores são (estão) muito folgados #boato,https://www.boatos.org/politica/ministro-educacao-professores-folgados.html,boatos.org,politica_eleicoes,2019-03-09,1
5f7bf9835ec26c324e23e651eed4db94682c8159,4,0.147061,-0.097295,Melancia vendida no Brasil foi contaminada por chineses com coronavírus #boato,https://www.boatos.org/saude/melancia-vendida-brasil-contaminada-chineses-coronavirus.html,boatos.org,saude_ciencia,2020-05-19,1
3c648b1f0ba47aa55efa66636ddade03a641fc95,6,-0.119644,-0.231854,Boneco de ventríloquo da Segunda Guerra Mundial piscou e mexeu a boca sozinho?,https://www.e-farsas.com/boneco-de-ventriloquo-da-segunda-guerra-mundial-piscou-e-mexeu-a-boca-sozinho.html,e-farsas.com,internacional,2019-10-26,2
16dfd4cb4c263543a00b07bfe8b3bbc465a62c3e,0,0.268189,0.132657,Parceria para vacina contra covid não foi firmada por Doria no ano passado,https://noticias.uol.com.br/comprova/ultimas-noticias/2020/06/17/parceria-para-vacina-contra-covid-nao-foi-firmada-por-doria-no-ano-passado.htm,noticias.uol.com.br,saude_ciencia,2020-06-17,1
eac7977fcf8d011dbd6852992224cbda811e6d3e,7,-0.064625,0.082012,Ricardo Amorim grava áudio pedindo o fim da quarentena e apoiando Bolsonaro #boato,https://www.boatos.org/politica/ricardo-amorim-grava-audio-pedindo-fim-da-quarentena-apoiando-bolsonaro.html,boatos.org,politica_eleicoes,2020-03-27,3
c4eceeafc45279ecbffccc3db857e72f14f173bc,4,0.363918,-0.026087,Nobel de Medicina não disse que coronavírus foi criado em laboratório,https://noticias.uol.com.br/comprova/ultimas-noticias/2020/04/29/nobel-de-medicina-nao-disse-que-coronavirus-foi-criado-em-laboratorio.htm,noticias.uol.com.br,saude_ciencia,2020-04-29,1
d07b2f02a364a423e327f9cea67fb5825cf7728e,6,-0.153231,-0.110153,Os intérpretes dos Bananas de Pijamas são gays e estão casados há 25 anos?,https://www.e-farsas.com/os-interpretes-dos-bananas-de-pijamas-sao-gays-e-casados-ha-25-anos.html,e-farsas.com,economia,2019-08-29,2
0b60ba1f1c82d71bdd0d51d34b7f057388b6a6cc,7,-0.203467,-0.029316,Zico diz que nunca viu tanto perna de pau em uma seleção brasileira #boato,https://www.boatos.org/esporte/zico-diz-que-nunca-viu-tanto-perna-de-pau-selecao-brasileira.html,boatos.org,golpes_plataformas,2021-07-17,1
894398eb162b83f0a1255f69f5f10f4911823e53,1,-0.138403,-0.036142,Um motorista parou o ônibus por causa do forte odor íntimo de uma passageira na BR 324?,https://www.e-farsas.com/um-motorista-parou-o-onibus-por-causa-do-forte-odor-intimo-de-uma-passageira-na-br-324.html,e-farsas.com,outros,2019-06-22,1
5d5b48760db11528f8786483613be21b2a53b0c4,1,-0.153278,0.047556,"O vídeo de uma orquestra tocando o Bolero de Ravel sobre o Sena, em Paris, é de 2017",https://checamos.afp.com//o-video-de-uma-orquestra-tocando-o-bolero-de-ravel-sobre-o-sena-em-paris-e-de-2017,checamos.afp.com,saude_ciencia,2024-04-17,1
4d8d729e110a466f6aef41331d0d7beeac1de3fe,4,0.124247,-0.047511,É #FAKE que unidade do supermercado Mundial foi fechada no Rio após funcionários morrerem de Covid-19 | G1,https://g1.globo.com/fato-ou-fake/coronavirus/noticia/2020/05/06/e-fake-que-unidade-do-supermercado-mundial-foi-fechada-no-rio-apos-funcionarios-morrerem-de-covid-19.ghtml,g1.globo.com,saude_ciencia,2020-05-06,1
ab8ce3bf84400394f9f33f48c5ab8a544ef61300,6,-0.129578,-0.018187,Vídeo é tirado de contexto para dizer que brigadistas estariam causando incêndio no Pantanal : Projeto Comprova,https://projetocomprova.com.br/publicações/video-e-tirado-de-contexto-para-dizer-que-brigadistas-estariam-causando-incendio-no-pantanal/,projetocomprova.com.br,meio_ambiente,2021-03-05,1
aa12bc66eefe75879e416f1047c055c664f64453,4,0.122536,0.146019,Boato usa frase de Doria para levantar dúvidas sobre pandemia de Covid-19,https://noticias.uol.com.br/comprova/ultimas-noticias/2020/05/29/boato-usa-frase-de-doria-para-levantar-duvidas-sobre-pandemia-de-covid-19.htm,noticias.uol.com.br,saude_ciencia,2020-05-29,1
9bf4ecec4c4fbafacb5abf35c13e354ec1dcc8c8,6,-0.146168,-0.132878,A Mattel lançou a Barbie Aborto para incentivar as meninas a matar bebês?,https://www.e-farsas.com/a-mattel-lancou-a-barbie-aborto-para-incentivar-as-meninas-a-matar-bebes.html,e-farsas.com,politica_eleicoes,2021-02-24,2
b123516f2f60cb823da1df9bd728788cee80bd95,0,0.252200,0.040463,"Público-alvo de vacina ACWY, para meningite, são jovens de 11 e 12 anos",https://noticias.uol.com.br/confere/ultimas-noticias/2021/06/18/prefeituras-desmentem-post-de-whatsapp-sobre-vacina-acwy-para-meningite.htm,noticias.uol.com.br,saude_ciencia,2021-06-18,2
769e44a5f05cd97bca7a25dbe8c4524b7667d5a4,7,-0.240610,-0.089948,Dilma confunde Elvis Presley e John Lennon em foto no Cavern Club #boato,https://www.boatos.org/politica/dilma-confunde-elvis-ohn-lennon.html,boatos.org,politica_eleicoes,2019-02-15,1
f92df00afb2d16dca08a59f84c41bb584948e907,1,-0.132598,0.135573,Demarcação de terra indígena em Roraima não tem relação com alta do preço do arroz : Projeto Comprova,https://projetocomprova.com.br/publicações/demarcacao-de-terra-indigena-em-roraima-nao-tem-relacao-com-alta-do-preco-do-arroz/,projetocomprova.com.br,politica_eleicoes,2021-03-05,2
983b78b984b4b50d6283f4734f26c97714c0cd41,7,-0.250790,0.062957,Brasil deixou de comprar gás natural da Bolívia e Venezuela #boato,https://www.boatos.org/politica/brasil-deixou-comprar-gas-natural-bolivia-venezuela.html,boatos.org,politica_eleicoes,2021-05-19,1
601afdd8482438aa60e6b10ac694e6c9fdca9660,4,0.344753,0.068456,É verdade que o cigarro pode curar os pacientes do coronavírus?,https://www.e-farsas.com/e-verdade-que-o-cigarro-pode-curar-os-pacientes-do-coronavirus.html,e-farsas.com,saude_ciencia,2020-04-24,1
780edefccc9e722828c2f2c42522a892ab79973e,1,-0.115922,0.112386,Prova de vida deve ser feita até 28 de fevereiro no INSS porque governo mudou regras #boato,https://www.boatos.org/brasil/prova-de-vida-28-de-fevereiro-no-inss-governo-mudou-regras.html,boatos.org,politica_eleicoes,2020-01-13,1
29100e75cd69575f8a05ea037968855983314f1a,7,-0.219042,0.081177,Veja o que é #FATO ou #FAKE nas entrevistas de Flávio Bolsonaro sobre o caso Queiroz | G1,https://g1.globo.com/fato-ou-fake/noticia/2019/01/21/veja-o-que-e-fato-ou-fake-nas-entrevistas-de-flavio-bolsonaro-sobre-o-caso-queiroz.ghtml,g1.globo.com,seguranca_justica,2019-01-21,1
253eef291fef32888b115d0826a8163bebbd0cda,4,0.370369,0.072429,Estudo do CDC mostrou a ineficácia das máscaras na pandemia de COVID-19?,https://www.e-farsas.com/estudo-do-cdc-mostrou-a-ineficacia-das-mascaras-na-pandemia-de-covid-19.html,e-farsas.com,saude_ciencia,2020-10-16,2
6df604a928c9bf027573b93949b3126fc6b54887,1,-0.237031,0.293952,"Para exaltar Bolsonaro, vídeo omite que várias gestões tocaram transposição",https://noticias.uol.com.br/comprova/ultimas-noticias/2021/07/14/para-exaltar-bolsonaro-video-omite-que-varias-gestoes-tocaram-transposicao.htm,noticias.uol.com.br,politica_eleicoes,2021-07-14,1
f0dea2ab9633fc73933c30b2a49fde1db1e7290f,0,0.273883,0.089101,"Morte de Agnaldo Timóteo, Alberto Fernández com Covid-19 e surto no Chile provam que Coronavac não funciona #boato",https://www.boatos.org/mundo/morte-agnaldo-timoteo-alberto-fernandez-covid-19-surto-chile-provam-coronavac-nao-funciona.html,boatos.org,saude_ciencia,2021-04-09,1
f18465960fcb3d693faceb8d4abea13319353df9,0,0.267252,0.016315,Três adolescentes morreram após serem vacinados contra a COVID-19 em São Paulo?,https://www.e-farsas.com/tres-adolescentes-morreram-apos-serem-vacinados-contra-a-covid-19-em-sao-paulo.html,e-farsas.com,saude_ciencia,2020-09-14,1
c5b6feb3f42968d8e7b827e72398628dbba2a9d9,4,0.089374,0.002545,É #FAKE que foto mostre Doria em cadeira de rodas ao lado de pessoas sem máscara após pegar Covid-19 | G1,https://g1.globo.com/fato-ou-fake/coronavirus/noticia/2020/08/19/e-fake-que-foto-mostre-doria-em-cadeira-de-rodas-ao-lado-de-pessoas-sem-mascara-apos-pegar-covid-19.ghtml,g1.globo.com,saude_ciencia,2020-08-19,1
23737644d3b6b47420febf61a8f0d04f710cd316,0,0.235931,-0.206261,Vacina mRNA contra a Covid-19 altera o DNA e causa dano genético irreversível #boato,https://www.boatos.org/saude/vacina-mrna-covid-altera-dna-dano-genetico-irreversivel.html,boatos.org,saude_ciencia,2020-08-11,1
36c782c8a1a97b245176582850308e1038496bd8,1,-0.093049,0.006515,Existem 100 mil ONGs na Amazônia e zero no Nordeste #boato,https://www.boatos.org/brasil/100-mil-ongs-amazonia-zero-nordeste.html,boatos.org,meio_ambiente,2019-08-30,1
a9316f2a536b827ce9383ffbbe81b422ed646afa,4,0.335256,0.205217,É enganoso dizer que expor a população ao vírus é melhor para acabar com pandemia do que vacinação : Projeto Comprova,https://projetocomprova.com.br/publicações/e-enganoso-dizer-que-expor-a-populacao-ao-virus-e-melhor-para-acabar-com-pandemia-do-que-vacinacao/,projetocomprova.com.br,saude_ciencia,2020-10-29,2
873f7fea1942174b82b1fca4c6c09742d39ca4a1,6,0.175349,-0.162037,Um dos momentos mais incríveis da história da Medicina realmente aconteceu?,https://www.e-farsas.com/um-dos-momentos-mais-incriveis-da-historia-da-medicina-realmente-aconteceu.html,e-farsas.com,saude_ciencia,2020-01-13,1
e9f09d21b00159d9a7d42cbb35bb2568792f6bdb,7,-0.157786,-0.099601,"Povo cubano toma o poder em Camaguey, prende secretário do Partido Comunista e declara Cuba livre #boato",https://www.boatos.org/mundo/povo-cubano-toma-poder-camaguey-prende-secretario-comunista-declara-cuba-livre.html,boatos.org,politica_eleicoes,2021-07-19,1
dfb452047ecc627e889a7c98d6da4b468b8cc7f0,3,-0.096757,-0.201630,Nubank libera convite de cartão de crédito para quem tem nome sujo em site no WhatsApp #boato,https://www.boatos.org/tecnologia/nubank-libera-convite-cartao-credito-nome-sujo-whatsapp.html,boatos.org,golpes_plataformas,2019-12-01,1
34a470690541e8853ba473a3619ec32b2f206504,6,-0.088459,-0.310961,Será verdadeira a história de uma boneca que envelheceu como um ser humano?,https://www.e-farsas.com/boneca-que-envelheceu.html,e-farsas.com,internacional,2019-02-26,2
24e6899c01396ac5521c75ba67dd7a9853fdfeda,0,0.352807,0.253924,"Todas as vacinas em teste no Brasil passaram por fase pré-clínica, ao contrário do que diz médico : Projeto Comprova",https://projetocomprova.com.br/publicações/todas-as-vacinas-em-teste-no-brasil-passaram-por-fase-pre-clinica-ao-contrario-do-que-diz-medico/,projetocomprova.com.br,saude_ciencia,2020-10-22,1
a6838055c42d7b5d2214a1ea40e9162626740717,6,-0.067152,-0.239670,Livro ensina como conversar sobre homossexualidade e comunismo com cachorros?,https://www.e-farsas.com/livro-ensina-como-conversar-sobre-homossexualidade-e-comunismo-com-cachorros.html,e-farsas.com,golpes_plataformas,2019-10-13,1
f9f20b10c5c11c35e4b0c32334c081f843ddbf06,1,-0.069674,0.369655,"Em live, Bolsonaro mente sobre CoronaVac e apuração de votos",https://noticias.uol.com.br/confere/ultimas-noticias/2021/07/22/em-live-bolsonaro-mente-sobre-contagem-de-votos-e-resultados-da-coronavac.htm,noticias.uol.com.br,politica_eleicoes,2021-07-22,1
190c9f9c6a47a6d7428b4f8453f8568d6acda9da,7,-0.112894,0.256574,Witzel faz alegações incorretas sobre hospitais de campanha e impeachment,https://noticias.uol.com.br/confere/ultimas-noticias/2021/06/16/witzel-faz-alegacoes-imprecisas-sobre-hospitais-de-campanha-e-impeachment.htm,noticias.uol.com.br,politica_eleicoes,2021-06-16,1
aa087ba541c51da8f99090501e1d8a59f814abc8,6,-0.069659,-0.176378,"Dobby, o elfo de Harry Potter, foi flagrado mesmo em um vídeo de segurança?",https://www.e-farsas.com/dobby-o-elfo-de-harry-potter-foi-flagrado-mesmo-em-um-video-de-seguranca.html,e-farsas.com,politica_eleicoes,2019-06-12,1
f4d6d5911420ff4ec772c0e202c6baf1833e0db8,7,-0.226979,0.000922,É uma montagem a manchete do G1 que relaciona Bolsonaro a um acidente de jet ski,https://checamos.afp.com//e-uma-montagem-manchete-do-g1-que-relaciona-bolsonaro-um-acidente-de-jet-ski,checamos.afp.com,politica_eleicoes,2024-04-17,1
68e061762c8802ea47a5b37b8e22b03560731da6,5,-0.203327,0.018973,Vídeo mostra os efeitos do furacão Laura sobre uma plataforma de petróleo?,https://www.e-farsas.com/video-mostra-os-efeitos-do-furacao-laura-sobre-uma-plataforma-de-petroleo.html,e-farsas.com,politica_eleicoes,2020-08-29,2
7684f19dfa7ff44a038451a4e9abaf7a70bfd34d,1,-0.208879,0.171547,"É enganoso que Lei Paulo Gustavo tenta liberar R$ 4,3 bilhões da Lei Rouanet : Projeto Comprova",https://projetocomprova.com.br/publicações/e-enganoso-que-lei-paulo-gustavo-tenta-liberar-r-43-bilhoes-da-lei-rouanet/,projetocomprova.com.br,seguranca_justica,2022-01-24,2
034d8841d9322a8b1cb5777c864bf2192c827c43,2,0.215017,0.059607,Porto Feliz (SP) teve 1500 casos de Covid-19 e zero mortes graças ao uso da cloroquina #boato,https://www.boatos.org/saude/porto-feliz-sp-1500-casos-covid-19-zero-mortes-gracas-cloroquina.html,boatos.org,saude_ciencia,2020-07-14,1
ffaf676cb59a4849c86f7cb8666e0017d4154ea1,3,-0.053258,-0.167492,WhatsApp vai compartilhar conversas de usuários após nova atualização #boato,https://www.boatos.org/tecnologia/whatsapp-compartilhar-conversas-usuarios-atualizacao-fevereiro.html,boatos.org,golpes_plataformas,2021-01-10,1
c372b11e655639da7353e9385e6ac9801a13ebd6,6,0.164176,-0.296704,Vespa “assassina” que chegou aos EUA foi criada em laboratório da China #boato,https://www.boatos.org/ciencia/vespa-assassina-chegou-eua-criada-laboratorio-china.html,boatos.org,internacional,2020-05-10,1
8ecacbaf0f610622a8d322a062ff3f995424316f,6,0.112099,-0.101204,É #FAKE que suco de cebola previna ou cure problemas na próstata | G1,https://g1.globo.com/fato-ou-fake/noticia/2021/02/18/e-fake-que-suco-de-cebola-previna-ou-cure-problemas-na-prostata.ghtml,g1.globo.com,saude_ciencia,2021-02-18,1
af55da6e4ad5e36a458f721cf784c2c5f5de265d,4,0.209062,0.197530,Terra usa dados de único hospital para dizer que Covid está reduzindo no RS,https://noticias.uol.com.br/comprova/ultimas-noticias/2020/08/07/terra-usa-dados-de-unico-hospital-para-dizer-que-covid-esta-reduzindo-no-rs.htm,noticias.uol.com.br,saude_ciencia,2020-08-07,1
644b9c77e9ca5a7025079f252468d2f5a578c111,7,-0.234519,-0.032975,Traficante é preso usando camiseta com a frase “Lula Livre”! Será verdade?,https://www.e-farsas.com/traficante-e-preso-usando-camiseta-com-a-frase-lula-livre-sera-verdade.html,e-farsas.com,politica_eleicoes,2019-04-24,1
5d56a426744dc98099da6e78491812c0e5168eb9,5,-0.142571,0.300325,Ex-ministro Nelson Teich aceitou o cargo de Secretário de Saúde do Estado de São Paulo?,https://www.e-farsas.com/ex-ministro-nelson-teich-aceitou-o-cargo-de-secretario-de-saude-do-estado-de-sao-paulo.html,e-farsas.com,politica_eleicoes,2020-05-15,2
d840016c500db2ead7d9b28089d32a923f911245,6,0.062156,-0.022686,Fevereiro de 2020 será o mês mais quente da história por causa de onda de calor #boato,https://www.boatos.org/brasil/fevereiro-2020-mes-mais-quente-historia-onda-de-calor.html,boatos.org,golpes_plataformas,2020-02-01,1
bb43a8e7e4a4f380d576d5252a0c43d3665fc66c,2,0.259163,-0.064346,"Dra. Marcela Pereira, médica infectologista, conduz estudo sobre cloroquina e Covid-19 #boato",https://www.boatos.org/entretenimento/dra-marcela-pereira-medica-infectologista-conduz-estudo-sobre-cloroquina-covid-19.html,boatos.org,saude_ciencia,2020-04-15,1
352c2a2e78af3986a0a83f6a59cf5a0aff95f69c,7,-0.248112,0.007843,Antropólogo que foi preso em terra indígena era da esquerda e do PT #boato,https://www.boatos.org/politica/antropologo-preso-terra-indigena-esquerda-pt.html,boatos.org,politica_eleicoes,2020-02-18,2
958d803639ceea2c71cc261a499001af82768fc8,1,-0.139926,0.040289,É falso que Prefeitura de São Paulo tenha comprado 38 mil caixões sem licitação : Projeto Comprova,https://projetocomprova.com.br/publicações/e-falso-que-prefeitura-de-sao-paulo-tenha-comprado-38-mil-caixoes-sem-licitacao/,projetocomprova.com.br,saude_ciencia,2021-03-05,1
2fba50f90fc4283087c0cccd1edcb09619336f61,6,-0.130030,-0.091514,"Manifestantes invadiram a Casa Branca, nos Estados Unidos! Será verdade?",https://www.e-farsas.com/manifestantes-invadiram-a-casa-branca-nos-estados-unidos-sera-verdade.html,e-farsas.com,internacional,2020-05-31,1
c1dc6b2d640d1966e783ceadf58565baa8dc91b9,0,0.374938,0.080286,As vacinas de RNA não causam doenças autoimunes nem matam quem as recebe,https://checamos.afp.com//vacinas-de-rna-nao-causam-doencas-autoimunes-nem-matam-quem-recebe,checamos.afp.com,saude_ciencia,2024-08-16,1
8e8bbe794559758cede8a9748d9829876303a6f2,4,0.226465,-0.189385,OMS alerta sobre máscaras infectadas da China e Índia que chegam ao Brasil #boato,https://www.boatos.org/saude/oms-mascaras-infectadas-china-india.html,boatos.org,saude_ciencia,2020-04-27,1
7f38f2f2536a16311d661d5535b326a7680e9afd,2,0.436647,0.149030,Estudo do médico Vladimir Zelenko com hidroxicloroquina não tem comprovação científica : Projeto Comprova,https://projetocomprova.com.br/publicações/estudo-do-medico-zelenko-com-hidroxicloroquina-nao-tem-comprovacao-cientifica/,projetocomprova.com.br,saude_ciencia,2021-03-05,1
fd3825405dd41cef892d612219473807dc2ec9ee,7,-0.181510,0.039572,"Capa da Veja mostra Bolsonaro eleito com 87,5% em pesquisa #boato",https://www.boatos.org/politica/capa-veja-mostra-bolsonaro-eleito-1o-turno-875-pesquisa.html,boatos.org,politica_eleicoes,2020-10-17,1
b9cd5f6580ec8970844f4f6668fac616a6043839,0,0.260435,0.071007,É falso que vacinas em teste no Brasil não passaram por fase pré-clínica,https://noticias.uol.com.br/comprova/ultimas-noticias/2020/10/22/e-falso-que-vacinas-em-teste-no-brasil-nao-passaram-por-fase-pre-clinica.htm,noticias.uol.com.br,saude_ciencia,2020-10-22,1
b9fb928abe6296398669f18e5732d560b5dd3777,3,0.138057,-0.243590,"É #FAKE que Tasuku Honjo, Nobel de Medicina em 2018, disse que coronavírus foi criado por cientistas | G1",https://g1.globo.com/fato-ou-fake/coronavirus/noticia/2020/04/29/e-fake-que-tasuku-honjo-nobel-de-medicina-em-2018-disse-que-coronavirus-foi-criado-por-cientistas.ghtml,g1.globo.com,saude_ciencia,2020-04-29,1
55a79e8d0719337b6db53196877e07665aaa857f,6,0.126240,-0.152426,"Cientistas descobriram ""chifres"" em crânios de jovens devido ao mau uso do celular?",https://www.e-farsas.com/cientistas-descobriram-chifres-em-cranios-de-jovens-devido-ao-mau-uso-do-celular.html,e-farsas.com,golpes_plataformas,2019-06-26,1
dd68590b869cd11da7da85bfe0216f81a042255b,7,-0.212330,0.020747,"Carlos Bolsonaro é gay e mora junto com o primo, de quem é namorado #boato",https://www.boatos.org/politica/carlos-bolsonaro-gay-primo-namorado.html,boatos.org,politica_eleicoes,2019-06-04,1
90a6b817253f3f10041c6c225ac35866cf4db36e,1,-0.191751,0.125151,É #FAKE que se sacar até R$ 500 do FGTS trabalhador perde acesso ao saque-rescisão | G1,https://g1.globo.com/fato-ou-fake/noticia/2019/07/30/e-fake-que-se-sacar-ate-r-500-do-fgts-trabalhador-perde-acesso-ao-saque-rescisao.ghtml,g1.globo.com,golpes_plataformas,2019-07-30,1
b257c6530a4d346cef00f51f436a3295f21544a7,1,-0.086261,0.062595,Aeronáutica abre inscrições para concurso para tenente temporário #boato,https://www.boatos.org/brasil/aeronautica-concurso-tenente-temporario.html,boatos.org,golpes_plataformas,2019-03-29,1
4f2d571e4bf024d4203f7ff6f8b404e36347ace0,7,-0.219539,-0.080010,"Lula vai para uma penitenciária, acabou o ""mimimi"" #boato",https://www.boatos.org/politica/lula-vai-para-penitenciaria.html,boatos.org,politica_eleicoes,2019-07-07,1
6bbaae406ac9153bb6f083d9895e001e083b3344,1,-0.171585,0.218453,"Notícia falsa: contas do Brasil saíram ""do vermelho"" pela 1ª vez em 20 anos",https://noticias.uol.com.br/confere/ultimas-noticias/2019/12/12/bolsonaro-brasil-contas-vermelho.htm,noticias.uol.com.br,politica_eleicoes,2019-12-12,2
bb6463e733419951274e4a8db8fad48d168445d3,3,0.030623,-0.286447,Compartilhe vídeo de bebê com câncer que dança para ele ganhar doação do Whatsapp #boato,https://www.boatos.org/tecnologia/compartilhe-video-bebe-com-cancer-que-danca-doacao-whatsapp.html,boatos.org,golpes_plataformas,2019-09-29,1
4dc3bda09551253173de6d841638051c85eaa21e,2,0.419029,0.262316,Hidroxicloroquina no início da covid-19 não descarta necessidade de UTI,https://noticias.uol.com.br/comprova/ultimas-noticias/2020/07/01/hidroxicloroquina-no-inicio-da-covid-19-nao-descarta-necessidade-de-uti.htm,noticias.uol.com.br,saude_ciencia,2020-07-01,1
78341a800fe6c317c6b1b0595a0dc1029cf5a89f,0,0.047623,-0.066261,Empresários de Cuiabá vão para Cuba tomar vacina Sputnik V #boato,https://www.boatos.org/saude/empresarios-cuiaba-vao-cuba-tomar-vacina-sputnik-v.html,boatos.org,saude_ciencia,2021-03-17,1
58198cc491403cd93e9bc0faa7bfa0c863096300,6,-0.085069,-0.209099,Vídeo mostra um drone entregando pizza! Será verdade?,https://www.e-farsas.com/video-mostra-um-drone-entregando-pizza-sera-verdade.html,e-farsas.com,golpes_plataformas,2020-04-23,1
3ee9ae99dac0da32d4f7c0b079096075b1a1b1da,1,0.069083,0.176475,Aparelhamento de conselho de drogas é falso; atas mostram opiniões diversas,https://noticias.uol.com.br/comprova/ultimas-noticias/2019/08/07/aparelhamento-de-conselho-de-drogas-e-falso-atas-mostram-opinioes-diversas.htm,noticias.uol.com.br,politica_eleicoes,2019-08-07,1
54258869c43db6444f1a66237a9beab79ae35255,7,-0.223966,0.022100,O vídeo de um ônibus sendo atingido por ovos é de 2018 e foi feito em São Miguel do Iguaçu,https://checamos.afp.com//o-video-de-um-onibus-sendo-atingido-por-ovos-e-de-2018-e-foi-feito-em-sao-miguel-do-iguacu,checamos.afp.com,politica_eleicoes,2024-04-17,1
78eca39bebc2e16b2129555599c5174d3e99664b,5,-0.255443,0.159108,Hackers mundiais divulgam fraudes da urna eletrônica e democracia hackeada pelo PT #boato,https://www.boatos.org/tecnologia/hackers-mundiais-decidem-divulgar-fraudes-urna-eletronica-democracia-hackeada-pelo-pt.html,boatos.org,politica_eleicoes,2021-08-03,1
2626b986188e6bc11f9f422d349f63a48f483640,4,0.298119,-0.173440,Coronavírus já existia desde 2014 e China já vacinou população em 2018 e 2019 #boato,https://www.boatos.org/saude/coronavirus-existia-desde-2014-china-vacinou-populacao-2018-2019.html,boatos.org,saude_ciencia,2020-11-10,1
34e6253407b3080b0e732107ac54d4ad0b830804,0,0.097893,-0.021047,Vídeo prova que voluntária não tomou uma vacina contra a COVID-19 em SP?,https://www.e-farsas.com/video-prova-que-voluntaria-nao-tomou-uma-vacina-contra-a-covid-19-em-sp.html,e-farsas.com,politica_eleicoes,2020-07-23,3
875c59399b9273b5a595a71a680240fdcff99f35,5,-0.199984,0.184499,Hacker prova que urnas eletrônicas podem ser facilmente manipuladas #boato,https://www.boatos.org/brasil/hacker-prova-urnas-eletronicas-podem-ser-facilmente-manipuladas.html,boatos.org,politica_eleicoes,2021-07-20,1
a59ac092331d0ee0abcd88f55ba3723f57096d02,2,0.306555,0.114656,"Ao contrário do que afirma post, ivermectina em altas doses pode causar até convulsão : Projeto Comprova",https://projetocomprova.com.br/publicações/ao-contrario-do-que-afirma-post-ivermectina-em-altas-doses-pode-causar-ate-convulsao/,projetocomprova.com.br,saude_ciencia,2021-06-16,1
d6a9e444ba804573c48eb8e2b37591664cb8d601,1,0.050546,0.120408,"A França incluiu na lei um novo critério para a interrupção médica da gravidez, já possível em toda a gestação",https://checamos.afp.com//franca-incluiu-na-lei-um-novo-criterio-para-interrupcao-medica-da-gravidez-ja-possivel-em-toda,checamos.afp.com,politica_eleicoes,2024-11-29,1
3361e79ac90eebc60018d823ac4dcb25fddb87f9,6,0.007149,-0.032425,Não há indicação de uso do apoio de cabeça para quebrar a janela do carro em caso de emergência,https://checamos.afp.com//nao-ha-indicacao-de-uso-do-apoio-de-cabeca-para-quebrar-janela-do-carro-em-caso-de-emergencia,checamos.afp.com,economia,2024-04-17,1
084e9411b8519c043b2fa3fe7ccb7639b7875fb8,5,-0.174743,0.071606,Confira os principais boatos sobre as eleições municipais de 2020 em Macaé/RJ!,https://www.e-farsas.com/confira-os-principais-boatos-sobre-as-eleicoes-municipais-de-2020-em-macae-rj.html,e-farsas.com,politica_eleicoes,2020-11-18,1
7092ac7a5d7fd63a2584558e12cb83387634fa5d,6,-0.127643,-0.253295,Grafeno vendido a preço de banana para a China deixa carro à prova de balas #boato,https://www.boatos.org/tecnologia/grafeno-china-carro-prova-balas.html,boatos.org,economia,2018-12-17,1
55b70d7dad088cbc2429975ce10157d9b4358057,3,-0.049159,-0.225114,O Boticário dá milhares de kits da fragrância The Blend Eau de Parfum no WhatsApp #boato,https://www.boatos.org/tecnologia/o-boticario-fragrancia-the-blend-eau-parfum-whatsapp.html,boatos.org,golpes_plataformas,2019-08-10,1
43aeea99305c74243e02ad22ad7ec91f95d6b051,6,-0.127448,-0.056695,Israel bombardeou recentemente bibliotecas e um centro cultural na Palestina?,https://www.e-farsas.com/israel-bombardeou-recentemente-bibliotecas-e-um-centro-cultural-na-palestina.html,e-farsas.com,internacional,2019-05-15,1
38b7272cdcee804eb6d6227909dc5b8e919396d9,5,-0.208216,0.255171,Porcentagem dos candidatos em São Paulo prova fraude nas eleições #boato,https://www.boatos.org/politica/porcentagem-candidatos-sao-paulo-prova-fraude-eleicoes.html,boatos.org,politica_eleicoes,2020-11-18,1
6979ca1602c9a95471253fe50bff235e507a00d4,5,-0.183545,-0.046998,Foto de funcionários do FBI levando caixas é de 2019 e não tem a ver com as eleições dos EUA,https://checamos.afp.com//foto-de-funcionarios-do-fbi-levando-caixas-e-de-2019-e-nao-tem-ver-com-eleicoes-dos-eua,checamos.afp.com,internacional,2024-04-17,1
89618e8fb2299e5ad68a3f8e2af8d7e5d79d66b3,1,-0.272201,0.148438,"Descoberto esquema de propina da Globo para ministros do STF, STJ, TST e TJ #boato",https://www.boatos.org/politica/esquema-propina-globo-ministros-stf-stj-tst-tj.html,boatos.org,seguranca_justica,2019-04-15,2
6b8641d2442f85b529a3b76e25b0a8b56643c3f1,7,-0.217175,0.215150,Gastos com leite condensado e outros alimentos são de todo Executivo e não apenas de Bolsonaro : Projeto Comprova,https://projetocomprova.com.br/publicações/gastos-com-leite-condensado-e-outros-alimentos-sao-de-todo-executivo-e-nao-apenas-de-bolsonaro/,projetocomprova.com.br,politica_eleicoes,2021-04-16,1
8394a02e4eaff20d286c226484df63dd299951ff,7,-0.280821,0.020585,Lula fica bêbado e grava vídeo atacando Bolsonaro e voto impresso #boato,https://www.boatos.org/politica/lula-fica-bebado-grava-video-atacando-bolsonaro-voto-impresso.html,boatos.org,politica_eleicoes,2021-08-02,1
7d753f89c884efc372185e07a32f5e81093ae698,0,0.181878,-0.050745,Médico denuncia que brasileiros serão cobaias da vacina chinesa #boato,https://www.boatos.org/saude/medico-denuncia-brasileiros-serao-cobaias-vacina-chinesa.html,boatos.org,saude_ciencia,2020-10-25,1
64293be86096391886720ba4abdf04cbd0f0b180,0,0.150100,0.058279,"Dilma não disse que vacina chinesa funcionará porque ""vírus veio da China""",https://noticias.uol.com.br/comprova/ultimas-noticias/2020/10/30/dilma-nao-disse-que-vacina-chinesa-funcionara-porque-virus-veio-da-china.htm,noticias.uol.com.br,saude_ciencia,2020-10-30,3
5e44e9692d663c5a66d324635ab1103c5fd74538,1,-0.211697,0.127388,"Luciano Huck não comprou jatinho com R$ 20 milhões ""abocanhados"" do MEC",https://noticias.uol.com.br/confere/ultimas-noticias/2019/02/04/luciano-huck-jatinho-mec-ministerio-educacao.htm,noticias.uol.com.br,seguranca_justica,2019-02-04,1
816590d51de565bd1395c42fe9c1ab081b93f47a,4,0.199565,0.179738,É enganoso post que compara falas de Biden e Bolsonaro sobre dispensa do uso de máscara : Projeto Comprova,https://projetocomprova.com.br/publicações/e-enganoso-post-que-compara-falas-de-biden-e-bolsonaro-sobre-dispensa-do-uso-de-mascara/,projetocomprova.com.br,saude_ciencia,2021-06-18,1
4ea5449fbb429384e07bc29f4ef83c563c29e7f7,7,-0.145512,0.015914,Dono da Volpato Engates faz relato sobre miséria na Argentina e exalta Bolsonaro #boato,https://www.boatos.org/politica/dono-volpato-engates-relato-sobre-miseria-argentina-exalta-bolsonaro.html,boatos.org,internacional,2021-05-03,1
961e9a3c77e147c9544cbddd5feaf1bedc2cc394,4,0.182594,0.072632,"Mesmo com pandemia, julho de 2020 teve menos mortes do que julho de 2019 #boato",https://www.boatos.org/saude/mesmo-pandemia-julho-2020-menos-mortes-julho-2019.html,boatos.org,saude_ciencia,2020-08-12,1
7feff92d8e963a797ecff5864d6c96dd897518e5,0,0.361435,0.073428,Uma vacina não precisa de no mínimo 10 anos de pesquisa para ser segura,https://noticias.uol.com.br/comprova/ultimas-noticias/2020/11/19/uma-vacina-nao-precisa-de-no-minimo-10-anos-de-pesquisa-para-ser-segura.htm,noticias.uol.com.br,saude_ciencia,2020-11-19,1
e604fcb54ee43fcb0ce12f3d1eab68e234cafd06,6,-0.051594,-0.199818,É #FAKE que imagens mostrem matança de baleias na Noruega | G1,https://g1.globo.com/fato-ou-fake/noticia/2019/08/19/e-fake-que-imagens-mostrem-matanca-de-baleias-na-noruega.ghtml,g1.globo.com,politica_eleicoes,2019-08-19,1
01a499091e16863ca8c97dca2c0a7647512e1f6e,2,0.444124,0.129155,Vídeo engana ao sugerir tratamento “sem internação e sem sofrimento” para covid-19 : Projeto Comprova,https://projetocomprova.com.br/publicações/video-engana-ao-sugerir-tratamento-sem-internacao-e-sem-sofrimento-para-covid-19/,projetocomprova.com.br,saude_ciencia,2021-03-05,1
75bfbb36e410379d9d2de82142cd7ad9a334dcf1,6,-0.046928,-0.269998,Seita satânica e bruxas estão dando balas e doces envenenados para crianças #boato,https://www.boatos.org/brasil/seita-satanica-bruxas-balas-doces-envenenados-criancas.html,boatos.org,seguranca_justica,2019-10-28,1
a530b86344816a4f7870a24ac18e6c0b99768a89,1,-0.195115,0.130252,Bolsonaro descobriu conta secreta de R$ 600 bilhões no Banco Central #boato,https://www.boatos.org/politica/bolsonaro-conta-secreta-no-banco-central.html,boatos.org,politica_eleicoes,2020-08-27,1
39e30b74996cf65ac29d53e813d87957b2f748e2,1,-0.221624,0.256512,É enganoso que ponte de concreto no MT seja obra do governo Bolsonaro : Projeto Comprova,https://projetocomprova.com.br/publicações/e-enganoso-que-ponte-de-concreto-no-mt-seja-obra-do-governo-bolsonaro/,projetocomprova.com.br,politica_eleicoes,2021-04-16,1
210369fb8cce73c151064a37df081406237240b8,2,0.336923,0.154589,Distribuição em massa de ivermectina não está ligada aos números da covid-19 na África : Projeto Comprova,https://projetocomprova.com.br/publicações/distribuicao-em-massa-de-ivermectina-nao-esta-ligada-aos-numeros-da-covid-19-na-africa/,projetocomprova.com.br,saude_ciencia,2021-08-30,1
3f300ff51b3efa2f4fb73833f208081cf7f02faa,7,-0.160751,-0.059250,Governo do Ceará e PM proibiram a bandeira do Brasil no estado #boato,https://www.boatos.org/brasil/governo-pm-ceara-proibiram-bandeira-brasil-estado.html,boatos.org,seguranca_justica,2020-05-23,1
f8ade722d70417b9cb087e714f15d4b7d488dcb6,4,0.205537,-0.098754,É #FAKE que imagem mostre paciente curado da Covid-19 após uso de medicamento | G1,https://g1.globo.com/fato-ou-fake/noticia/2020/03/29/e-fake-que-imagem-mostre-paciente-curado-da-covid-19-apos-uso-de-medicamento.ghtml,g1.globo.com,saude_ciencia,2020-03-29,1
24775a724d4192ce287568a4967ce2e7e384bb65,7,-0.221652,-0.043170,Globo News publica foto falsa da manifestação pró-Bolsonaro em Copacabana #boato,https://www.boatos.org/politica/globo-news-foto-falsa-manifestacao-copacabana.html,boatos.org,politica_eleicoes,2019-05-28,1
96689b4e21368edf35e022fea32a82303b00e80f,3,-0.067859,-0.061215,Programa Renda Cidadã Emergencial está com inscrições abertas em site no WhatsApp #boato,https://www.boatos.org/tecnologia/programa-renda-cidada-emergencial-inscricoes-abertas-whatsapp.html,boatos.org,golpes_plataformas,2021-03-10,1
169a5f3b1009c33167b819e42a1f60e61b24b8e7,4,0.304460,-0.020191,É #FAKE que cebola e alho batidos com água curem fibrose pulmonar causada pela Covid-19 | G1,https://g1.globo.com/fato-ou-fake/coronavirus/noticia/2021/04/28/e-fake-que-cebola-e-alho-batidos-com-agua-curem-fibrose-pulmonar-causada-pela-covid-19.ghtml,g1.globo.com,saude_ciencia,2021-04-28,1
6fc0a0038f20f69ba37e2b779f969701d04778bd,3,0.173894,-0.174077,É #FAKE que OMS recomendou Ivermectina para tratar a Covid-19 | G1,https://g1.globo.com/fato-ou-fake/coronavirus/noticia/2021/04/27/e-fake-que-oms-recomendou-ivermectina-para-tratar-a-covid-19.ghtml,g1.globo.com,saude_ciencia,2021-04-27,1
a2431ba5dcae4e91dbd5a06528f16501260fe384,3,-0.097571,-0.209619,Atacadão está distribuindo cestas básicas de dia das crianças em site no WhatsApp #boato,https://www.boatos.org/tecnologia/atacadao-cestas-basicas-dia-das-criancas.html,boatos.org,golpes_plataformas,2019-10-12,1
44f978fb2a6306e0591c7dca4a039a362811c924,4,-0.018546,0.088233,É #FAKE que lei 14.019 determina que o uso de máscara não é mais obrigatório em todo o Brasil | G1,https://g1.globo.com/fato-ou-fake/coronavirus/noticia/2020/10/22/e-fake-que-lei-14019-determina-que-o-uso-de-mascara-nao-e-mais-obrigatorio-em-todo-o-brasil.ghtml,g1.globo.com,seguranca_justica,2020-10-22,1
e665033b395bb06f72e6fe9d51b6877ec551a50f,2,0.241946,-0.027411,"Facebook admitiu que errou ao ""censurar"" hidroxicloroquina #boato",https://www.boatos.org/tecnologia/facebook-admitiu-errou-censurar-hidroxicloroquina.html,boatos.org,golpes_plataformas,2021-02-04,1
ad7965251c285f5396975977ddd5f4cf21142e7a,7,-0.151077,-0.036764,Regina Duarte responde a críticas feitas por Zélia Duncan em vídeo #boato,https://www.boatos.org/politica/regina-duarte-responde-criticas-zelia-duncan.html,boatos.org,politica_eleicoes,2020-01-30,2
0aefb1b5de5aa820c217dff870a3dc89f9aa0e25,4,0.303451,-0.154137,Vídeo da TV italiana RAI de 2015 prova que o coronavírus (Covid-19) foi criado em laboratório na China #boato,https://www.boatos.org/mundo/video-tv-italiana-rai-2015-coronavirus-criado-laboratorio.html,boatos.org,saude_ciencia,2020-03-31,1
98eed288726f22210058c51ba1261f5d1b6212a8,7,-0.132283,0.173655,"Paulo Guedes diz que, se todos os presidentes fossem monitorados como Bolsonaro é, o Brasil seria um dos países mais ricos do mundo #boato",https://www.boatos.org/politica/paulo-guedes-presidentes-monitorados-bolsonaro.html,boatos.org,politica_eleicoes,2020-08-03,1
2fa24a8a3887ef0c5b6ede5b0d9024dfdca018fc,3,-0.003763,-0.251419,"7 mensagens falsas que tentam ""explicar"" por que o WhatsApp caiu (+bônus)",https://www.boatos.org/tecnologia/7-mensagens-falsas-instabilidade-whatsapp.html,boatos.org,golpes_plataformas,2019-07-03,2
9733c18e65f3aa00f5d2ec56e9a2572281d1fa2b,1,-0.073257,0.194568,"Prisão na CPI é suco de Brasil, onde leis valem só de vez em quando",https://noticias.uol.com.br/colunas/cristina-tardaguila/2021/07/07/cpi-pandemia-covid-prisao-roberto-dias.htm,noticias.uol.com.br,seguranca_justica,2021-07-07,1
1ba32d46aaae50e8eea37b50a6b3d4c734da86cf,6,-0.058227,-0.255613,Cristãos de Moçambique estão sendo queimados vivos por rebeldes #boato,https://www.boatos.org/religiao/cristaos-mocambique-queimados-vivos-rebeldes.html,boatos.org,golpes_plataformas,2019-09-18,1
20ed8a7378c82bd5ce47967284dcc40aa46cdb02,1,-0.050494,0.077916,Cilindros de oxigênio enviados da Venezuela a Manaus não foram importados pela White Martins,https://checamos.afp.com//cilindros-de-oxigenio-enviados-da-venezuela-manaus-nao-foram-importados-pela-white-martins,checamos.afp.com,politica_eleicoes,2024-04-17,1
ccb5d3736f4a2c6c5aa7298f85ec9cf574d8be20,6,-0.103939,-0.021936,"Contrato de professoras em 1923 proibia casar, frequentar sorveterias e andar com homens?",https://www.e-farsas.com/contrato-de-professoras-em-1923-proibia-casar-frequentar-sorveterias-e-andar-com-homens.html,e-farsas.com,internacional,2019-11-04,2
d32fc0bf0a6c011188895eeb28ef0cd3f9b3a849,2,0.319427,0.100805,É #FAKE que cloroquina seja distribuída gratuitamente por toda a Europa para tratar a Covid-19 | G1,https://g1.globo.com/fato-ou-fake/coronavirus/noticia/2020/06/25/e-fake-que-cloroquina-seja-distribuida-gratuitamente-por-toda-a-europa-para-tratar-a-covid-19.ghtml,g1.globo.com,saude_ciencia,2020-06-25,1
b2b7c75dbb431e08e7e160fc0401cfc73cf1a106,4,0.211061,0.194936,Deputado mostra dados enganosos sobre mortes por outras doenças na pandemia,https://noticias.uol.com.br/comprova/ultimas-noticias/2020/08/18/deputado-mostra-dados-enganosos-sobre-mortes-por-outras-doencas-na-pandemia.htm,noticias.uol.com.br,saude_ciencia,2020-08-18,2
7b34a05bab825ec65c2718f838949a2c6bd361ff,6,-0.151880,-0.193234,Roberto Firmino deu uma BMW ao dono da padaria que lhe ajudou quando criança?,https://www.e-farsas.com/roberto-firmino-deu-uma-bmw-ao-dono-da-padaria-que-lhe-ajudou-quando-crianca.html,e-farsas.com,politica_eleicoes,2020-10-03,2
cc9dd401039588f0cf7df0c985dce946dc38d1b7,1,-0.260711,0.196000,É enganoso que trecho de ferrovia em GO seja obra do governo Bolsonaro : Projeto Comprova,https://projetocomprova.com.br/publicações/e-enganoso-que-trecho-de-ferrovia-em-go-seja-obra-do-governo-bolsonaro/,projetocomprova.com.br,politica_eleicoes,2021-03-05,2
715b823722cf9574fa37077def837fd30c45c02d,3,-0.040189,-0.269035,É #FAKE que vídeo mostra queda e explosão de Boeing 737 próximo a ônibus na Etiópia | G1,https://g1.globo.com/fato-ou-fake/noticia/2019/03/18/e-fake-que-video-mostra-queda-e-explosao-de-boeing-737-proximo-a-onibus-na-etiopia.ghtml,g1.globo.com,golpes_plataformas,2019-03-18,1
8c4f1d7c91cad59fa520a9599ee39b214d85ea21,1,-0.109580,0.021325,É #FAKE que primeira colheita de trigo do Nordeste ocorreu no governo Bolsonaro | G1,https://g1.globo.com/fato-ou-fake/noticia/2021/05/11/e-fake-que-primeira-colheita-de-trigo-do-nordeste-ocorreu-no-governo-bolsonaro.ghtml,g1.globo.com,golpes_plataformas,2021-05-11,1
32cbae7ea683b49d16a680719a22bf25bd9e1622,4,0.306982,0.055149,Prender a respiração não permite determinar se alguém está contaminado com covid-19,https://checamos.afp.com//prender-respiracao-nao-permite-determinar-se-alguem-esta-contaminado-com-covid-19,checamos.afp.com,saude_ciencia,2024-11-27,1
82da255ca0260b5092fe678e66dffce5db51b239,6,-0.158075,-0.262007,Um zelador construiu um veículo usando um soprador de folhas e um guarda-chuva?,https://www.e-farsas.com/um-zelador-construiu-um-veiculo-usando-um-soprador-de-folhas-e-um-guarda-chuva.html,e-farsas.com,meio_ambiente,2020-10-19,1
dfd4852f3ecd789a917671ae4c5baf81341d2b84,4,0.184882,-0.202016,China criou o coronavírus para ganhar a 3ª Guerra Mundial e dar um golpe de mestre #boato,https://www.boatos.org/mundo/china-coronavirus-ganhar-3a-guerra-mundial-golpe-mestre.html,boatos.org,saude_ciencia,2020-03-15,1
62e6f7081076ba167d46c46e0a2c8e613f2478c5,0,0.378426,0.140479,"É falso que eficácia da CoronaVac contra a covid-19 seja somente 0,38% superior ao placebo",https://checamos.afp.com//e-falso-que-eficacia-da-coronavac-contra-covid-19-seja-somente-038-superior-ao-placebo,checamos.afp.com,saude_ciencia,2024-04-17,1
334c0a139c16c433f59dc3814d6da42839110336,3,-0.124688,-0.108838,É #FAKE que Xuxa e Bolsonaro discutiram no Twitter após críticas do presidente ao carnaval de rua | G1,https://g1.globo.com/fato-ou-fake/noticia/2019/03/06/e-fake-que-xuxa-e-bolsonaro-discutiram-no-twitter-apos-criticas-do-presidente-ao-carnaval-de-rua.ghtml,g1.globo.com,politica_eleicoes,2019-03-06,1
16bf2f5219d9907a450305bab55211ea6ff65b7c,6,-0.112807,-0.119157,É #FAKE que vídeo mostre policial com cão 'plantando' droga em casa | G1,https://g1.globo.com/fato-ou-fake/noticia/2020/12/15/e-fake-que-video-mostre-policial-com-cao-plantando-droga-em-casa.ghtml,g1.globo.com,golpes_plataformas,2020-12-15,1
79d03d1608f9ba4343ed0d2f7320717aee33bdc8,6,0.092793,-0.143360,É #FAKE que foto mostre larva em morango capaz de provocar hepatite | G1,https://g1.globo.com/fato-ou-fake/noticia/2020/10/19/e-fake-que-foto-mostre-larva-em-morango-capaz-de-provocar-hepatite.ghtml,g1.globo.com,politica_eleicoes,2020-10-19,1
12d142e7076ff3c878e9ae1347a1b6a0f8801b38,6,-0.071713,-0.197340,Chef francês foi processado por usar sêmen humano nas sobremesas?,https://www.e-farsas.com/chef-frances-foi-processado-por-usar-semen-humano-nas-sobremesas.html,e-farsas.com,politica_eleicoes,2020-09-16,3
1e6a13a37db8fad0858d0e60e8c427ee397ce7e8,1,0.047787,0.123334,Texto engana ao comparar aumento na venda de armas com queda de mortes,https://noticias.uol.com.br/comprova/ultimas-noticias/2020/09/25/texto-engana-ao-comparar-aumento-na-venda-de-armas-com-queda-de-mortes.htm,noticias.uol.com.br,politica_eleicoes,2020-09-25,1
78d398413721e5368e44c05c665c5115c59277f2,7,-0.280624,-0.082394,"Bruno Maranhão, líder do MST e braço direito de Lula foi preso com drogas, armas e grana #boato",https://www.boatos.org/politica/bruno-maranhao-lider-mst-braco-direito-lula-preso-drogas-armas-grana.html,boatos.org,seguranca_justica,2020-02-15,1
d282a7cf7d6e4b08623281743e88c0905b006c22,4,0.054804,0.316034,"Sem apresentar evidências, texto sugere que governadores e prefeitos usam a pandemia para driblar a lei : Projeto Comprova",https://projetocomprova.com.br/publicações/sem-apresentar-evidencias-texto-sugere-que-governadores-e-prefeitos-usam-a-pandemia-para-driblar-a-lei/,projetocomprova.com.br,politica_eleicoes,2021-03-05,3
27ce15fd802ec76f42d02f599d0d6f7e02b6fe33,7,-0.214145,0.008927,É falso que Boulos tenha cobrado aluguel de moradores sem-teto,https://noticias.uol.com.br/comprova/ultimas-noticias/2020/11/27/e-falso-que-boulos-tenha-cobrado-aluguel-de-moradores-sem-teto.htm,noticias.uol.com.br,politica_eleicoes,2020-11-27,1
46ae6ced551f0741c4a618ba9e678dd2a0316b64,3,-0.102814,-0.225365,Promoção Sonho de Pai do Mercado Livre dá prêmios no WhatsApp #boato,https://www.boatos.org/tecnologia/promocao-sonho-de-pai-mercado-livre-premios-no-whatsapp.html,boatos.org,golpes_plataformas,2021-07-11,1
ff92e362083a9b8b9995b8102ceaaddad7672d6b,6,-0.129050,-0.087642,Os Simpsons previram a vitória de Joe Biden nas Eleições de 2020?,https://www.e-farsas.com/os-simpsons-previram-a-vitoria-de-joe-biden-nas-eleicoes-de-2020.html,e-farsas.com,politica_eleicoes,2020-11-07,1
835c9a0abf9a301f85aa88f683158c80b30bee7d,4,0.132220,-0.113968,É #FAKE que imagens provem que Hospital Moinhos de Vento não lotou de pacientes com Covid-19 | G1,https://g1.globo.com/fato-ou-fake/coronavirus/noticia/2021/03/04/e-fake-que-imagens-provem-que-hospital-moinhos-de-vento-nao-esta-lotado-de-pacientes-com-covid-19.ghtml,g1.globo.com,saude_ciencia,2021-03-04,1
b8af7a6f6bbf18e3fcd5c41a0c942a18835bb7c4,4,0.273612,-0.006531,Xangai e Pequim confirmaram os primeiros casos do novo coronavírus em janeiro,https://checamos.afp.com//xangai-e-pequim-confirmaram-os-primeiros-casos-do-novo-coronavirus-em-janeiro,checamos.afp.com,saude_ciencia,2024-11-28,1
2c08f3e37de325dab9673d8a190c570e05997e59,6,-0.137919,-0.117604,"Segunda Ponte, em Vitória (ES), está com rachadura enorme e prestes a cair #boato",https://www.boatos.org/brasil/segunda-ponte-vitoria-es-rachadura-cair.html,boatos.org,golpes_plataformas,2019-05-16,1
141210a4f03becfd1945545e0b5d7c59cc9e1669,3,-0.145002,-0.174129,Pix agendado em lançamentos futuros de quem recebe é golpe feito por bandidos #boato,https://www.boatos.org/brasil/pix-agendado-lancamentos-futuros-quem-recebe-golpe-feito-bandidos.html,boatos.org,golpes_plataformas,2021-06-17,1
6d82cb24ad9542ba7eeb7edf18b719d8176aaaff,6,-0.198044,-0.090417,Foto de Jair Bolsonaro usando uma camisa do PT é verdadeira ou falsa?,https://www.e-farsas.com/foto-de-jair-bolsonaro-usando-uma-camisa-do-pt-e-verdadeira-ou-falsa.html,e-farsas.com,politica_eleicoes,2020-10-02,1
8fdcdfa1ee1b422677a1f2a0a64fbeabccf7042b,7,-0.267607,-0.004442,Guilherme Boulos é dono de imóvel desocupado na Vila Mariana #boato,https://www.boatos.org/politica/guilherme-boulos-tem-imovel-desocupado-vila-mariana.html,boatos.org,saude_ciencia,2020-11-27,1
0b1704cdceb857158d075994a4c762a96b890fad,0,0.150957,0.303998,Ranking usado por Bolsonaro não representa a realidade da imunização no país : Projeto Comprova,https://projetocomprova.com.br/publicações/ranking-usado-por-bolsonaro-nao-representa-a-realidade-da-imunizacao-no-pais/,projetocomprova.com.br,politica_eleicoes,2021-06-14,1
4970a188e23e2003fed00204989ef2584520d63d,6,-0.120701,-0.109505,George Soros é sócio majoritário do Parler e ficaremos 3 semanas sem internet?,https://www.e-farsas.com/george-soros-e-socio-majoritario-do-parler-e-ficaremos-3-semanas-sem-internet.html,e-farsas.com,internacional,2020-11-12,1
3ed3f548338bd2717cb6b3e3ac9adfab461f921e,2,0.379427,0.105844,É #FAKE que agência norte-americana liberou uso de remédio experimental para todos os pacientes com Covid-19 | G1,https://g1.globo.com/fato-ou-fake/coronavirus/noticia/2020/04/13/e-fake-que-agencia-norte-americana-liberou-uso-de-remedio-experimental-para-todos-os-pacientes-com-covid-19.ghtml,g1.globo.com,saude_ciencia,2020-04-13,1
a1bf1b0a41b8040d801a59849a9ab079555fbb0f,4,0.131964,-0.134196,Cidade de Olímpia (SP) está sob surto de meningite viral #boato,https://www.boatos.org/saude/olimpia-sp-surto-meningite.html,boatos.org,saude_ciencia,2018-12-10,1
614dd18425326d88948e56c2aa90e8b464e04064,6,-0.042266,-0.239184,Nasa admite que mudanças climáticas ocorrem por causa da órbita da Terra e não por ação do homem #boato,https://www.boatos.org/ciencia/nasa-mudancas-climaticas-orbita-terra-acao-homem.html,boatos.org,golpes_plataformas,2019-09-26,1
cf3dc33c56ca26acb10e017d965a9c58ac46f64a,7,-0.245405,0.075878,"Tite diz, em entrevista, que eleitores de Bolsonaro são alienados #boato",https://www.boatos.org/esporte/tite-eleitores-bolsonaro-alienados.html,boatos.org,politica_eleicoes,2018-12-25,2
0a932eaaea270a83408914e8571c7617543b9ebe,5,-0.133360,-0.100971,É #FAKE que cédulas eleitorais com votos em Donald Trump foram jogadas no lixo e encontradas na rua no Kentucky | G1,https://g1.globo.com/fato-ou-fake/noticia/2020/11/13/e-fake-que-cedulas-eleitorais-com-votos-em-donald-trump-foram-jogadas-no-lixo-e-encontradas-na-rua-no-kentucky.ghtml,g1.globo.com,internacional,2020-11-13,1
8e770e04764ac19738b34666e9a3f83c41ca2c2f,6,-0.156864,-0.121112,Dono da pousada de Brumadinho gravou vídeo “a gente vai embora” #boato,https://www.boatos.org/brasil/dono-pousada-brumadinho-video.html,boatos.org,golpes_plataformas,2019-02-01,1
79080d197c361184b42f785cd96f5a279fa71fd6,0,0.252043,-0.154613,Enfermeira Khalilah Mitchell teve paralisia facial após tomar vacina #boato,https://www.boatos.org/mundo/enfermeira-khalilah-mitchell-paralisia-facial-vacina.html,boatos.org,saude_ciencia,2021-01-07,2
363b7ebc599ab427498243295bcf3b6c5139126d,6,0.049502,-0.143083,Termômetro infravermelho causa dano à glândula pineal ao medir temperatura na testa #boato,https://www.boatos.org/saude/termometro-infravermelho-dano-glandula-pineal-medir-temperatura-testa.html,boatos.org,saude_ciencia,2020-08-13,1
d9d5e0c8c08d07bce08e935e8866e53f4c087a6c,3,-0.050241,-0.156305,Americanas contrata pessoas para vendas online e dá notebook para quem compartilhar link no WhatsApp #boato,https://www.boatos.org/tecnologia/americanas-contrata-pessoas-vendas-online-notebook-compartilhar-link-whatsapp.html,boatos.org,golpes_plataformas,2020-05-26,1
dce6d99685ca4668ccaa03755bad563a0b42cb36,4,0.108746,-0.014167,Doria obriga Samu a atestar mortes por outras doenças como se fossem por coronavírus em São Paulo #boato,https://www.boatos.org/politica/doria-obriga-samu-atestar-mortes-naturais-como-conovirus.html,boatos.org,saude_ciencia,2020-03-28,1
3b24eef3d62ff07412e637e712bb4cf65e5ecb73,5,-0.261242,0.137705,Diferença entre resultados de pesquisa e de eleição não implica fraude,https://noticias.uol.com.br/comprova/ultimas-noticias/2020/11/24/diferenca-entre-resultados-de-pesquisa-e-de-eleicao-nao-implica-fraude.htm,noticias.uol.com.br,politica_eleicoes,2020-11-24,1
0e0b0ca4cf128073278a8f838ce219a7bad31d6b,6,-0.096742,-0.299363,Crianças estão sendo sequestradas e transportadas dentro de carcaças de animais?,https://www.e-farsas.com/criancas-estao-sendo-sequestradas-e-transportadas-dentro-de-carcacas-de-animais.html,e-farsas.com,golpes_plataformas,2019-12-17,1
3253b0bb1b4b136c2adea1b2c14be726f8a69a35,6,-0.060973,-0.174683,"Rei do Bahrein chega a Dubai com robô guarda-costas incrível, mostra vídeo #boato",https://www.boatos.org/tecnologia/rei-bahrein-dubai-robo-guarda-costas-video.html,boatos.org,golpes_plataformas,2020-08-28,1
26a5be04cef3909cac7ae62a08bc43042b8ebf52,1,-0.094111,0.049797,"Outdoor que pede fim de ""privilégios"" para pessoas com deficiência é ação de marketing de 2015 : Projeto Comprova",https://projetocomprova.com.br/publicações/outdoor-que-pede-fim-de-privilegios-para-deficientes-e-acao-de-marketing-de-2015/,projetocomprova.com.br,golpes_plataformas,2021-04-12,1
66148c5f1e1498eb433c21158d76fdb58444d038,7,-0.302211,0.046724,"Filho de Marcelo Freixo saiu com travestis, não pagou e foi exposto em vídeo #boato",https://www.boatos.org/politica/filho-marcelo-freixo-saiu-travestis-nao-pagou-foi-exposto-video.html,boatos.org,politica_eleicoes,2021-04-04,1
8ca891f06a17350f942eb55f264149c6c3275382,4,0.095841,-0.138989,É #FAKE que OMS removeu maconha da categoria de drogas ilícitas | G1,https://g1.globo.com/fato-ou-fake/noticia/2020/07/30/e-fake-que-oms-removeu-maconha-da-categoria-de-drogas-ilicitas.ghtml,g1.globo.com,golpes_plataformas,2020-07-30,1
bfe51326e70a92fd75eb921fcc381e2120610c2c,2,0.120462,0.133348,"Post com cápsula vazia não prova ""conspiração"" contra cloroquina",https://noticias.uol.com.br/comprova/ultimas-noticias/2020/08/12/post-com-capsula-vazia-nao-prova-conspiracao-contra-cloroquina.htm,noticias.uol.com.br,saude_ciencia,2020-08-12,1
fc1396184e5fe08359038e970f8f1194ea188421,6,-0.120895,-0.035606,"As notas foram jogadas nas ruas em 2019 na Venezuela, e não na Itália durante a pandemia de coronavírus",https://checamos.afp.com//notas-foram-jogadas-nas-ruas-em-2019-na-venezuela-e-nao-na-italia-durante-pandemia-de-coronavirus,checamos.afp.com,economia,2024-04-17,1
9546b7ec8915d68676f37d5782187e0feca475f9,6,-0.109201,-0.202857,Vídeo mostra o furacão Dorian praticamente estacionado sobre as Bahamas?,https://www.e-farsas.com/video-mostra-o-furacao-dorian-praticamente-estacionado-sobre-as-bahamas.html,e-farsas.com,golpes_plataformas,2019-09-05,1
999a4d790a753b8f7929bb54d514ecfb14ac0cc3,0,0.218105,-0.095711,As vacinas contra a covid-19 não geram atração magnética,https://checamos.afp.com//vacinas-contra-covid-19-nao-geram-atracao-magnetica,checamos.afp.com,saude_ciencia,2026-06-10,1
fcf8b5f0004ae20a0e328f36644690746a3dbf8c,0,0.285854,0.017784,Laboratórios que produzem a vacina contra Covid-19 terão isenção de responsabilidade civil #boato,https://www.boatos.org/saude/laboratorios-vacinas-contra-covid-19-isencao-responsabilidade-civil.html,boatos.org,saude_ciencia,2020-10-02,1
ffdaf7ecd1488db247b9389c81a170651149f596,4,0.292044,-0.151687,É #FAKE que TV da Itália mostrou que novo coronavírus foi fabricado em laboratório chinês | G1,https://g1.globo.com/fato-ou-fake/coronavirus/noticia/2020/04/14/e-fake-que-tv-da-italia-mostrou-que-novo-coronavirus-foi-fabricado-em-laboratorio-chines.ghtml,g1.globo.com,saude_ciencia,2020-04-14,1
55d0c829fdd4db2f74a44e63b217329fe62ade17,6,-0.033522,0.047140,As camas das Olimpíadas são de papelão para evitar o sexo entre os atletas?,https://www.e-farsas.com/as-camas-das-olimpiadas-sao-de-papelao-para-evitar-o-sexo-entre-os-atletas.html,e-farsas.com,saude_ciencia,2021-07-20,1
4f1ad0cf23bcf7529babffd831db0fa6206265a1,4,0.364167,0.031639,"Isolamento social é pior para conter avanço do coronavírus, diz pesquisa de Harvard #boato",https://www.boatos.org/saude/pesquisadores-harvard-isolamento-social-piora-coronavirus.html,boatos.org,saude_ciencia,2020-04-14,1
d020d4ed086df73af60f49867337c59f88c63311,6,-0.050563,-0.200357,Será verdade que a cadela Laika foi o primeiro ser vivo lançado ao espaço?,https://www.e-farsas.com/sera-verdade-que-a-cadela-laika-foi-o-primeiro-ser-vivo-lancado-ao-espaco.html,e-farsas.com,internacional,2020-08-12,1
b8f296a7c8db5d06e0d6720c703c8e80739663ea,7,-0.203896,0.025531,Analisamos as principais provas apresentadas pelo Pavão Misterioso!,https://www.e-farsas.com/analisamos-as-principais-provas-apresentadas-pelo-pavao-misterioso.html,e-farsas.com,seguranca_justica,2019-07-11,2
bb8df7e065a62196ea5c5356d180bbc74096e5fb,7,-0.230075,0.214964,Tribunal Constitucional Militar (TCM) será criado por Decreto-Lei de Bolsonaro #boato,https://www.boatos.org/politica/tribunal-constitucional-militar-tcm-criado-decreto-lei-bolsonaro.html,boatos.org,seguranca_justica,2021-08-15,1
1d0d4f5ba4bc3bad70baf6b299212677d6cbf44e,7,-0.252980,-0.051089,"Pai de Fábio Porchat, Fábio Porchat Assis, é acusado de desviar recursos da Lei Rouanet #boato",https://www.boatos.org/entretenimento/pai-de-fabio-porchat-desvia-recursos-lei-rouanet.html,boatos.org,seguranca_justica,2020-01-01,1
25d0bca46b540bfce4dfdc4d437e0bb30915ab1f,5,-0.259216,0.137400,TSE vendeu a eleição em São Paulo para Boulos e a esquerda #boato,https://www.boatos.org/politica/tse-vendeu-eleicao-sao-paulo-para-boulos-esquerda.html,boatos.org,politica_eleicoes,2020-11-17,1
c256381d8c380379259df6552ef45ffee1d2261c,7,-0.190498,0.008086,Manifestantes pró-Bolsonaro criaram faixa com dizeres “somos todos hemorróidas” #boato,https://www.boatos.org/politica/manifestantes-pro-bolsonaro-faixa-somos-todos-hemorroidas.html,boatos.org,politica_eleicoes,2020-05-27,1
37cd17c77bbf65bee6f8ce32a41d9b8e350c002e,3,-0.074365,-0.167878,Banco Nacional da Grécia vai enviar US$ 2 milhões para quem mandar um e-mail para Kristalina Georgieva do FMI #boato,https://www.boatos.org/tecnologia/banco-nacional-grecia-enviar-us-2-milhoes-e-mail-kristalina-georgieva-fmi.html,boatos.org,economia,2020-08-26,2
346467e69a9a5081dddb1d0d20fde0b30979e4ad,7,-0.227564,0.132441,Pedido de intervenção militar às Forças Armadas é assinado por Modesto Carvalhosa e desembargador #boato,https://www.boatos.org/politica/pedido-intervencao-militar-forcas-armadas-assinado-modesto-carvalhosa-desembargador.html,boatos.org,seguranca_justica,2020-04-12,2
dc9df370eaf8d7d79e7809568f2e11afa2707fb7,7,-0.303376,0.052797,Mansão de Lula no Uruguai é citada na delação de Palocci #boato,https://www.boatos.org/politica/mansao-lula-uruguai-palocci.html,boatos.org,politica_eleicoes,2019-02-13,1
ce80778a60de18e08f291f46dd1289ceec521c45,1,-0.145052,0.064552,Moro sanciona lei que pune motorista bêbado com 5 anos de prisão em caso de acidente #boato,https://www.boatos.org/politica/moro-lei-motorista-bebado.html,boatos.org,seguranca_justica,2019-05-08,1
f77d5326c1d15be4b80c10655ddc1d2358efe810,4,0.198532,-0.194468,"Gargarejo de limão, bicarbonato de sódio e água morna mata o coronavírus na garganta #boato",https://www.boatos.org/saude/gargarejo-limao-bicarbonato-de-sodio-agua-morna-mata-coronavirus-garganta.html,boatos.org,saude_ciencia,2020-05-10,1
dcf061ad9f3b5462612d22c4f9d9b2c030c616fa,7,-0.142315,0.168727,É falso que vídeo mostre PM de SP agredindo idoso por descumprir isolamento,https://noticias.uol.com.br/comprova/ultimas-noticias/2020/04/17/e-falso-que-video-mostre-pm-de-sp-agredindo-idoso-por-descumprir-isolamento.htm,noticias.uol.com.br,politica_eleicoes,2020-04-17,1
a79c65228979e7b41062af8cd8f1344157e624b2,1,-0.127237,0.244725,Veja o que é #FATO ou #FAKE nas declarações dos candidatos à Prefeitura de SP na 4ª semana de campanha | G1,https://g1.globo.com/fato-ou-fake/noticia/2020/10/24/veja-o-que-e-fato-ou-fake-nas-declaracoes-dos-candidatos-a-prefeitura-de-sp-na-4a-semana-de-campanha.ghtml,g1.globo.com,politica_eleicoes,2020-10-24,2
7bd135268f2e3a7ceab0c4d11e763fe93407c227,6,-0.084926,-0.141086,Vídeo mostra chuva de granizo hoje em Campo Mourão (Paraná) causada por onda de frio #boato,https://www.boatos.org/brasil/video-mostra-chuva-de-granizo-hoje-campo-mourao-parana-causada-onda-de-frio.html,boatos.org,meio_ambiente,2021-07-28,2
81ceb0b423040fec6cbaa98272a58c182db3cc7e,1,-0.169479,0.146063,Brasil não terá uma nova moeda lastreada em nióbio chamada 'DIM',https://noticias.uol.com.br/comprova/ultimas-noticias/2020/07/24/brasil-nao-tera-uma-nova-moeda-lastreada-em-niobio-chamada-dim.htm,noticias.uol.com.br,politica_eleicoes,2020-07-24,3
6d682cbd1d27cf87dd131fda6e277767ffa8fc30,5,-0.143200,0.041269,"Frase sobre a ""vastidão da ignorância do homem"" pertence a Nietzsche?",https://www.e-farsas.com/frase-sobre-a-vastidao-da-ignorancia-do-homem-pertence-a-nietzsche.html,e-farsas.com,politica_eleicoes,2020-07-19,2
a4bc794419c1281919cbe707e21b9592bb75a07c,6,-0.139531,-0.134415,Atuar como mesário suspende o auxílio-emergencial e outros benefícios sociais?,https://www.e-farsas.com/atuar-como-mesario-suspende-o-auxilio-emergencial-e-outros-beneficios-sociais.html,e-farsas.com,politica_eleicoes,2020-10-08,1
dd830999cee8a8c70fce6ff8125d21e03fc00a40,7,0.027076,0.002195,Uma enfermeira foi agredida por bolsonaristas quando voltava do trabalho?,https://www.e-farsas.com/uma-enfermeira-foi-agredida-por-bolsonaristas-quando-voltava-do-trabalho.html,e-farsas.com,saude_ciencia,2020-05-03,1
4f01f8c69cc6e658e64af3bbcb29827bd916b344,7,-0.311060,0.102972,"Pai do presidente da OAB não tem elo com bomba em Recife, diz Aeronáutica",https://noticias.uol.com.br/confere/ultimas-noticias/2019/10/17/pai-do-presidente-da-oab-santa-cruz-explodiu-bomba-em-recife-bolsonaro.htm,noticias.uol.com.br,politica_eleicoes,2019-10-17,2
e8043819aefde851764a9ae806f713b0d63db6bd,6,-0.131113,0.020910,"“Não me importo”, diz jovem grávida do próprio pai! Será verdade?",https://www.e-farsas.com/nao-me-importo-diz-jovem-gravida-do-proprio-pai-sera-verdade.html,e-farsas.com,seguranca_justica,2019-09-28,1
db8fe093c7578599ce6d359bcfda5252b3005734,5,-0.155254,0.066456,É falso que hacker tenha atacado sistema de votos do TSE : Projeto Comprova,https://projetocomprova.com.br/publicações/e-falso-que-hacker-tenha-atacado-sistema-de-votos-do-tse/,projetocomprova.com.br,politica_eleicoes,2020-11-30,1
f4e7f5871f9d9af7d616465c2d325e0dc5127464,3,-0.049278,-0.256845,É #FAKE imagem que mostra Papa Francisco fumando com Evo Morales | G1,https://g1.globo.com/fato-ou-fake/noticia/2020/09/28/e-fake-imagem-que-mostra-papa-francisco-fumando-com-evo-morales.ghtml,g1.globo.com,golpes_plataformas,2020-09-28,1
22252ea3c4f357c170d9cea1deac80790e3d935d,3,-0.053564,0.019026,WhatsApp limitou compartilhamento apenas no Brasil só para prejudicar Bolsonaro #boato,https://www.boatos.org/tecnologia/whatsapp-limitou-compartilhamento-para-prejudicar-bolsonaro-ajudar-comunistas.html,boatos.org,golpes_plataformas,2020-04-10,1
bd3f42f4dc5144338a074b133e4f91fd00d0f41e,7,-0.154947,0.059921,É falso que áudio mostre Luana Piovani defendendo Jair Bolsonaro,https://noticias.uol.com.br/comprova/ultimas-noticias/2021/07/23/e-falso-que-audio-mostre-luana-piovani-defendendo-jair-bolsonaro.htm,noticias.uol.com.br,politica_eleicoes,2021-07-23,1
36319bb50ebbe8541e0002e3f1f783842808ada0,4,0.142433,0.054882,É falso que o número de casos de covid-19 seja menor que o oficial : Projeto Comprova,https://projetocomprova.com.br/publicações/e-falso-que-o-numero-de-casos-de-covid-19-seja-menor-que-o-oficial/,projetocomprova.com.br,saude_ciencia,2021-03-05,1
9b3d68073116969a96fb6b49e576f28df6bf8135,6,-0.141919,-0.163102,É falso que aviões israelenses foram enviados para apagar fogo na Amazônia,https://noticias.uol.com.br/comprova/ultimas-noticias/2019/09/17/e-falso-que-avioes-israelenses-foram-enviados-para-apagar-fogo-na-amazonia.htm,noticias.uol.com.br,politica_eleicoes,2019-09-17,1
a1d9bc2e8b0d9927ba8c6dc36e8af6b80d84d360,4,0.293664,-0.028955,Água da torneira que testa positivo para Covid-19 prova que pandemia é uma farsa da China #boato,https://www.boatos.org/saude/agua-torneira-testa-positivo-para-covid-19-prova-pandemia-farsa-china.html,boatos.org,saude_ciencia,2021-04-21,1
c607ddec27a9322cfde7361f1040b66fcd9c9802,0,0.274257,-0.031896,Vacina da China e de Oxford são feita com DNA recombinante e não deram certo em porcos #boato,https://www.boatos.org/saude/vacina-china-oxford-dna-recombinante-porcos.html,boatos.org,saude_ciencia,2020-11-02,1
a7adfc5e8cbabd3a3611c05a9bf51fde9826f639,4,0.125348,0.144734,Ação da PF não reduziu número de mortes no Ceará : Projeto Comprova,https://projetocomprova.com.br/publicações/acao-da-pf-nao-reduziu-numero-de-mortes-no-ceara/,projetocomprova.com.br,saude_ciencia,2021-03-05,1
d72d4e1a175ab30b5c8681059f545608b0617356,3,-0.030532,0.005988,Descubra se você tem direito ao auxílio emergencial compartilhando link no WhatsApp #boato,https://www.boatos.org/tecnologia/descubra-direito-auxilio-emergencial-compartilhando-link-whatsapp.html,boatos.org,economia,2020-03-30,2
d25f07a64b1558879d7c4d84a0f5df4f37e98dbc,3,-0.120940,-0.099104,AliExpress (AliHouse) é uma estratégia da China para acabar com empresas do Brasil #boato,https://www.boatos.org/tecnologia/aliexpress-alihouse-estrategia-china-acabar-empresas-brasil.html,boatos.org,internacional,2021-03-30,1
876b74a4d3a06648152a3c33050be291f1138814,2,0.186054,0.152278,"O Dr. Vladimir Zelenko, criador do kit-covid com hidroxicloroquina, vai ganhar o prêmio Nobel da Paz?",https://www.e-farsas.com/o-dr-vladimir-zelenko-criador-do-kit-covid-com-hidroxicloroquina-vai-ganhar-o-premio-nobel-da-paz.html,e-farsas.com,saude_ciencia,2021-05-25,1
d3f4f6a298505c849885c44dfd134869da289940,4,0.296090,-0.147718,"Vírus da Covid-19 tem vibração de 5,5 hz e morre acima de 25,5 hz #boato",https://www.boatos.org/saude/virus-covid-19-morre-vibracao-acima-de-255-hz.html,boatos.org,saude_ciencia,2020-11-02,1
8ea98db422da7bbc2dfd93f8a9fae7555dbfa7ef,7,-0.174856,-0.028318,Operação Storm é deflagrada no Brasil e 24 governadores e ministros do STF serão presos #boato,https://www.boatos.org/politica/operacao-storm-deflagrada-brasil-24-governadores-ministros-stf-presos.html,boatos.org,seguranca_justica,2020-05-25,1
9bc192f4c5446499acb4ad9784b22d11b24d9018,3,-0.069249,-0.063001,Prefeitura abre inscrições para programa Vale Mercado 2021 no WhatsApp #boato,https://www.boatos.org/tecnologia/prefeitura-abre-inscricoes-programa-vale-mercado-2021-whatsapp.html,boatos.org,golpes_plataformas,2021-02-02,1
7ad85daa8603ae9011653010ac9228ff79b290cb,4,0.037750,-0.198875,"É #FAKE que vídeo mostre presidente da China falando sobre coronavírus, ameaças ao Ocidente e 3ª Guerra | G1",https://g1.globo.com/fato-ou-fake/noticia/2020/03/24/e-fake-que-video-mostre-presidente-da-china-falando-sobre-coronavirus-ameacas-ao-ocidente-e-3a-guerra.ghtml,g1.globo.com,politica_eleicoes,2020-03-24,1
b61723c90ba9ad41bfb2ef2750fea1064fbb70a6,7,-0.008664,-0.028898,Vladimir Putin está com mal de Parkinson e vai deixar governo da Rússia #boato,https://www.boatos.org/politica/vladimir-putin-parkinson-deixar-governo.html,boatos.org,politica_eleicoes,2020-11-09,1
3d9b4fe284d5d35878bc01159cc3ddf52188e31c,1,-0.024493,0.022065,Trump cancela projeto de Bill Gates conhecido como ID2020 #boato,https://www.boatos.org/mundo/trump-cancela-projeto-bill-gates-id2020.html,boatos.org,internacional,2020-11-04,1
b24095e2a46558d50f10f05cae11ce3c81a4d813,7,-0.065716,-0.028556,É #FAKE que PF apreendeu baús de medicamentos da Cruz Vermelha com bilhões de dólares dentro | G1,https://g1.globo.com/fato-ou-fake/noticia/2018/12/03/e-fake-que-pf-apreendeu-baus-de-medicamentos-da-cruz-vermelha-com-bilhoes-de-dolares.ghtml,g1.globo.com,golpes_plataformas,2018-12-03,1
970a8edec77de7b8e2bd079a68f6aba732e0f375,0,0.282164,-0.084307,Postagens alegam erroneamente que a vacina da Moderna contém um ingrediente inseguro,https://checamos.afp.com//postagens-alegam-erroneamente-que-vacina-da-moderna-contem-um-ingrediente-inseguro,checamos.afp.com,saude_ciencia,2024-04-17,2
e4a90988ac997c1c5fa36d76052bbddce9925ded,1,-0.296843,0.190541,PT entrou na Justiça para acabar com o 13º salário para o Bolsa Família #boato,https://www.boatos.org/politica/pt-acabar-13o-salario-bolsa-familia.html,boatos.org,politica_eleicoes,2019-04-13,1
fbd1867122e99d00f5cf7aab34d600a7caba5153,6,0.151023,-0.027626,"""Chapéu magnético"" realmente reverte a perda de memória de pacientes com Alzheimer?",https://www.e-farsas.com/chapeu-magnetico-realmente-reverte-a-perda-de-memoria-de-pacientes-com-alzheimer.html,e-farsas.com,saude_ciencia,2019-11-01,1
662de39a6dbcc321bbaff676b13667a7ceb01a59,6,-0.117820,-0.241727,Homem que fez papel de diabo vencendo Jesus no Carnaval morreu #boato,https://www.boatos.org/brasil/homem-papel-diabo-morreu.html,boatos.org,golpes_plataformas,2019-03-05,1
a14a78c83fe13374537ffaea849c436417dcc156,6,-0.173162,-0.092554,Erro em GC durante um telejornal da Globo gerou uma frase constrangedora?,https://www.e-farsas.com/erro-em-gc-durante-um-telejornal-da-globo-gerou-uma-frase-constrangedora.html,e-farsas.com,politica_eleicoes,2020-07-13,1
c4bfa9091e4a9987f4ba05262c3a228eb76a4a75,4,0.269173,-0.141274,Álcool gel não mata o coronavírus e outras bactérias; o que mata é o vinagre #boato,https://www.boatos.org/saude/alcool-gel-nao-mata-coronavirus-vinagre.html,boatos.org,saude_ciencia,2020-02-28,1
13cd8f3eebd29684d390d8d6e8f8c95ce09d6336,7,-0.219311,-0.107533,"Manifestantes seguram cartaz escrito ""Sergio Moro É Bom Pra Burro""! Será verdade?",https://www.e-farsas.com/manifestantes-seguram-cartaz-escrito-sergio-moro-e-bom-pra-burro-sera-verdade.html,e-farsas.com,outros,2019-07-01,1
5e6e2a3ffca695237c4ceaa36764d52f7bb6dbb7,7,-0.159507,-0.006690,Cid Gomes atirou primeiro após receber arma de tenente-coronel em Sobral #boato,https://www.boatos.org/politica/cid-gomes-atirou-primeiro-apos-receber-arma.html,boatos.org,politica_eleicoes,2020-02-24,1
2c8dfa2859eedae8c87ca98d99a2fcb78e2ae175,4,0.198934,0.273641,Deputado usa dados imprecisos para colocar em dúvida a eficiência de medidas de distanciamento social : Projeto Comprova,https://projetocomprova.com.br/publicações/deputado-usa-dados-imprecisos-para-colocar-em-duvida-a-eficiencia-de-medidas-de-distanciamento-social/,projetocomprova.com.br,saude_ciencia,2020-10-20,1
024b8e5f268076c454158a2d22d6ab7b2f177a3e,7,-0.233126,0.062459,Evo Morales determina lei que acaba com acesso à internet na Bolívia #boato,https://www.boatos.org/mundo/evo-morales-lei-acaba-acesso-internet-bolivia.html,boatos.org,politica_eleicoes,2019-11-05,1
78f8fb2e75509f6720ada326a11f27e162f244d9,6,-0.137937,-0.099931,"Vídeo mostra abertura do vertedouro da barragem de Três Marias, em Minas Gerais #boato",https://www.boatos.org/brasil/video-mostra-abertura-vertedouro-barragem-tres-marias-minas-gerais.html,boatos.org,golpes_plataformas,2020-03-07,1
6fcd9d349cb3dd10e1ff010091de0bf825446306,5,-0.247027,0.202890,Moradores revoltados jogaram um vereador no esgoto em Salvador/BA?,https://www.e-farsas.com/moradores-revoltados-jogaram-um-vereador-no-esgoto-em-salvador-ba.html,e-farsas.com,politica_eleicoes,2019-05-31,1
017cfacc8f348b9a7cc4d5e9b009940fc3844a66,7,-0.229941,0.116749,O MPF identificou que Jean Wyllys repassou R$ 50 mil para o advogado do esfaqueador de Bolsonaro?,https://www.e-farsas.com/o-mpf-identificou-que-jean-wyllys-repassou-r-50-mil-para-o-advogado-do-esfaqueador-de-bolsonaro.html,e-farsas.com,politica_eleicoes,2019-01-28,1
7b794dbb880b2680b813ab6da70eb24d0108a45e,5,-0.139962,0.266147,"É falso que apenas três países, inclusive o Brasil, utilizem urnas eletrônicas : Projeto Comprova",https://projetocomprova.com.br/publicações/e-falso-que-apenas-tres-paises-inclusive-o-brasil-utilizem-urnas-eletronicas/,projetocomprova.com.br,politica_eleicoes,2021-03-05,1
63db1213e0711f2f7e9779e7935f385eef526df0,7,-0.199229,0.190988,"Prefeito de Cuiabá, Emanuel Pinheiro, critica governador do Piauí e defende Bolsonaro em vídeo #boato",https://www.boatos.org/politica/prefeito-cuiaba-emanuel-pinheiro-critica-governador-piaui-defende-bolsonaro.html,boatos.org,politica_eleicoes,2021-03-02,1
08f2b496edb0fdd1839e31e4d2e9d4e48e09c2e6,7,-0.158909,-0.079950,Anderson Silva chama Felipe Neto de verme e pede para ele deixar o país #boato,https://www.boatos.org/esporte/anderson-silva-chama-felipe-neto-de-verme.html,boatos.org,politica_eleicoes,2020-10-07,1
d14cc9eedbcd4f85bf354fd0bf1dc436209c2655,4,0.003508,-0.004249,"Borracheiro morreu em acidente com pneu, mas foi diagnosticado com Covid-19 para inflar estatísticas do coronavírus #boato",https://www.boatos.org/saude/borracheiro-morreu-acidente-pneu-diagnosticado-covid-19-inflar-estatisticas-coronavirus.html,boatos.org,saude_ciencia,2020-03-29,1
866b400c84066510f6603f1a127d721e906aee57,7,-0.094574,-0.071131,"Instagram censura publicações com as palavras ""Lula genocida"" #boato",https://www.boatos.org/tecnologia/instagram-censura-publicacoes-lula-genocida.html,boatos.org,golpes_plataformas,2021-06-01,1
6d1416b528a483735435992ff4f4bf0f620dc863,0,0.199015,0.152685,Imagem de Doria tomando vacina é de antes do uso de máscara ser obrigatório,https://noticias.uol.com.br/comprova/ultimas-noticias/2020/07/28/imagem-de-doria-tomando-vacina-e-de-antes-do-uso-de-mascara-ser-obrigatorio.htm,noticias.uol.com.br,saude_ciencia,2020-07-28,2
74601d4fbeb401eb71fdbf32074752b724dfc4aa,4,0.193842,0.069702,É #FAKE que médico congolês Prêmio Nobel da Paz disse que deixou cargo por ser obrigado a falsear dados da Covid-19 | G1,https://g1.globo.com/fato-ou-fake/coronavirus/noticia/2020/07/02/e-fake-que-medico-congoles-premio-nobel-da-paz-disse-que-deixou-cargo-por-ser-obrigado-a-falsear-dados-da-covid-19.ghtml,g1.globo.com,saude_ciencia,2020-07-02,1
95cb3fae55e1da37e307461a55144f06554f5dcf,7,-0.205101,0.022088,É #FAKE que Bolsonaro demitiu o vice-presidente Hamilton Mourão | G1,https://g1.globo.com/fato-ou-fake/noticia/2021/02/16/e-fake-que-bolsonaro-demitiu-o-vice-presidente-hamilton-mourao.ghtml,g1.globo.com,politica_eleicoes,2021-02-16,1
839e6bcab411e9be3c0179ac7cadfc24e224616d,6,-0.009445,-0.178228,"Será verdade que o ""Homem-Pateta"" vem incentivando crianças a cometer suicídio?",https://www.e-farsas.com/sera-verdade-que-o-homem-pateta-vem-incentivando-criancas-a-cometer-suicidio.html,e-farsas.com,seguranca_justica,2020-06-25,1
9057b9862dfcc0c00fe72901f2468e8ea99f0c12,4,0.235548,0.003285,É falso que senadores republicanos tenham descoberto origem da covid-19,https://noticias.uol.com.br/comprova/ultimas-noticias/2021/06/21/e-falso-que-senadores-republicanos-tenham-descoberto-origem-da-covid-19.htm,noticias.uol.com.br,saude_ciencia,2021-06-21,1
1b9fd1f3cc42a78797ab48e0782330208cc554e9,1,-0.182406,0.089929,"Reforma da Previdência acabou com seguro-desemprego, PIS, licença e aposentadorias #boato",https://www.boatos.org/politica/reforma-da-previdencia-acabou-seguro-desemprego-pis-licenca-aposentadorias.html,boatos.org,economia,2019-07-17,1
fb4c91653fd8beda94672a038697c5ef23473b63,2,0.377116,0.012219,Saiu a comprovação científica da ivermectina e FDA aprova uso da hidroxicloroquina #boato,https://www.boatos.org/saude/saiu-comprovacao-cientifica-ivermectina-fda-aprova-uso-hidroxicloroquina.html,boatos.org,saude_ciencia,2021-05-18,1
f4607b3abf53d4b747819879fb08d964f9e44240,3,-0.129469,-0.111069,Brasil sem Miséria e governo dão cesta básica para quem compartilhar link no WhatsApp #boato,https://www.boatos.org/tecnologia/brasil-sem-miseria-governo-cesta-basica-compartilhar-link-whatsapp.html,boatos.org,golpes_plataformas,2020-04-29,1
4c886ebebbd28f280372f1d605e44cdc2cb82922,3,-0.089824,-0.147950,Programa Vale Gás está com inscrições abertas em site no WhatsApp #boato,https://www.boatos.org/tecnologia/programa-vale-gas-inscricoes-abertas-site-whatsapp.html,boatos.org,golpes_plataformas,2020-06-19,1
bbdfcf1bcbd5e3a146d4c6c5350faf3e33ab54fa,6,-0.158284,-0.099519,O desenho animado Os Simpsons previu a invasão ao Capitólio nos EUA?,https://www.e-farsas.com/o-desenho-animado-os-simpsons-previu-a-invasao-ao-capitolio-nos-eua.html,e-farsas.com,internacional,2021-01-08,1
060dff768d5bb67fc957c77c0c744e00881ef5dc,6,0.103792,-0.211074,Médica tcheca na Alemanha descreve como os imigrantes muçulmanos acabaram com o país #boato,https://www.boatos.org/mundo/medica-tcheca-alemanha-imigrantes-muculmanos-acabaram-pais.html,boatos.org,saude_ciencia,2020-02-29,1
77dc29223046b7ce12483cfcbb2f791f4f0b051a,6,-0.138223,-0.138711,É falso que o TRE-TO anulou as eleições em diversas cidades do Tocantins!,https://www.e-farsas.com/e-falso-que-o-tre-to-anulou-as-eleicoes-em-diversas-cidades-do-tocantins.html,e-farsas.com,politica_eleicoes,2020-11-18,1
c275bc59c9ab5a36b0633173bb86e5afaef3cf58,7,-0.228429,0.013184,Mulher de Bolsonaro (Michelle) já foi presa por tráfico de drogas #boato,https://www.boatos.org/politica/mulher-bolsonaro-michelle-foi-presa-trafico-drogas.html,boatos.org,politica_eleicoes,2021-06-15,1
82414b5d44ee5c7bb598e9c73401dc9ed362f7e8,7,-0.216784,-0.043339,"Globo pertence ao Bahrein, Líbia e Kuwait e atacou Bolsonaro por causa da Arábia Saudita #boato",https://www.boatos.org/entretenimento/rede-globo-bahrein-libia-kuwait-bolsonaro-arabia-saudita.html,boatos.org,politica_eleicoes,2019-11-01,1
f1dc0098873c49b1d1ed1a4d23eda0d340a22e9b,6,0.102323,-0.214271,Família Koslov: Uma família de seres humanos mutantes mora em Chernobyl?,https://www.e-farsas.com/familia-koslov-uma-familia-de-seres-humanos-mutantes-mora-em-chernobyl.html,e-farsas.com,politica_eleicoes,2019-06-11,1
ee23ff9dd86b76a4a276e6a13dde19614c05aded,7,-0.009789,0.009615,Empresários de Santos (SP) e Uberaba (MG) escrevem carta aberta contra o lockdown #boato,https://www.boatos.org/brasil/empresarios-santos-uberaba-escrevem-carta-aberta-contra-lockdown.html,boatos.org,saude_ciencia,2021-03-12,1
05e2aef41994c39eee109d316ae5c60f4bcf0e47,7,-0.132418,-0.130503,É falsa afirmação de que vídeo mostra apreensão de diamante em ONG,https://noticias.uol.com.br/comprova/ultimas-noticias/2019/09/13/e-falso-que-video-mostre-apreensao-de-diamante-gigante-na-amazonia.htm,noticias.uol.com.br,politica_eleicoes,2019-09-13,1
c7920efb022a48d1b01c8df809b49920a4d117c8,1,-0.140338,0.079560,É #FAKE que Weintraub terá acesso a contas de ministros do STF quando ocupar cargo de diretor do Banco Mundial | G1,https://g1.globo.com/fato-ou-fake/noticia/2020/06/27/e-fake-que-weintraub-tera-acesso-a-contas-de-ministros-do-stf-quando-ocupar-cargo-de-diretor-do-banco-mundial.ghtml,g1.globo.com,economia,2020-06-27,1
ec6837e2b9dde03eed0af4b1bbeae31fc98acf2a,5,-0.163260,0.002767,"Cédulas queimadas em vídeo são amostras, não as oficiais utilizadas nas eleições dos EUA",https://checamos.afp.com//cedulas-queimadas-em-video-sao-amostras-nao-oficiais-utilizadas-nas-eleicoes-dos-eua,checamos.afp.com,politica_eleicoes,2024-04-17,1
5c8ce7fc3e365592afd05bc69b7b14859435770f,4,0.339833,-0.074577,China mata 20 mil pacientes com coronavírus após pedir autorização para tribunal #boato,https://www.boatos.org/mundo/china-mata-20-mil-pacientes-coronavirus-autorizacao.html,boatos.org,saude_ciencia,2020-02-19,3
aa4c264a4b33fb1cdc956b813a8ee2a7323e6006,6,-0.071750,-0.216649,"Irmão leva um tiro na cabeça, levanta e sai andando! Milagre?",https://www.e-farsas.com/irmao-leva-um-tiro-na-cabeca-levanta-e-sai-andando-milagre.html,e-farsas.com,golpes_plataformas,2019-12-20,2
cc3a6ae3082e1fa09ae02a92782ac4f2aeee4ce7,7,-0.117683,-0.018451,O jornal The New York Times publicou na capa as manifestações a favor do Bolsonaro?,https://www.e-farsas.com/o-jornal-the-new-york-times-publicou-na-capa-as-manifestacoes-a-favor-do-bolsonaro.html,e-farsas.com,politica_eleicoes,2021-05-04,1
829aa7c701e179a876a65a45fc23a887636db300,6,0.041986,-0.174906,Vidente espanhola Nube de María previu quarentena em programa de 24/12/2019 #boato,https://www.boatos.org/entretenimento/vidente-espanhola-nube-maria-previu-quarentena-programa-24-12-2019.html,boatos.org,saude_ciencia,2020-03-31,1
28fdeb1df01d686e2d60aa5c58963edcab21dc0b,7,-0.221089,0.032283,Militante LGBT petista matou um idoso de 75 anos em Rio das Ostras/RJ?,https://www.e-farsas.com/militante-lgbt-petista-matou-um-idoso-de-75-anos-em-rio-das-ostras-rj.html,e-farsas.com,seguranca_justica,2019-05-30,2
7877bd1359aadb426346ac6a9e375f0bb2376d0b,3,0.090729,-0.253109,É #FAKE que estudo realizado em Harvard indica que isolamento social não é bom para conter o avanço do novo coronavírus | G1,https://g1.globo.com/fato-ou-fake/coronavirus/noticia/2020/04/16/e-fake-que-estudo-realizado-em-harvard-indica-que-isolamento-social-nao-e-bom-para-conter-o-avanco-do-novo-coronavirus.ghtml,g1.globo.com,saude_ciencia,2020-04-16,1
e9a93b904a60578f1ed66750533b26fc02bdbebb,1,-0.197235,0.143955,Troca de cédulas de 50 e 100 reais é aprovada e será implementada por Bolsonaro #boato,https://www.boatos.org/politica/troca-cedulas-50-100-reais-aprovada-sera-implementada-bolsonaro.html,boatos.org,politica_eleicoes,2020-07-20,1
7ef0880270a6fa9f92ec471c1a3452d0e1f517f2,5,-0.208595,0.070288,Foto de Aurora Boreal vista de uma caverna na Islândia é verdadeira ou falsa?,https://www.e-farsas.com/foto-de-aurora-boreal-vista-de-uma-caverna-na-islandia-e-verdadeira-ou-falsa.html,e-farsas.com,politica_eleicoes,2020-06-23,2
7009beb5f905622440f44527567bccfa4e5b85dd,1,-0.158462,0.087204,Venezuelanos descartaram notas de dinheiro nas ruas devido a desvalorização da moeda?,https://www.e-farsas.com/venezuelanos-descartaram-notas-de-dinheiro-nas-ruas-devido-a-desvalorizacao-da-moeda.html,e-farsas.com,economia,2019-04-07,1
f4585da6c3e48e5dd4ff37007cc45698ba26ad54,2,0.322731,0.144059,Posts enganam ao comparar spray nasal patenteado com tratamento precoce : Projeto Comprova,https://projetocomprova.com.br/publicações/posts-enganam-ao-comparar-spray-nasal-patenteado-com-tratamento-precoce/,projetocomprova.com.br,saude_ciencia,2021-06-09,2
e09397510af2672254ab4acab3083d5ae7a3e9fd,0,0.364857,-0.063995,É #FAKE que a Covid é um plano internacional de controle e redução da população lançado em 2020 | G1,https://g1.globo.com/fato-ou-fake/coronavirus/noticia/2020/09/01/e-fake-que-a-covid-e-um-plano-internacional-de-controle-e-reducao-da-populacao-lancado-em-2020.ghtml,g1.globo.com,saude_ciencia,2020-09-01,1
7b0a41064ff1689b91ab39f09960961d9b1b7347,4,0.340788,-0.060088,O texto sobre amostras falsas de covid-19 contém informações incorretas e sua autoria é duvidosa,https://checamos.afp.com//o-texto-sobre-amostras-falsas-de-covid-19-contem-informacoes-incorretas-e-sua-autoria-e-duvidosa,checamos.afp.com,saude_ciencia,2024-04-17,1
90e0bae7c24f4048b3b25e9cdcc5c3caade22367,4,0.275297,-0.020515,É falso que senadores republicanos tenham descoberto origem da covid-19 : Projeto Comprova,https://projetocomprova.com.br/publicações/e-falso-que-senadores-republicanos-tenham-descoberto-origem-da-covid-19/,projetocomprova.com.br,saude_ciencia,2021-06-21,1
371beacb3539e609531a0b6d54a2273b64295fb1,1,-0.160821,0.082776,Ford desiste de fechar fábricas e não vai mais sair do Brasil #boato,https://www.boatos.org/brasil/ford-desiste-fechar-fabricas-nao-vai-mais-sair-brasil.html,boatos.org,politica_eleicoes,2021-01-14,1
136902b84b5c814f129879d6249845c115c27e17,5,-0.207604,0.047610,Candidata a vereadora de Palmas/TO teve seus votos reduzidos de 1111 para 58?,https://www.e-farsas.com/candidata-a-vereadora-de-palmas-to-teve-seus-votos-reduzidos-de-1111-para-58.html,e-farsas.com,politica_eleicoes,2020-11-18,1
80d941e2d6d58062edee5071460ba4e99ecfa1bf,7,-0.297427,0.138350,Gleisi Hoffmann vai ao camarote do PT no Fortal e é hostilizada por foliões #boato,https://www.boatos.org/politica/gleisi-hoffmann-camarote-pt-fortal-hostilizada.html,boatos.org,politica_eleicoes,2019-07-29,1
ab11e63a4b101b447dcacad49b9097dcfee0411f,4,0.183146,-0.230649,Pessoas no Canadá são informadas sobre o coronavírus com teste da respiração #boato,https://www.boatos.org/mundo/pessoas-canada-informadas-coronavirus-teste-respiracao.html,boatos.org,saude_ciencia,2020-03-14,1
910723d38be0b674ffed5387a060e138c31ba782,4,0.294637,-0.183004,É verdade que sempre surge uma grande epidemia no ano 20 de cada século?,https://www.e-farsas.com/e-verdade-que-sempre-surge-uma-grande-epidemia-no-ano-20-de-cada-seculo.html,e-farsas.com,saude_ciencia,2020-02-13,1
9a6b48c10fa8e373180b1ed9085cc419aef4594a,6,-0.107575,-0.195446,"Barragem da Belo Monte acaba de se romper, mostra vídeo #boato",https://www.boatos.org/brasil/barragem-belo-monte-acaba-romper.html,boatos.org,golpes_plataformas,2019-02-17,1
f365a3d41bbd41a3cdb2a88f43ef3c634c98ffe9,4,0.085760,-0.130822,Publicação no Facebook previu a pandemia de COVID-19?,https://www.e-farsas.com/publicacao-no-facebook-previu-a-pandemia-de-covid-19.html,e-farsas.com,politica_eleicoes,2020-11-10,2
22fcba82f881ddd2b821eb0607687ffa8a0666ca,6,-0.078242,-0.260369,"Objetos atribuídos ao ""serial killer"" Ed Gein são realmente feitos de pele humana?",https://www.e-farsas.com/objetos-atribuidos-ao-serial-killer-ed-gein-sao-realmente-feitos-de-pele-humana.html,e-farsas.com,seguranca_justica,2019-07-05,1
6e76f02ba94114eb8d11f766eea4979a55fba799,4,0.312566,-0.081284,Fiocruz diz que o coronavírus é maior do que o normal e recomenda gargarejar água morna #boato,https://www.boatos.org/saude/fiocruz-coronavirus-maior-normal-recomenda-gargarejar-agua-morna.html,boatos.org,saude_ciencia,2020-03-16,1
29ee4abb1d00f1a323f7301e03ca3c1625fbc2f3,7,-0.316713,0.178486,Como verificamos: a obra do governo Lula usada para elogiar Bolsonaro,https://noticias.uol.com.br/comprova/ultimas-noticias/2019/12/16/como-verificamos-foto-de-obra-do-governo-lula-usada-para-elogiar-bolsonaro.htm,noticias.uol.com.br,politica_eleicoes,2019-12-16,1
d75e290d8f0fee28702601e04672e38c41ea5cec,7,-0.157836,0.176398,"Toffoli, Maia e Alcolumbre criaram a quarentena em um pacto para derrubar Bolsonaro #boato",https://www.boatos.org/politica/toffoli-maia-alcolumbre-quarentena-pacto-derrubar-bolsonaro.html,boatos.org,politica_eleicoes,2020-03-23,1
9a02e67f8973b58885b2f77a5b213d8f08e46fef,1,-0.166158,0.172027,É falso que Paulo Guedes tenha publicado tuíte criticando o Congresso,https://noticias.uol.com.br/comprova/ultimas-noticias/2019/09/19/e-falso-que-paulo-guedes-tenha-publicado-tuite-criticando-o-congresso.htm,noticias.uol.com.br,politica_eleicoes,2019-09-19,1
0e06dc9b7901066ce014dad978b1308e274520c7,7,-0.320493,0.097321,Carta da Shell da década de 80 mostra uma raridade sobre Lula #boato,https://www.boatos.org/politica/carta-da-shell-da-decada-de-80-mostra-uma-raridade-sobre-lula-boato.html,boatos.org,politica_eleicoes,2020-10-16,1
a488386caedc4f6b9e2cd50efe7955fadba610b4,6,-0.178512,-0.125339,Montagem falsifica encontro de Evo com traficantes Pablo Escobar e El Chapo,https://noticias.uol.com.br/confere/ultimas-noticias/2019/11/15/evo-morales-bolivia-traficantes-pablo-escobar-e-el-chapo.htm,noticias.uol.com.br,politica_eleicoes,2019-11-15,1
8533dc0aa35d409636644f2fa206d42700fcbc4e,0,0.358394,0.126170,CoronaVac é analisada por agência sanitária da Europa e uso emergencial foi validado pela OMS,https://checamos.afp.com//coronavac-e-analisada-por-agencia-sanitaria-da-europa-e-uso-emergencial-foi-validado-pela-oms,checamos.afp.com,saude_ciencia,2024-04-17,1
24b3e4c9cca6631b080092a324b4ced53579721a,1,-0.212396,0.305526,"Em sabatina, Renata Souza erra comparações com outras candidaturas",https://noticias.uol.com.br/confere/ultimas-noticias/2020/10/28/em-sabatina-renata-souza-erra-comparacoes-com-outras-candidaturas.htm,noticias.uol.com.br,politica_eleicoes,2020-10-28,1
370cf507ae227d68798d88ab56e600a6357782a0,2,0.221553,-0.044465,"Episódio da série ""O Vidente"" previu o novo coronavírus e o uso da cloroquina?",https://www.e-farsas.com/episodio-da-serie-o-vidente-previu-o-novo-coronavirus-e-o-uso-da-cloroquina.html,e-farsas.com,saude_ciencia,2020-06-14,1
ef3d85ed0e1bae3cb3c32870174d816cf35757f2,0,0.287133,-0.107343,Enfermeira desmaiou gravemente por causa de efeito da vacina contra Covid-19 #boato,https://www.boatos.org/mundo/enfermeira-desmaiou-gravemente-causa-efeito-vacina-covid-19.html,boatos.org,saude_ciencia,2020-12-19,1
47aca4436480db3fbd060b21b2bee1d349169532,3,0.166085,-0.233859,É #FAKE texto que diz que vitamina C e limão combatem o coronavírus | G1,https://g1.globo.com/fato-ou-fake/noticia/2020/03/02/e-fake-texto-que-diz-que-vitamina-c-e-limao-combatem-o-coronavirus.ghtml,g1.globo.com,saude_ciencia,2020-03-02,2
ad16fe3a529a41f806e3a1db4407c8ef812a0305,3,-0.067398,-0.286762,Ganhe créditos no seu celular com novo método grátis em site #boato,https://www.boatos.org/tecnologia/ganhe-creditos-celular-metodo.html,boatos.org,golpes_plataformas,2017-08-02,1
408205aaa7d189b6d3bb86be4e25259c195ed85d,1,-0.267469,0.161466,Veja o que é #FATO ou #FAKE nas declarações dos candidatos à Prefeitura do Rio na 1ª semana de campanha do 2º turno | G1,https://g1.globo.com/fato-ou-fake/noticia/2020/11/21/veja-o-que-e-fato-ou-fake-nas-declaracoes-dos-candidatos-a-prefeitura-do-rio-na-1a-semana-de-campanha-do-2o-turno.ghtml,g1.globo.com,politica_eleicoes,2020-11-21,1
7915e35a037a179b98f1e6371a1d1e4e99e92593,4,0.052364,0.106819,"Empresários de Belo Horizonte, Juiz de Fora, Viçosa, Curitiba e Fortaleza escrevem carta aberta pregando desobediência ao lockdown #boato",https://www.boatos.org/brasil/empresarios-de-belo-horizonte-juiz-de-fora-vicosa-curitiba-fortaleza-escrevem-carta-aberta-pregando-desobediencia-lockdown.html,boatos.org,saude_ciencia,2021-03-18,1
badc5937cd47aa70095704981205d3c3dacf6bf5,7,-0.175627,0.001208,Eduardo Braga grava áudio falando sobre falta de oxigênio no Amazonas #boato,https://www.boatos.org/politica/eduardo-braga-grava-audio-falando-sobre-falta-oxigenio-amazonas.html,boatos.org,politica_eleicoes,2021-01-21,1
29b2d2ff773d70c150247fc8dad65099a0a93c19,4,0.171056,-0.205473,Este vídeo foi gravado no Azerbaijão em outubro de 2019 e não tem relação com o coronavírus,https://checamos.afp.com//este-video-foi-gravado-no-azerbaijao-em-outubro-de-2019-e-nao-tem-relacao-com-o-coronavirus,checamos.afp.com,seguranca_justica,2024-11-29,1
3279c57ffcf7f1c4c56a09eec24e7915b818c943,1,0.032461,0.156750,Texto usa erroneamente dados preliminares para ligar queda de homicídios a aumento de armas de fogo : Projeto Comprova,https://projetocomprova.com.br/publicações/texto-usa-erroneamente-dados-preliminares-para-ligar-queda-de-homicidios-a-aumento-de-armas-de-fogo/,projetocomprova.com.br,politica_eleicoes,2020-10-06,1
db45a0965e3d5455ef2a39dc9800c40edded073f,1,-0.292835,0.124875,Refinarias brasileiras que estavam na Bolívia foram vendidas por 112 milhões de dólares,https://checamos.afp.com//refinarias-brasileiras-que-estavam-na-bolivia-foram-vendidas-por-112-milhoes-de-dolares,checamos.afp.com,politica_eleicoes,2024-04-17,1
e7a2262fbb1ba324fcd014aa02e62fde478915a2,3,0.061322,-0.238454,Criança tem câncer no sangue e vai ganhar R$ 1 por visualização no WhatsApp #boato,https://www.boatos.org/tecnologia/crianca-tem-cancer-sangue-vai-ganhar-r-1-visualizacao-whatsapp.html,boatos.org,golpes_plataformas,2021-08-25,1
70f53eaaf0bac1c8feb96af5e8e90381a31cb393,6,-0.086641,-0.134011,"Vassouras estão em pé por causa de “bug” na rotação da Terra, diz Nasa #boato",https://www.boatos.org/ciencia/vassouras-em-pe-bug-rotacao-terra-nasa.html,boatos.org,golpes_plataformas,2020-02-08,1
332d50d478f64d868ea8353e99d2282ead97c60a,1,-0.188788,0.091780,Zema aceita desafio de zerar o ICMS de combustíveis em Minas Gerais #boato,https://www.boatos.org/politica/zema-zerar-icms-combustiveis-minas-gerais.html,boatos.org,politica_eleicoes,2021-02-17,1
39644393a827140d365c597b2c8aeac779f17b28,7,-0.061497,0.136606,Homem foi preso por crime militar e não por criticar compra de ventiladores,https://noticias.uol.com.br/comprova/ultimas-noticias/2020/06/23/homem-foi-preso-por-crime-militar-e-nao-por-criticar-compra-de-ventiladores.htm,noticias.uol.com.br,seguranca_justica,2020-06-23,1
9b008903ec4fb48fc26c2b56bd8cc99dcd2017e9,6,-0.056003,-0.119078,Ceagesp vai reaproveitar peixes e frutas contaminados pela chuva em SP #boato,https://www.boatos.org/brasil/ceagesp-reaproveitar-peixes-frutas-contaminados-chuva-sp.html,boatos.org,meio_ambiente,2020-02-12,1
3729f756df94bc5d7c85e293cf48c1d36b76deef,4,0.252597,-0.074923,É #FAKE que pesquisa mostra que vapor de eucalipto protege ambientes do coronavírus | G1,https://g1.globo.com/fato-ou-fake/coronavirus/noticia/2020/05/05/e-fake-que-pesquisa-mostra-que-vapor-de-eucalipto-protege-ambientes-do-coronavirus.ghtml,g1.globo.com,saude_ciencia,2020-05-05,2
a9dd15a1025b32684431d837e914c433c808aa0a,2,0.306615,-0.012413,É #FAKE que água tônica seja eficaz contra o novo coronavírus | G1,https://g1.globo.com/fato-ou-fake/coronavirus/noticia/2020/04/16/e-fake-que-agua-tonica-seja-eficaz-contra-o-novo-coronavirus.ghtml,g1.globo.com,saude_ciencia,2020-04-16,1
30ed7fd4ef2ea9c21fcb393ab53e01797528a230,4,0.151348,0.085895,Vídeo dissemina informações falsas para afirmar que a pandemia é um plano de controle populacional : Projeto Comprova,https://projetocomprova.com.br/publicações/video-dissemina-informacoes-falsas-para-afirmar-que-a-pandemia-e-um-plano-de-controle-populacional/,projetocomprova.com.br,saude_ciencia,2020-10-20,1
1846b278654f553e1ec9bb0da51bb19732f1c29f,5,-0.229262,0.106469,É #FAKE que software das urnas eleitorais pode ser manipulado por estrangeiros que detêm o código dos equipamentos | G1,https://g1.globo.com/fato-ou-fake/noticia/2020/10/21/e-fake-que-software-das-urnas-eleitorais-pode-ser-manipulado-por-estrangeiros-que-detem-o-codigo-dos-equipamentos.ghtml,g1.globo.com,politica_eleicoes,2020-10-21,1
65d1ba7f33053cc480da033422a4bda3c87fd769,4,0.298335,0.147037,Estudo sem revisão não prova que uso de máscaras é ineficaz contra covid-19,https://noticias.uol.com.br/comprova/ultimas-noticias/2021/06/14/estudo-sem-revisao-nao-prova-que-uso-de-mascaras-e-ineficaz-contra-covid-19.htm,noticias.uol.com.br,saude_ciencia,2021-06-14,1
243db64ab25d64ff265eefb7fbe195793e66f849,6,-0.126896,-0.265729,Cantora e ex-atriz Taylor Momsen fugiu de maneira espetacular dos paparazzi?,https://www.e-farsas.com/cantora-e-ex-atriz-taylor-momsen-fugiu-de-maneira-espetacular-dos-paparazzi.html,e-farsas.com,politica_eleicoes,2019-11-04,1
1959de591d50a5872d23d7196acb19475d144886,5,-0.103873,-0.010625,Ministério da Educação (MEC) cria votação sobre Hino Nacional nas escolas #boato,https://www.boatos.org/tecnologia/ministerio-educacao-votacao-hino-nacional.html,boatos.org,golpes_plataformas,2019-03-01,2
d770940ea5552acd2b2e47cf5994cb400d95200b,2,0.393043,-0.007752,É #FAKE que estudo feito em 2005 comprova eficácia da cloroquina contra a Covid-19 | G1,https://g1.globo.com/fato-ou-fake/coronavirus/noticia/2020/08/21/e-fake-que-estudo-feito-em-2005-comprova-eficacia-da-cloroquina-contra-a-covid-19.ghtml,g1.globo.com,saude_ciencia,2020-08-21,2
12c1bc5639c36a2a2f1dd9231914675023542222,1,-0.250179,0.204749,Checamos quantos litros de gasolina foi possível comprar com o salário mínimo desde 2001,https://checamos.afp.com//checamos-quantos-litros-de-gasolina-foi-possivel-comprar-com-o-salario-minimo-desde-2001,checamos.afp.com,economia,2024-04-17,1
42907f71e3f7e0e7845d663389e1d979e7762ba6,3,-0.064951,0.016006,Governo dá desconto de 80% no IPVA 2020 com programa IPVA Cidadão no WhatsApp #boato,https://www.boatos.org/tecnologia/governo-desconto-80-ipva-2020-programa-ipva-cidadao-whatsapp.html,boatos.org,golpes_plataformas,2019-11-17,2
204a1c9deff774baa6a453ed91e8166a87e12c9b,4,0.183674,0.221428,É falso que 52 municípios zeraram o número de mortes por covid-19 ao adotarem o chamado ‘tratamento precoce’ : Projeto Comprova,https://projetocomprova.com.br/publicações/e-falso-que-52-municipios-zeraram-o-numero-de-mortes-por-covid-19-ao-adotarem-o-chamado-tratamento-precoce/,projetocomprova.com.br,saude_ciencia,2021-05-12,1
8796e9b358155796cd0091d6502a8d995101aecf,0,0.216656,0.215062,Diagnóstico positivo de Doria para covid não indica ineficácia da Coronavac,https://noticias.uol.com.br/comprova/ultimas-noticias/2021/07/16/diagnostico-positivo-de-doria-nao-indica-ineficacia-da-coronavac.htm,noticias.uol.com.br,saude_ciencia,2021-07-16,1
cbb8c9cc0d99d6132b03f1601323191d05d98df4,2,0.388027,0.068040,Annita (Nitazoxanida) é descoberta como a cura da Covid-19 (coronavírus) #boato,https://www.boatos.org/saude/annita-nitazoxanida-descoberta-cura-covid-19-coronavirus.html,boatos.org,saude_ciencia,2020-04-17,1
a97ab6ecadfb6c5a07b88aa3dcd8a09f4ce3c8a4,2,0.471231,0.161927,Site engana ao afirmar que há consenso médico para tratamento de covid-19 : Projeto Comprova,https://projetocomprova.com.br/publicações/site-engana-ao-afirmar-que-ha-consenso-medico-para-tratamento-de-covid-19/,projetocomprova.com.br,saude_ciencia,2021-03-05,2
018c5ed797c1984930b4e57139e9d396e1922309,2,0.376217,0.000031,Receita de 'medicina natural' não combate a covid-19,https://noticias.uol.com.br/comprova/ultimas-noticias/2020/07/14/receita-de-medicina-natural-nao-combate-a-covid-19.htm,noticias.uol.com.br,saude_ciencia,2020-07-14,1
41992238edcc0efcf3de71dfdbc0284e9e6117e5,0,0.337732,0.148075,Medidas de proteção contra a covid-19 ainda deverão ser mantidas após o recebimento das doses da vacina : Projeto Comprova,https://projetocomprova.com.br/publicações/medidas-de-protecao-contra-a-covid-19-ainda-deverao-ser-mantidas-apos-o-recebimento-das-doses-da-vacina/,projetocomprova.com.br,saude_ciencia,2021-04-16,1
82c4025184aa1ca61574f254cc85c4417bdbc3c2,7,-0.196131,0.044608,"Faculdade Unipec, de São Paulo, usa fotos de ministros do STF em um outdoor #boato",https://www.boatos.org/brasil/faculdade-unipec-fotos-ministros-stf-outdoor.html,boatos.org,seguranca_justica,2019-08-31,1
244ab9d3432a55ee6a45db535983c78270dd92d3,0,0.296377,0.015186,Morte de voluntário não está relacionada a alterações neurológicas causadas por vacina : Projeto Comprova,https://projetocomprova.com.br/publicações/morte-de-voluntario-nao-esta-relacionada-a-alteracoes-neurologicas-causadas-por-vacina/,projetocomprova.com.br,saude_ciencia,2020-11-17,1
9d358b24aad8599346df766d4782df39aaf6f2bc,7,-0.135312,0.030052,Mensagem falsa diz que Bolsonaro proibiu droga e isso gerou manifestações,https://noticias.uol.com.br/confere/ultimas-noticias/2019/05/30/bolsonaro-nao-assinou-decreto-que-proibe-drogas-em-universidades.htm,noticias.uol.com.br,politica_eleicoes,2019-05-30,1
289aeae34c817a36a07f8371a8de88742027168f,7,-0.236544,0.090804,"Janaina Paschoal escreve texto ""a fonte secou"" criticando imprensa do Brasil #boato",https://www.boatos.org/politica/janaina-paschoal-texto-imprensa.html,boatos.org,politica_eleicoes,2019-01-24,1
d1998daccbd0b49cf99dd1bd3296d5927226f32a,6,-0.048764,-0.060033,"Ceasa do Rio foi alagado e frutas, legumes e verduras estão infectados #boato",https://www.boatos.org/brasil/ceasa-rio-alagado-frutas-legumes-infectados.html,boatos.org,golpes_plataformas,2019-04-11,1
3583133424dd2318ca03e740b495a2f0ba0ea2b2,5,-0.220509,0.209324,"Rodrigo Pacheco, presidente do Senado, acatou projeto do voto impresso e colocou para votação #boato",https://www.boatos.org/politica/rodrigo-pacheco-senado-acatou-voto-impresso.html,boatos.org,politica_eleicoes,2021-07-03,1
763da6ba356264d774c8b6ef4d079502052fb1a5,1,-0.242180,0.044679,"Inventário de dona Marisa mostra que ela ganhou R$ 12 milhões ""do nada"" #boato",https://www.boatos.org/politica/inventario-dona-marisa-do-nada.html,boatos.org,politica_eleicoes,2019-04-12,1
02be9b582d73811ed93bcacb515afd76eec7d458,0,0.440246,0.060902,A farmacêutica Merck não disse que é mais eficaz contrair covid-19 do que se vacinar,https://checamos.afp.com//farmaceutica-merck-nao-disse-que-e-mais-eficaz-contrair-covid-19-do-que-se-vacinar,checamos.afp.com,saude_ciencia,2024-04-17,1
30bf7e95ca2017380bc151b364cb94f01a41b305,2,0.405817,0.108914,"É #FAKE que OMS pediu desculpas por erro, mudou posicionamento e agora recomenda hidroxicloroquina para tratar a Covid-19 | G1",https://g1.globo.com/fato-ou-fake/coronavirus/noticia/2020/08/31/e-fake-que-oms-pediu-desculpas-por-erro-mudou-posicionamento-e-agora-recomenda-hidroxicloroquina-para-tratar-a-covid-19.ghtml,g1.globo.com,saude_ciencia,2020-08-31,1
22d7bef58b153d04750ea7ea7927154599d10266,6,-0.152554,-0.055072,Bandeira antifascista no prédio do Partido Comunista Alemão é verdadeira ou falsa?,https://www.e-farsas.com/bandeira-antifascista-no-predio-do-partido-comunista-alemao-e-verdadeira-ou-falsa.html,e-farsas.com,politica_eleicoes,2020-06-12,1
9fb1c294af6865a2cadc22debe9e85853ea92f5b,6,-0.145062,-0.040091,George Soros foi preso na Filadélfia (EUA) por fraude nas eleições #boato,https://www.boatos.org/mundo/george-soros-preso-filadelfia-eua-fraude-eleicoes.html,boatos.org,internacional,2020-11-26,1
9cbf7e93645ea76b0021467009326c3a692e2476,6,-0.037174,-0.062485,"Araras são filmadas na Lagoa Rodrigo de Freitas, no Rio de Janeiro, durante pandemia #boato",https://www.boatos.org/brasil/araras-filmadas-lagoa-rodrigo-freitas-rio-de-janeiro-pandemia.html,boatos.org,saude_ciencia,2020-07-16,1
c04de734e769c4265a7d08cca2826de4c456b30c,4,0.212149,0.040555,Israel não adota isolamento e tem a melhor situação do mundo em relação ao coronavírus #boato,https://www.boatos.org/mundo/israel-nao-adota-isolamento-melhor-situacao-coronavirus.html,boatos.org,internacional,2020-03-26,1
22bba2082e3115ed6c4b63f186ebee14817f9904,1,-0.101499,0.253568,Post omite que STF fez governo liberar R$ 12 mi para tratamento de criança,https://noticias.uol.com.br/comprova/ultimas-noticias/2020/09/21/post-omite-que-stf-fez-governo-liberar-r-12-mi-para-tratamento-de-crianca.htm,noticias.uol.com.br,saude_ciencia,2020-09-21,1
2c7483c83bf94024b55e7b5c0a37840851d29c59,7,-0.222588,-0.077918,Homem preso por atear fogo à mata no Amazonas não foi pago pelo MTST,https://noticias.uol.com.br/comprova/ultimas-noticias/2019/08/30/homem-preso-por-atear-fogo-a-mata-no-amazonas-nao-foi-pago-pelo-mtst.htm,noticias.uol.com.br,golpes_plataformas,2019-08-30,1
1c2df308ac22fe8f16fecfa26245edf49bd3737b,5,-0.192668,0.262024,Posts enganam ao afirmar que voto impresso já é lei : Projeto Comprova,https://projetocomprova.com.br/publicações/posts-enganam-ao-afirmar-que-voto-impresso-ja-e-lei/,projetocomprova.com.br,politica_eleicoes,2021-07-19,1
bde7a0fd95a93cee7b4fe356f4fadab497a8a7a9,6,0.022672,-0.091454,Será verdade que insetos e répteis vivos ou fossilizados foram descobertos em Marte?,https://www.e-farsas.com/sera-verdade-que-insetos-e-repteis-vivos-ou-fossilizados-foram-descobertos-em-marte.html,e-farsas.com,internacional,2019-11-25,1
16f9cf0374b348fd64932a9d3da9c2e7548aed53,4,0.182484,-0.161944,Morto fumando em caminhão mostra que pandemia é uma fraude #boato,https://www.boatos.org/saude/morto-fumando-caminhao-mostra-pandemia-uma-fraude.html,boatos.org,saude_ciencia,2021-03-31,1
dd197fd4f822c7b7471cf892d3e385174cf07183,7,-0.191807,0.052721,Mourão não publicou post dizendo que começou a incomodar governo Bolsonaro,https://noticias.uol.com.br/confere/ultimas-noticias/2019/02/21/mourao-nao-publicou-post-sobre-ciumes-que-tem-despertado.htm,noticias.uol.com.br,politica_eleicoes,2019-02-21,1
0ca76b93cbfa11e50c1abb16d7b23c06bd765ab4,4,0.089895,-0.121190,Dra. Natalia Pasternak mentiu no currículo e se apresenta de forma falsa como bióloga #boato,https://www.boatos.org/saude/dra-natalia-pasternak-mentiu-curriculo-falsa-biologa.html,boatos.org,saude_ciencia,2020-09-08,1
fda7caa0de28106de59ed22a95887f18276baf22,3,-0.057925,-0.269304,Compartilhe texto para fazer bypass de algoritmo do Facebook #boato,https://www.boatos.org/tecnologia/compartilhe-text-bypass-algoritmo-facebook.html,boatos.org,golpes_plataformas,2020-10-31,1
7002681bb7f8aa8a49aeaf5a4d4c9ff32e62f0fb,7,-0.237104,-0.118576,"Felipe Neto falou mal das mulheres e quase bateu na mãe, mostra vídeo #boato",https://www.boatos.org/entretenimento/felipe-neto-falou-mal-mulheres-quase-bateu-mae.html,boatos.org,golpes_plataformas,2020-08-09,1
6f092cff64c8958c34fcbd4ceaae24bccf559813,7,-0.262775,0.140895,Lula não foi a enterros de 2 meios-irmãos; ditadura o deixou ir no da mãe,https://noticias.uol.com.br/confere/ultimas-noticias/2019/01/30/lula-nao-foi-a-enterros-de-2-meios-irmaos-ditadura-o-deixou-ir-no-da-mae.htm,noticias.uol.com.br,politica_eleicoes,2019-01-30,1
1047037b5f5219e79f12ba5f3eb9ba30b19fbb32,7,-0.275422,0.030893,"Se eu precisar de apoio, peço a um desses b... para pegar uma bandeira, diz Bolsonaro #boato",https://www.boatos.org/politica/se-eu-precisar-apoio-peco-um-b-pegar-bandeira-diz-bolsonaro.html,boatos.org,politica_eleicoes,2020-05-23,1
bbd97a0f4aa170240ce1683472740211d13ea88c,1,-0.210611,0.098241,"Para desqualificar presidente da UNE, boato diz que ele estuda Ciências Sociais há 15 anos : Projeto Comprova",https://projetocomprova.com.br/publicações/para-desqualificar-presidente-da-une-boato-diz-que-ele-estuda-ciencias-sociais-ha-15-anos/,projetocomprova.com.br,politica_eleicoes,2021-04-12,1
ed31bd4bacc251d739e7327db055e27f8aeec124,1,-0.178799,0.251315,Constituição não permite a revogação de mandato político por assinaturas,https://noticias.uol.com.br/comprova/ultimas-noticias/2021/07/14/constituicao-nao-permite-a-revogacao-de-mandato-politico-por-assinaturas.htm,noticias.uol.com.br,politica_eleicoes,2021-07-14,2
72685d7754dfb01d3483ca334a5777433e905794,7,-0.117429,-0.009608,É #FAKE que vídeos mostrem ação de traficantes em comunidade do Rio após decisão do STF | G1,https://g1.globo.com/fato-ou-fake/noticia/2020/08/20/e-fake-que-videos-mostrem-acao-de-traficantes-em-comunidade-do-rio-apos-decisao-do-stf.ghtml,g1.globo.com,seguranca_justica,2020-08-20,1
b6e7eef4ddd4cfcab20c3f0832d709357602a14f,0,0.225566,-0.103703,"Esta foto não mostra a família de Ugur Sahin, responsável pela primeira vacina contra a covid-19",https://checamos.afp.com//esta-foto-nao-mostra-familia-de-ugur-sahin-responsavel-pela-primeira-vacina-contra-covid-19,checamos.afp.com,saude_ciencia,2025-11-12,2
f2aa991d082be4ae811913dadeafdcf14b72e31b,6,-0.118209,-0.258824,Príncipe Charles beijou um rapaz e é gay #boato,https://www.boatos.org/entretenimento/principe-charles-beijou-rapaz.html,boatos.org,golpes_plataformas,2016-06-02,1
6ba0328391fbcd42cabfce84527d797f7ba7194d,5,-0.257490,0.264104,Será verdade que as urnas eletrônicas brasileiras não são auditáveis?,https://www.e-farsas.com/sera-verdade-que-as-urnas-eletronicas-brasileiras-nao-sao-auditaveis.html,e-farsas.com,politica_eleicoes,2020-09-30,1
a9599205ea46e66cc18c6b8c762a389d4601bc6f,1,-0.213638,0.074726,É falso que família de Ciro tenha provocado atraso em transposição,https://noticias.uol.com.br/comprova/ultimas-noticias/2020/07/07/e-falso-que-familia-de-ciro-tenha-provocado-atraso-em-transposicao.htm,noticias.uol.com.br,politica_eleicoes,2020-07-07,1
6ab0306f44e18eda0bec66c67db1b74b5ba45a90,0,0.304343,0.140619,A voluntária que contou aos meios de comunicação as possíveis reações à vacina faz parte dos testes de Oxford,https://checamos.afp.com//voluntaria-que-contou-aos-meios-de-comunicacao-possiveis-reacoes-vacina-faz-parte-dos-testes-de,checamos.afp.com,saude_ciencia,2024-04-17,1
16deae07c6049aebe4504e584d0729248d04c314,5,-0.245030,0.192693,Não há registro de que Palocci tenha dito que as urnas foram encomendadas para fraudar eleições,https://checamos.afp.com//nao-ha-registro-de-que-palocci-tenha-dito-que-urnas-foram-encomendadas-para-fraudar-eleicoes,checamos.afp.com,politica_eleicoes,2024-04-17,1
7fd053ead9efbab723cb597d02ca4e28b6cbad64,1,-0.171901,0.278911,UOL Confere Debate Eleições 2020: Quem acertou e quem errou na disputa de SP,https://noticias.uol.com.br/confere/ultimas-noticias/2020/10/02/debate-band-candidatos-acertou-errou.htm,noticias.uol.com.br,seguranca_justica,2020-10-02,1
e45ad63ae99111f326ed5ac3e75fe492371393a9,1,-0.108203,0.057779,É falso que Brasil tenha se tornado o maior exportador do mundo; país ocupa 26ª colocação : Projeto Comprova,https://projetocomprova.com.br/publicações/e-falso-que-brasil-tenha-se-tornado-o-maior-exportador-do-mundo-pais-ocupa-26a-colocacao/,projetocomprova.com.br,internacional,2021-04-12,1
aada8230f1f46a418776c42ebb76413f0d5eddc8,7,-0.220449,0.037601,"Carlos Alberto Decotelli, ministro da Educação, chamou Miriam Leitão de “Miriam Leitoa” #boato",https://www.boatos.org/politica/carlos-alberto-decotelli-ministro-educacao-miriam-leitao-miriam-leitoa.html,boatos.org,politica_eleicoes,2020-06-26,1
71e3b75c0be1ace6a795bc3d9f3173e6a71e6765,5,-0.190003,0.019939,Mesários foram flagrados preenchendo votos ilegalmente para Joe Biden?,https://www.e-farsas.com/mesarios-foram-flagrados-preenchendo-votos-ilegalmente-para-joe-biden.html,e-farsas.com,politica_eleicoes,2020-11-07,2
b540ffdb0bb5abc65e853f3343e4a04c7e723a1e,4,0.075762,0.023679,A Força Aérea Brasileira produziu 100 mil metros cúbicos de oxigênio e doou para Manaus?,https://www.e-farsas.com/a-forca-aerea-brasileira-produziu-100-mil-metros-cubicos-de-oxigenio-e-doou-para-manaus.html,e-farsas.com,politica_eleicoes,2021-03-03,1
831b48dd98cb9f314c0348282c1575fddde2f1bb,4,0.052131,-0.005132,"Uso de máscaras não é mais obrigatório, aponta Lei 14.019 #boato",https://www.boatos.org/saude/uso-de-mascaras-nao-e-mais-obrigatorio.html,boatos.org,seguranca_justica,2020-10-20,1
c687ac3073e41a55d745c55e4342f25c491065b1,7,-0.188562,0.008975,Mobilização pela demissão da classe política começa a tomar vulto na internet #boato,https://www.boatos.org/politica/mobilizacao-demissao-classe-politica.html,boatos.org,politica_eleicoes,2019-05-15,1
220625a7d2c2304b08d1811f15568fb9eb5f980a,6,0.101006,-0.280032,"Edward Mordrake: Será que o ""Homem da Face Demoníaca"" realmente existiu?",https://www.e-farsas.com/edward-mordrake-sera-que-o-homem-da-face-demoniaca-realmente-existiu.html,e-farsas.com,saude_ciencia,2019-02-02,1
6ed82ef2856b70e82bba57d056160086fb3062bc,7,0.020182,0.001824,Caio Coppolla foi afastado da CNN Brasil por criticar STF e decisão de Moraes #boato,https://www.boatos.org/politica/caio-coppolla-afastado-cnn-brasil-criticar-stf-decisao-moraes.html,boatos.org,seguranca_justica,2020-05-05,1
f5df8a4bdd6434135905866e0ec4de0d9c681ece,7,-0.131839,0.091013,"Onyx Lorenzoni pede, em áudio, oração para Bolsonaro curar suas fortes dores no corpo #boato",https://www.boatos.org/politica/onyx-lorenzoni-audio-oracao-para-dores-bolsonaro.html,boatos.org,politica_eleicoes,2019-10-30,1
e15756c11e714f66ee69aca68a87e79b9fd373ca,7,-0.137906,0.009966,Bolsonaro bebeu copo de leite porque quis brindar supremacistas brancos (nazismo) em live #boato,https://www.boatos.org/politica/bolsonaro-copo-de-leite-brindar-supremacistas-brancos-nazismo.html,boatos.org,politica_eleicoes,2020-05-31,2
01ef519d26fffc47cd3eae0e2192632037af16ce,7,-0.226622,0.091294,É #FAKE que Guaidó e Bolsonaro discutiram no Twitter sobre autoproclamação de presidente | G1,https://g1.globo.com/fato-ou-fake/noticia/2019/03/11/e-fake-que-guaido-e-bolsonaro-discutiram-no-twitter-sobre-autoproclamacao-de-presidente.ghtml,g1.globo.com,politica_eleicoes,2019-03-11,1
8dc30c5e478395d20e984e061ead8b1999e2402d,4,0.385423,-0.020669,"A segunda onda da gripe espanhola foi a mais letal, mas não porque as pessoas se despreocuparam",https://checamos.afp.com//segunda-onda-da-gripe-espanhola-foi-mais-letal-mas-nao-porque-pessoas-se-despreocuparam,checamos.afp.com,saude_ciencia,2024-11-28,2
81a2197c793378f1cca5b0168cf456cd230c6862,6,-0.176746,-0.112812,Casal de bandidos numa Kombi vem se passando por funcionários da Sabesp para assaltar casas?,https://www.e-farsas.com/casal-de-bandidos-numa-kombi-vem-se-passando-por-funcionarios-da-sabesp-para-assaltar-casas.html,e-farsas.com,saude_ciencia,2020-02-03,1
5e15017e9a66e7d19bdad8c42256555f0f9e8ac7,2,0.419314,0.181471,Estudo da cloroquina contra covid foi retirado em junho de 2020; mas outros atestam a sua ineficácia,https://checamos.afp.com//estudo-da-cloroquina-contra-covid-foi-retirado-em-junho-de-2020-mas-outros-atestam-sua-ineficacia,checamos.afp.com,saude_ciencia,2024-04-17,1
52f60f18e6e22dbce0d02cc41c386aacd706ec61,7,-0.230088,0.088945,É #FAKE que Russomanno votou contra Ficha Limpa | G1,https://g1.globo.com/fato-ou-fake/noticia/2020/10/11/e-fake-que-russomanno-votou-contra-ficha-limpa.ghtml,g1.globo.com,seguranca_justica,2020-10-11,1
1157a72c7bdcd40be1e9ef7e44071021f61b7660,4,0.119504,-0.029807,É #FAKE que fotos e vídeos mostrem produtos mofados em shopping de São Paulo durante a quarentena | G1,https://g1.globo.com/fato-ou-fake/coronavirus/noticia/2020/05/20/e-fake-que-fotos-e-videos-mostrem-produtos-mofados-em-shopping-de-sao-paulo-durante-a-quarentena.ghtml,g1.globo.com,golpes_plataformas,2020-05-20,1
a9d4d416ef77ef154988677261953260efada7c3,6,-0.170840,-0.209157,Mulher que beijou Thullio Milionário em show foi morta pelo namorado #boato,https://www.boatos.org/entretenimento/mulher-beijou-thullio-milionario-morta-pelo-namorado.html,boatos.org,golpes_plataformas,2019-10-03,1
c5339dd9bd2d831f7c2c073ce50ecd4467a8b440,7,-0.241131,0.034499,Rodrigo Maia se lança como candidato à Presidência da República em 2022 #boato,https://www.boatos.org/politica/rodrigo-maia-lanca-candidatura-presidencia-republica-2022.html,boatos.org,politica_eleicoes,2020-03-09,1
d04e5e237dc7bb6b4cb237c429ebb7f1cd576492,7,-0.171686,0.010796,Ciro Gomes é flagrado conversando com um membro do PCC #boato,https://www.boatos.org/politica/ciro-gomes-flagrado-conversando-com-pcc.html,boatos.org,politica_eleicoes,2020-10-06,1
bd62af9f402ed478812a38d5f3cf3b23fd39fc59,6,-0.172685,-0.079033,"Quintero, do River Plate, diz que não conhecia o Flamengo e que Grêmio tem tradição #boato",https://www.boatos.org/esporte/quintero-river-plate-conhecia-flamengo-gremio-tradicao.html,boatos.org,golpes_plataformas,2019-11-23,1
67b33333e9a0afec527e9bd3800b947bdd76e4ec,6,-0.044302,-0.152418,Vídeos mostram o terror de passageiros e a queda da aeronave da Ethiopian Airlines?,https://www.e-farsas.com/videos-mostram-o-terror-de-passageiros-e-a-queda-da-aeronave-da-ethiopian-airlines.html,e-farsas.com,golpes_plataformas,2019-03-21,1
ca1dbea097e86ca0843247337b145b03815762f3,3,-0.011391,-0.148151,É #FAKE que vídeo mostre Pelotas usando sirene para impor toque de recolher em meio a lockdown | G1,https://g1.globo.com/fato-ou-fake/coronavirus/noticia/2020/08/11/e-fake-que-video-mostre-pelotas-usando-sirene-para-impor-toque-de-recolher-em-meio-a-lockdown.ghtml,g1.globo.com,golpes_plataformas,2020-08-11,1
1ef36422ac0b99a0d75055dd5aaecb18136db4df,6,0.013666,-0.167273,Fenômeno do equinócio nos atingirá nos próximos 5 dias e trará calor ao Brasil #boato,https://www.boatos.org/ciencia/fenomeno-equinocio-trara-calor.html,boatos.org,golpes_plataformas,2019-01-31,1
6e8cda2328ad747809b423cc8d1b32793274c472,4,0.060229,-0.139440,"Torre Eiffel reabre com homenagem às vítimas da Covid-19, mostra vídeo #boato",https://www.boatos.org/mundo/torre-eiffel-reabre-homenagem-vitimas-covid-19-video.html,boatos.org,saude_ciencia,2020-06-01,1
a3640d269d7a7a618fd3ab4487711c1d1a332e6a,7,-0.027773,0.087557,Postagem que associa Doria e Lulinha na compra da Coronavac é falsa : Projeto Comprova,https://projetocomprova.com.br/publicações/postagem-que-associa-doria-e-lulinha-na-compra-da-coronavac-e-falsa/,projetocomprova.com.br,politica_eleicoes,2021-05-21,1
c063e70f8ef297822023baaf85fc4b5e958de3ff,5,-0.191154,0.149988,É #FAKE que supercomputador do TSE é serviço de nuvem estrangeiro que abre brecha para fraude | G1,https://g1.globo.com/fato-ou-fake/noticia/2020/11/25/e-fake-que-supercomputador-do-tse-e-servico-de-nuvem-estrangeiro-que-abre-brecha-para-fraude.ghtml,g1.globo.com,politica_eleicoes,2020-11-25,1
b483d4461a7fd5fcc5b6069579d0357cf5ea385c,0,0.255167,-0.043680,Todos animais que receberam vacina mRNA em estudo morreram após reinfecção #boato,https://www.boatos.org/saude/todos-animais-vacina-mrna-morreram-reinfeccao.html,boatos.org,saude_ciencia,2021-02-13,1
656b13a07ad7847117fcfb57e2f1bf0cbeae6442,6,-0.153172,-0.167270,É verdade que um marido fez um ensaio fotográfico no lugar da esposa grávida?,https://www.e-farsas.com/e-verdade-que-um-marido-fez-um-ensaio-fotografico-no-lugar-da-esposa-gravida.html,e-farsas.com,outros,2020-10-21,1
1022f13c0ee5791c1b4c62a4a6eff545dcf79a0a,4,0.068492,0.170010,Veja o que é #FATO ou #FAKE nas declarações dos candidatos à Prefeitura de SP na 2ª semana de campanha do 2º turno | G1,https://g1.globo.com/fato-ou-fake/noticia/2020/11/27/veja-o-que-e-fato-ou-fake-nas-declaracoes-dos-candidatos-a-prefeitura-de-sp-na-2a-semana-de-campanha-do-2o-turno.ghtml,g1.globo.com,saude_ciencia,2020-11-27,1
095289b34a030e32fdf0f55e48a116b5d72c76cf,1,-0.250488,0.048805,Maria Flor ganhou R$ 10 milhões da Lei Rouanet na era do PT #boato,https://www.boatos.org/entretenimento/maria-flor-ganhou-lei-rouanet.html,boatos.org,seguranca_justica,2021-01-30,1
17d737b57ff63a237e605a42ef182d25b61c9eff,3,0.009508,-0.294836,É #FAKE que uso de máscara eleva inalação de dióxido de carbono para nível acima do suportado pelo organismo humano | G1,https://g1.globo.com/fato-ou-fake/coronavirus/noticia/2020/09/14/e-fake-que-uso-de-mascara-eleva-inalacao-de-dioxido-de-carbono-para-nivel-acima-do-suportado-pelo-organismo-humano.ghtml,g1.globo.com,saude_ciencia,2020-09-14,1
7c1ccff1eb9ab10019e9ab2ac515209e607a53d9,4,0.079215,0.190298,Vídeo de grupo bolsonarista engana ao falar em “mobilização nacional para a reabertura do comércio” : Projeto Comprova,https://projetocomprova.com.br/publicações/video-de-grupo-bolsonarista-engana-ao-falar-em-mobilizacao-nacional-para-a-reabertura-do-comercio/,projetocomprova.com.br,politica_eleicoes,2021-03-05,2
87e694fde76e34cee7fd58af2124d63675b0342c,7,-0.066048,0.037426,É falso que polícia tenha prendido enfermeiro impostor em hospital onde Bolsonaro foi internado : Projeto Comprova,https://projetocomprova.com.br/publicações/e-falso-que-policia-tenha-prendido-enfermeiro-impostor-em-hospital-onde-bolsonaro-foi-internado/,projetocomprova.com.br,politica_eleicoes,2021-07-19,1
90d09c6b198ff60513124c6ac9978aea1a8396fc,0,0.143454,-0.085755,Tuíte engana ao afirmar que vacinas usam células de fetos abortados : Projeto Comprova,https://projetocomprova.com.br/publicações/tuite-engana-ao-afirmar-que-vacinas-usam-celulas-de-fetos-abortados/,projetocomprova.com.br,saude_ciencia,2020-10-07,1
8a2da8628c1f73ee368c34c0139345cb5a2afb96,4,0.213879,-0.060518,Quase todas estas fotos mostram doenças de pele; só duas têm relação com máscaras,https://checamos.afp.com//quase-todas-estas-fotos-mostram-doencas-de-pele-so-duas-tem-relacao-com-mascaras,checamos.afp.com,saude_ciencia,2024-11-29,1
bc12d82a775dfed88a86d303bb74326ef68e61d7,4,0.243324,0.150109,The New York Times concorda com Bolsonaro e diz que presidente está certo sobre coronavírus #boato,https://www.boatos.org/politica/the-new-york-times-concorda-com-bolsonaro-presidente-certo-coronavirus.html,boatos.org,politica_eleicoes,2020-03-25,1
a317d12ac1046925c947f401a64c738166bc7a5b,4,0.271601,-0.094391,Bióloga espanhola compara salários de biólogos e jogadores de futebol #boato,https://www.boatos.org/saude/biologa-espanhola-comparacao-salarios-biologos-jogadores-futebol.html,boatos.org,saude_ciencia,2020-03-20,1
1253c9319d29daa4a93aaefcc37fd78ee39ef648,5,-0.226162,0.172426,Vídeo não prova fraude em eleição de 2014 : Projeto Comprova,https://projetocomprova.com.br/publicações/video-nao-prova-fraude-em-eleicao-de-2014/,projetocomprova.com.br,politica_eleicoes,2021-07-20,2
a7c83b1a5fa2b0e36f13f44b774527a4ce9789df,2,0.407185,0.135245,Brasil descobre que anticoagulantes são a cura do novo coronavírus #boato,https://www.boatos.org/saude/brasil-descobre-anticoagulantes-cura-novo-coronavirus.html,boatos.org,saude_ciencia,2020-04-25,1
6d96963cccda725f5067e7b3a8a30d49d3a75044,7,-0.207092,0.042346,Paes vai colocar Freixo na Secretaria de Educação para implantar banheiro unissex nas escolas #boato,https://www.boatos.org/politica/paes-freixo-secretaria-de-educacao-banheiro-unissex-escolas.html,boatos.org,politica_eleicoes,2020-11-23,1
7cb575f27baaf477e2581caec93471a26949a1fc,4,0.107786,0.059334,"Declaração do presidente dos EUA, Joe Biden, sobre uso de máscaras foi dada após orientação dos CDC",https://checamos.afp.com//declaracao-do-presidente-dos-eua-joe-biden-sobre-uso-de-mascaras-foi-dada-apos-orientacao-dos-cdc,checamos.afp.com,politica_eleicoes,2024-04-17,1
fa67fb43f1f105ee2e582d07d3f49c6edda5672c,3,-0.132654,-0.099049,É #FAKE que imagens mostrem Lula bêbado agradecendo decisão de Fachin de anular condenações | G1,https://g1.globo.com/fato-ou-fake/noticia/2021/03/09/e-fake-que-imagens-mostrem-lula-bebado-agradecendo-decisao-de-fachin-de-anular-condenacoes.ghtml,g1.globo.com,politica_eleicoes,2021-03-09,1
15943a56d64718444b12254264fd99eda5a345d8,7,-0.201238,-0.196937,"É verdade que Deolane Bezerra, viúva do Mc Kevin, é advogada do PCC?",https://www.e-farsas.com/e-verdade-que-deolane-bezerra-viuva-do-mc-kevin-e-advogada-do-pcc.html,e-farsas.com,seguranca_justica,2021-05-26,1
deddbf42bf2a826857218fb5190036012684ac2c,7,-0.246613,0.036783,A imagem de homens mascarados queimando uma bandeira do Brasil foi tirada em 2016,https://checamos.afp.com//imagem-de-homens-mascarados-queimando-uma-bandeira-do-brasil-foi-tirada-em-2016,checamos.afp.com,politica_eleicoes,2024-04-17,1
61a762645c9ff9ffefba8fb04b9c8aa9394dba29,4,0.246994,-0.117875,O lançamento de tecnologias de comunicação não tem relação com epidemias virais,https://checamos.afp.com//o-lancamento-de-tecnologias-de-comunicacao-nao-tem-relacao-com-epidemias-virais,checamos.afp.com,saude_ciencia,2025-10-08,1
0e7ba2471e8395729744270126d65623186069c8,7,-0.179543,-0.076770,É #FAKE que vídeo mostre filhos de Renan Calheiros fazendo festa em avião da FAB | G1,https://g1.globo.com/fato-ou-fake/noticia/2021/05/05/e-fake-que-video-mostre-filhos-de-renan-calheiros-fazendo-festa-em-aviao-da-fab.ghtml,g1.globo.com,politica_eleicoes,2021-05-05,1
27f45a724a6c2ca2599411e39bf3cffc64605abf,3,-0.167009,-0.056578,É #FAKE que 300 funcionários da Petrobras foram demitidos logo após anúncio de troca na presidência | G1,https://g1.globo.com/fato-ou-fake/noticia/2021/02/26/e-fake-que-300-funcionarios-da-petrobras-foram-demitidos-logo-apos-anuncio-de-troca-na-presidencia.ghtml,g1.globo.com,golpes_plataformas,2021-02-26,1
db51229cb79af951d31cdbc1de30d25eb7caf73e,0,0.219220,0.172607,Vacinas contra covid-19 no Brasil passaram por testes de segurança,https://noticias.uol.com.br/comprova/ultimas-noticias/2021/06/23/vacinas-contra-covid-19-no-brasil-passaram-por-testes-de-seguranca.htm,noticias.uol.com.br,saude_ciencia,2021-06-23,1
86ed0f0d1d1d818c9c53479c341a2294537d631d,6,-0.069596,-0.095447,Virgína (Doralice) dos Anjos ganhou Olimpíadas de Matemática e vai para o Nepal #boato,https://www.boatos.org/brasil/virgina-doralice-anjos-ganhou-olimpiadas.html,boatos.org,golpes_plataformas,2019-02-28,1
096c11352b16647c3f10c5a3db14cc742b97b4f6,2,0.315524,0.045120,Ivermectina ajudou África a controlar pandemia de Covid-19 no continente #boato,https://www.boatos.org/saude/ivermectina-ajudou-africa-controlar-pandemia-covid-19.html,boatos.org,saude_ciencia,2020-07-15,1
992d899c0bcfa503ea83bcd96d4e871ac3a971e5,1,-0.101941,-0.007985,Prefeitura abre inscrições para programa Vale-Gás Natalino 2020 #boato,https://www.boatos.org/tecnologia/prefeitura-abre-inscricoes-programa-vale-gas-natalino-2020.html,boatos.org,golpes_plataformas,2020-11-18,1
23d4eed184556b2e35064231c3fa0cf8d71ea1cd,6,-0.052830,-0.195332,"Greta Thunberg é chamada de charlatã pela Valeurs, principal revista da Austrália #boato",https://www.boatos.org/mundo/greta-thunberg-chamada-charlata-valeurs-principal-revista-australia.html,boatos.org,meio_ambiente,2019-12-15,1
7e08855e603f8d5427473c92a29c601c9b74acd3,6,0.096596,-0.239854,Garrafa de álcool em gel causa incêndio em carro por causa do calor #boato,https://www.boatos.org/brasil/alcool-gel-causa-incendio-carro-calor.html,boatos.org,saude_ciencia,2020-04-23,1
ae4aea2adc97d4ffb6939d2ad9ab050068fd7d3d,7,-0.221518,-0.105606,Joice Hasselmann bateu o carro depois de ir a festa clandestina #boato,https://www.boatos.org/politica/joice-hasselmann-bateu-carro-depois-de-ir-festa-clandestina.html,boatos.org,golpes_plataformas,2021-07-24,1
f9d89a92c9a318cf09747eb5751548ce895ddfa2,3,-0.118464,-0.221597,Bandidos estão fazendo app da Uber travar para realizar assaltos como falsos motoristas #boato,https://www.boatos.org/tecnologia/bandidos-app-uber-travar-assaltos.html,boatos.org,golpes_plataformas,2020-09-22,1
aa82a66d540c41b394121ad77c98a05a2a87c8c5,3,-0.164283,-0.084184,É #FAKE que transporte de urnas em Fortaleza aponte fraude eleitoral | G1,https://g1.globo.com/fato-ou-fake/noticia/2020/11/29/e-fake-que-transporte-de-urnas-em-fortaleza-aponte-fraude-eleitoral.ghtml,g1.globo.com,politica_eleicoes,2020-11-29,1
ff97a171ead5caf5d52af5334ce9c64e3d316a63,3,0.063209,-0.174176,"No 1º de abril, seis dicas para identificar mensagens falsas em meio à pandemia do coronavírus | G1",https://g1.globo.com/fato-ou-fake/noticia/2020/04/01/no-1o-de-abril-seis-dicas-para-identificar-mensagens-falsas-em-meio-a-pandemia-do-coronavirus.ghtml,g1.globo.com,saude_ciencia,2020-04-01,1
1c26527d21a534459f262cbf9c67fc57bded3ff3,7,-0.214821,0.173904,Não foi publicado pelo diretor-geral da PF tuíte que diz que o STF e Lula mandaram matar Bolsonaro,https://checamos.afp.com//nao-foi-publicado-pelo-diretor-geral-da-pf-tuite-que-diz-que-o-stf-e-lula-mandaram-matar-bolsonaro,checamos.afp.com,seguranca_justica,2024-04-17,1
66ea90794cf9455c1857b67b01a1dcafef3bc3f0,6,0.076062,-0.097023,É #FAKE que imagem avalia problemas de visão a partir de números que surgem em quadro | G1,https://g1.globo.com/fato-ou-fake/noticia/2019/05/13/e-fake-que-imagem-avalia-problemas-de-visao-a-partir-de-numeros-que-surgem-em-quadro.ghtml,g1.globo.com,golpes_plataformas,2019-05-13,1
b3f32be738c3372ab680e0e921d34e9ce5fc6129,0,0.067596,0.142107,João Doria e o filho do Lula são sócios na vacina da Sinovac?,https://www.e-farsas.com/joao-doria-e-o-filho-do-lula-sao-socios-na-vacina-da-sinovac.html,e-farsas.com,politica_eleicoes,2021-02-10,1
e2f7309692307f40cfd0e48749f35c6819324bdb,6,0.150058,0.011481,Será verdade que o gambá resiste a 80 picadas de cascavel ou cobra coral?,https://www.e-farsas.com/sera-verdade-que-o-gamba-resiste-a-80-picadas-de-cascavel-ou-cobra-coral.html,e-farsas.com,saude_ciencia,2020-09-03,1
883b12e2e3ccbd66da5c5c253a52f2919f810190,5,-0.175701,0.212558,Ataque de hackers no sistema do TSE não viola segurança da eleição : Projeto Comprova,https://projetocomprova.com.br/publicações/ataque-de-hackers-no-sistema-do-tse-nao-viola-seguranca-da-eleicao/,projetocomprova.com.br,politica_eleicoes,2020-11-17,2
72f1afefc51b5e91bf11219b6785b3da7e2e990d,7,-0.265177,0.158665,Post tira fala de Cármen Lúcia de contexto para dizer que Lula é inelegível,https://noticias.uol.com.br/comprova/ultimas-noticias/2021/07/30/post-tira-fala-de-carmen-lucia-de-contexto-para-dizer-que-lula-e-inelegivel.htm,noticias.uol.com.br,politica_eleicoes,2021-07-30,1
2b99348461b602aff23db3106cf0fcc14d745240,3,-0.059174,-0.213959,Amazon dá presentes de Páscoa em site no WhatsApp #boato,https://www.boatos.org/tecnologia/amazon-presentes-pascoa-site-whatsapp.html,boatos.org,golpes_plataformas,2021-04-05,1
7b91e6d87e665364273aff4c7e1fbdd0ffbe20df,7,-0.167492,-0.095085,"Caetano Veloso e Manuela D'Ávila posam com camiseta ""Presidente Louco, podemos lhe defecar hoje?"" #boato",https://www.boatos.org/entretenimento/caetano-veloso-manuela-davila-camiseta-presidente-louco-defecar.html,boatos.org,politica_eleicoes,2020-09-16,1
6b5d5535785f54b4b541ce230773967ffdab1cb0,1,-0.201524,0.110952,Caminhoneiros vão fazer greve por voto impresso em 7 de setembro e parar o Brasil #boato,https://www.boatos.org/politica/caminhoneiros-vao-fazer-greve-por-voto-impresso-7-de-setembro-parar-brasil.html,boatos.org,politica_eleicoes,2021-08-06,2
3f8be8157053548fee68b19406556ac6d112e0f8,6,-0.158016,-0.062135,Mulher armada em vídeo não é a mãe de um dos mortos em operação policial no Jacarezinho,https://checamos.afp.com//mulher-armada-em-video-nao-e-mae-de-um-dos-mortos-em-operacao-policial-no-jacarezinho,checamos.afp.com,golpes_plataformas,2024-04-17,1
4a46bf8b35eda96b003dec491c43921ea2510849,4,0.221457,-0.231530,Sopa de morcego que foi consumida em Wuhan (China) é a causa do Coronavírus #boato,https://www.boatos.org/mundo/sopa-morcego-wuhan-china-causa-coronavirus.html,boatos.org,saude_ciencia,2020-01-29,1
6ab70e3755aff40e21648df1947fc24000ce3352,7,-0.183066,0.012575,Mourão manda duro recado a ministros do STF e o “bicho vai pegar” em julho de 2021 #boato,https://www.boatos.org/politica/mourao-manda-duro-recado-ministros-do-stf-o-bicho-vai-pegar-julho-2021.html,boatos.org,seguranca_justica,2021-07-06,1
6dd8278b1d8989b3eb99def6b6a320cf45b577e3,7,-0.198672,0.037574,Semáforo em São Paulo tem punho cerrado em homenagem ao comunismo #boato,https://www.boatos.org/politica/semaforo-sao-paulo-punho-cerrado-homenagem-comunismo.html,boatos.org,golpes_plataformas,2020-11-07,1
315252b04afdcb36c417bd42ce78fbc3aa9b9dd5,7,-0.300384,0.148629,"Felipe Santa Cruz, presidente da OAB, mentiu sobre morte do pai para receber R$ 37 mil de Bolsa Ditadura #boato",https://www.boatos.org/politica/felipe-santa-cruz-pai-bolsa-ditadura.html,boatos.org,politica_eleicoes,2019-08-03,1
856cb41c265b765dc998c43257b0ce373ee7c8f3,3,-0.069157,-0.336588,É #FAKE que imagens mostrem queda de MC Kevin de prédio | G1,https://g1.globo.com/fato-ou-fake/noticia/2021/05/18/e-fake-que-video-mostre-mc-kevin-caindo-de-predio.ghtml,g1.globo.com,golpes_plataformas,2021-05-18,1
253d648d202102e17c2317c378fdcdd000c83c11,3,0.097725,-0.180140,É #FAKE que coronavírus não matou nenhum político 'nem no Brasil nem na China' | G1,https://g1.globo.com/fato-ou-fake/coronavirus/noticia/2020/05/08/e-fake-que-coronavirus-nao-matou-nenhum-politico-nem-no-brasil-nem-na-china.ghtml,g1.globo.com,saude_ciencia,2020-05-08,1
260984a8abd9a84018fa3bde236bfd424859ddeb,6,0.053455,-0.234392,Maior cobra sucuri do mundo foi encontrada na África após matar 257 pessoas #boato,https://www.boatos.org/mundo/maior-cobra-sucuri-do-mundo-africa.html,boatos.org,golpes_plataformas,2019-04-27,1
8b86ab50ca0282e3302a24d1d6c6cfa96170b5df,7,-0.284686,0.030999,Pipeiros descartam água tirada do São Francisco a mando da esquerda do Ceará para sabotar Bolsonaro #boato,https://www.boatos.org/politica/pipeiros-descartam-agua-sao-francisco-esquerda-ceara-sabotar-bolsonaro.html,boatos.org,politica_eleicoes,2020-07-10,1
a337c42b232f0abe3dd1d1ea3f0737a1d7df3bc5,1,-0.165016,0.039186,Sérgio Moro anuncia fim do IPVA e diz que cobrança é ilegal #boato,https://www.boatos.org/politica/sergio-moro-anuncia-fim-ipva.html,boatos.org,politica_eleicoes,2019-04-14,1
3966be22498d53019a71d219b1816cc455749d84,7,-0.186813,-0.012319,Ricardo Boechat foi morto por ter informações sigilosas sobre Adélio Bispo?,https://www.e-farsas.com/ricardo-boechat-foi-morto-por-ter-informacoes-sigilosas-sobre-adelio-bispo.html,e-farsas.com,politica_eleicoes,2019-02-12,1
cf54f9d960ded094fe15def1cb0452c2c6ea9e1d,5,-0.069777,0.196819,É falso que eleitor que não levar caneta será proibido de votar,https://noticias.uol.com.br/confere/ultimas-noticias/2020/11/14/e-falso-que-eleitor-que-nao-levar-caneta-nao-podera-votar.htm,noticias.uol.com.br,politica_eleicoes,2020-11-14,1
f23e1c91e249221f3d0118dd097d5086c3ff16f7,6,0.004332,-0.242549,"Vídeo mostra ondas gigantes no Estreito de Gibraltar, divisa da Espanha e África #boato",https://www.boatos.org/mundo/video-mostra-ondas-gigantes-estreito-gibraltar-divisa-espanha-africa.html,boatos.org,golpes_plataformas,2021-01-13,1
1b39256bf3e3b34926f3eef23a970b894fce9950,7,-0.172586,0.103711,Bolsonaro distorce fatos em discurso na ONU,https://noticias.uol.com.br/confere/ultimas-noticias/2020/09/22/queimadas-auxilio-emergencial-oleo-no-ne-o-que-bolsonaro-disse-na-onu.htm,noticias.uol.com.br,politica_eleicoes,2020-09-22,1
1892435396d9731fdfc8afb30aba5ce2f97a697b,4,0.195637,-0.067773,"Média de mortes por dia por coronavírus é 283 e prova que há uma ""histeria coletiva"" #boato",https://www.boatos.org/saude/media-mortes-dia-coronavirus-histeria-coletiva.html,boatos.org,saude_ciencia,2020-12-06,1
59b6d735a53f0cf62f976ce5659c43eb7b09cf31,3,-0.092410,-0.165018,É #FAKE que governador João Doria vendeu empresas paulistas a chineses | G1,https://g1.globo.com/fato-ou-fake/noticia/2020/09/18/e-fake-que-governador-joao-doria-vendeu-empresas-paulistas-a-chineses.ghtml,g1.globo.com,saude_ciencia,2020-09-18,1
0c90db975bba2727728f9b06e1423ca7b8e80e69,4,0.353522,-0.184661,Como verificamos: É falso que Xangai e Pequim não tiveram casos de Covid-19,https://noticias.uol.com.br/comprova/ultimas-noticias/2020/04/04/como-verificamos-e-falso-que-xangai-e-pequim-nao-tiveram-casos-de-covid-19.htm,noticias.uol.com.br,saude_ciencia,2020-04-04,1
edfa8878e399c1a0d2a4aeaf113ecc8b2a3b36a3,6,-0.107596,-0.197770,Enxergar cores diferentes na foto do tênis significa ter um lado predominante do cérebro?,https://www.e-farsas.com/enxergar-cores-diferentes-na-foto-do-tenis-significa-ter-um-lado-predominante-do-cerebro.html,e-farsas.com,politica_eleicoes,2019-05-07,1
df4da312e7ce2ba149e52fc2f38c4227fcf500eb,7,-0.234563,0.079063,É falso que trilha sonora de Rebeca Andrade seja homenagem a Bolsonaro,https://noticias.uol.com.br/comprova/ultimas-noticias/2021/07/27/olimpiada-e-falso-que-trilha-sonora-de-ginasta-seja-homenagem-a-bolsonaro.htm,noticias.uol.com.br,politica_eleicoes,2021-07-27,1
8248c2acb0ece5640adcf20837b9fa4b614e29cd,4,0.205122,-0.168928,Madagascar deixou a OMS após entidade oferecer US$ 20 milhões para sabotar cura da Covid-19 #boato,https://www.boatos.org/saude/madagascar-deixou-oms-oferecer-20-milhoes-sabotar-cura-covid-19.html,boatos.org,saude_ciencia,2020-11-28,1
5fb13260a6d2b1c90011f764b9b74a97758a3db6,7,-0.228989,-0.106512,"Emmanuel Macron é gay, tem um amante e casamento com Brigitte é de fachada #boato",https://www.boatos.org/mundo/emmanuel-macron-gay-amante-casamento-brigitte-fachada.html,boatos.org,politica_eleicoes,2019-08-26,1
361975b3c8198b2f86c493071a0b2cc83e6cebc9,7,-0.243791,0.084582,"Ricardo Certi, assessor de Camilo Santana, grava áudio para Sistema Verdes Mares pedindo ataques a Bolsonaro no Ceará #boato",https://www.boatos.org/politica/ricardo-certi-assessor-camilo-santana-audio-verdes-mares-ataques-bolsonaro.html,boatos.org,politica_eleicoes,2020-03-30,1
9076951a1cdf4508f594eee9730eba3cf9f543e4,7,-0.173827,0.052039,Sentença aponta que empresário cometeu estupro culposo no caso Mariana Ferrer #boato,https://www.boatos.org/brasil/sentenca-empresario-absolvido-estupro-culposo-caso-mariana-ferrer.html,boatos.org,seguranca_justica,2020-11-04,1
e615bd26d7f3e20080cc9c6ea2f66560fb9eeec7,7,-0.244566,0.048131,É falso que Italo Ferreira tenha pedido prisão de Lula na entrega da medalha em Tóquio : Projeto Comprova,https://projetocomprova.com.br/publicações/e-falso-que-italo-ferreira-tenha-pedido-prisao-de-lula-na-entrega-da-medalha-em-toquio/,projetocomprova.com.br,politica_eleicoes,2021-08-02,2
b77abe7d31d0eb5cbe08120d4013b863946ae578,0,0.261033,-0.118840,Japoneses descobrem que nanopartículas mRNA da vacina ficam no corpo das pessoas e podem causar infertilidade #boato,https://www.boatos.org/saude/japoneses-nanoparticulas-mrna-vacina-corpo-infertilidade.html,boatos.org,saude_ciencia,2021-06-05,2
77cd842c735b7986671a722230b38ccc4992f25b,7,-0.218412,0.107687,General Pujol grava áudio pedindo para que povo vá às ruas a favor da intervenção militar #boato,https://www.boatos.org/brasil/general-pujol-audio-pedindo-povo-va-ruas-intervencao-militar.html,boatos.org,golpes_plataformas,2019-10-31,1
27a477f16bab982b481355439637d9ec1592b4b9,7,-0.206595,-0.010218,Vídeo retira de contexto frase de Ana Arraes sobre ‘agressão’ do neto João Campos : Projeto Comprova,https://projetocomprova.com.br/publicações/video-retira-de-contexto-frase-de-ana-arraes-sobre-agressao-do-neto-joao-campos/,projetocomprova.com.br,politica_eleicoes,2020-11-30,1
bc65e75eb8c468f42b944b969a8c8ae8b012b0a5,0,0.280390,0.021913,"Pessoas que se vacinaram contra a covid-19 podem, sim, doar sangue para a Cruz Vermelha dos EUA",https://checamos.afp.com//pessoas-que-se-vacinaram-contra-covid-19-podem-sim-doar-sangue-para-cruz-vermelha-dos-eua,checamos.afp.com,saude_ciencia,2026-07-09,1
25ce1a717360a03e002bc671015b096a5cd98be1,7,-0.247756,0.096951,"FHC foi o primeiro a receber Bolsa Ditadura, benefício que ele mesmo criou #boato",https://www.boatos.org/politica/fhc-primeiro-receber-bolsa-ditadura-beneficio-ele-mesmo-criou.html,boatos.org,economia,2021-07-23,1
91cb70a24fe8007f7dde048d24f73da007c157c5,0,0.232148,-0.054603,Filha de Vladimir Putin morre após tomar vacina russa contra Covid-19 #boato,https://www.boatos.org/mundo/filha-vladimir-putin-morre-tomar-vacina-russa-covid-19.html,boatos.org,saude_ciencia,2020-08-21,1
af507f26a13102dab69900a857aec649e06c3d09,3,-0.050398,-0.131833,É #FAKE que Moro mandou sancionar lei que aumenta rigor sobre motorista bêbado que causa acidente | G1,https://g1.globo.com/fato-ou-fake/noticia/2019/05/09/e-fake-que-moro-mandou-sancionar-lei-que-aumenta-rigor-sobre-motorista-bebado-que-causa-acidente.ghtml,g1.globo.com,seguranca_justica,2019-05-09,1
2602ee1cc469cfe696f40a83a153895352f83ef7,5,-0.130391,0.220676,Brasil não é o único país a usar urnas eletrônicas,https://noticias.uol.com.br/confere/ultimas-noticias/2020/10/02/brasil-nao-e-o-unico-pais-a-usar-urnas-eletronicas.htm,noticias.uol.com.br,politica_eleicoes,2020-10-02,1
ea4f732656c490a845a82c1ba25e5f74a537e337,5,-0.147658,-0.095898,Urnas eletrônicas brasileiras foram hackeadas em duas horas nos EUA #boato,https://www.boatos.org/politica/urnas-eletronicas-brasileiras-foram-hackeadas-duas-horas-eua.html,boatos.org,politica_eleicoes,2021-05-18,1
68075417c42ece7e4f9dc2afca2b675d84e45ee7,6,-0.099975,-0.172581,Homem morre ao tomar choque carregando o celular no carro #boato,https://www.boatos.org/tecnologia/homem-morre-choque-celular-carro.html,boatos.org,golpes_plataformas,2020-02-28,1
56ae4745a36607558d4916c54d31db826a0c3244,6,-0.031916,-0.183666,O texto sobre o medo atribuído a C.S. Lewis não consta em “Cartas de um Diabo a seu Aprendiz”,https://checamos.afp.com//o-texto-sobre-o-medo-atribuido-cs-lewis-nao-consta-em-cartas-de-um-diabo-seu-aprendiz,checamos.afp.com,saude_ciencia,2024-11-28,1
c78e49ed5369fb84dc90fb7bb212eb0bfac40432,4,0.123525,0.096821,É verdade que os casos de mortes por COVID-19 diminuíram após Sergio Moro iniciar investigação?,https://www.e-farsas.com/e-verdade-que-os-casos-de-covid-19-diminuiram-apos-sergio-moro-iniciar-investigacao.html,e-farsas.com,saude_ciencia,2020-04-20,1
2f81da7f90e3c4ac3684a2251e514a95d61ce063,2,0.368609,0.170876,"Estudo belga não comprova eficácia do tratamento precoce com hidroxicloroquina para covid-19, diferentemente do que afirma deputado : Projeto Comprova",https://projetocomprova.com.br/publicações/estudo-belga-nao-comprova-eficacia-do-tratamento-precoce-da-hidroxicloroquina-para-covid-19-diferentemente-do-que-afirma-deputado/,projetocomprova.com.br,saude_ciencia,2020-10-07,1
0f0e21360910afc448af38462556572cfb3b6acd,0,0.376587,0.191940,Post confunde ao comparar letalidade da covid-19 com outras doenças : Projeto Comprova,https://projetocomprova.com.br/publicações/post-confunde-ao-comparar-letalidade-da-covid-19-com-outras-doencas/,projetocomprova.com.br,saude_ciencia,2020-10-07,1
b33324f6dc3f9eb5f3e7a338dbee5cf0792ec0c1,7,-0.199509,-0.074710,Versão gay da Santa Ceia está no camarim de Fábio Porchat na Globo #boato,https://www.boatos.org/entretenimento/versao-gay-santa-ceia-camarim-fabio-porchat-globo.html,boatos.org,politica_eleicoes,2021-08-27,1
5168b573de21fda89ff317459af17610d20058e0,4,0.302790,-0.083634,Didier Raoult não disse que a COVID-19 foi criada pela China e pelos EUA para “destruir” a África,https://checamos.afp.com//didier-raoult-nao-disse-que-covid-19-foi-criada-pela-china-e-pelos-eua-para-destruir-africa,checamos.afp.com,saude_ciencia,2024-04-17,1
5ce5934f3f10af6fbcc382632f40c301009c6495,5,-0.129715,-0.114193,É #FAKE que imagem mostre cédulas da eleição norte-americana descartadas em estrada | G1,https://g1.globo.com/fato-ou-fake/noticia/2020/11/06/e-fake-que-imagem-mostre-cedulas-da-eleicao-norte-americana-descartadas-em-estrada.ghtml,g1.globo.com,golpes_plataformas,2020-11-06,1
1070ac90714972d71872ac5fba8a60a68ec202f1,4,0.094890,0.000202,João Doria testou positivo para Covid-19 (novo coronavírus) #boato,https://www.boatos.org/politica/joao-doria-testou-positivo-para-covid-19.html,boatos.org,saude_ciencia,2020-06-23,1
b02d3e605db2697dd75cb3d9bf4ffee2b23d95a4,7,-0.149284,0.088455,STF proíbe venda de livro escrito por Rodrigo Janot #boato,https://www.boatos.org/politica/stf-proibe-venda-livro-rodrigo-janot.html,boatos.org,seguranca_justica,2019-10-08,1
dcc0fa0bb11e319229c3edf1e35a0ec24aa1acb0,3,0.138291,-0.265088,É #FAKE mensagem sobre coronavírus atribuída ao hospital de Stanford | G1,https://g1.globo.com/fato-ou-fake/noticia/2020/03/12/e-fake-mensagem-sobre-coronavirus-atribuida-ao-hospital-de-stanford.ghtml,g1.globo.com,saude_ciencia,2020-03-12,1
f0ae74da9bc8a8a3bc297ff00b717b4fef4b124a,6,0.100670,-0.271801,Estranhas máscaras cônicas foram usadas no México durante a Gripe Espanhola?,https://www.e-farsas.com/estranhas-mascaras-conicas-foram-usadas-no-mexico-durante-a-gripe-espanhola.html,e-farsas.com,politica_eleicoes,2020-05-31,1
0fab5b1238b0abb063079b1f3b06452da7c81e4a,7,-0.173971,0.018031,"John Piper, pastor norte-americano, elogia Bolsonaro e o compara a Trump #boato",https://www.boatos.org/religiao/john-piper-pastor-elogia-bolsonaro-trump.html,boatos.org,politica_eleicoes,2020-02-27,1
59d7f8e0c0b8234c7385069c59789a4b52d19e6d,6,-0.104840,-0.342877,Vídeo flagra OVNI (disco voador) gigante na Malásia #boato,https://www.boatos.org/ciencia/video-ovni-gigante-malasia.html,boatos.org,golpes_plataformas,2017-02-01,1
2796e1830aa4c5b105bfde898003ada10cbaa2f8,4,0.285284,0.102632,"Máscaras auxiliam no combate à covid, ao contrário do que diz influenciador",https://noticias.uol.com.br/comprova/ultimas-noticias/2020/07/17/mascaras-auxiliam-no-combate-a-covid-ao-contrario-do-que-diz-influenciador.htm,noticias.uol.com.br,saude_ciencia,2020-07-17,2
5ecb417151bad74ac5491fc694140a7b90c6fbf6,0,0.236638,0.126974,É enganosa postagem que questiona ética dos testes em humanos de vacinas para covid-19 : Projeto Comprova,https://projetocomprova.com.br/publicações/e-enganosa-postagem-que-questiona-etica-dos-testes-em-humanos-de-vacinas-para-covid-19/,projetocomprova.com.br,saude_ciencia,2020-10-07,1
626d0292d848da1e9055afdeaedbd15f4d2358cf,0,0.136362,0.065085,Angélica não disse que sua família com Luciano Huck não tomará a vacina contra a covid-19,https://checamos.afp.com//angelica-nao-disse-que-sua-familia-com-luciano-huck-nao-tomara-vacina-contra-covid-19,checamos.afp.com,saude_ciencia,2024-04-17,1
e3977506231ffad6e47343c069aec248a0189ae1,4,0.170898,-0.014251,É #FAKE que vídeo mostre 'hospital de campanha' da Unicamp sem nenhum atendimento | G1,https://g1.globo.com/fato-ou-fake/coronavirus/noticia/2020/04/14/e-fake-que-video-mostre-hospital-de-campanha-da-unicamp-sem-nenhum-atendimento.ghtml,g1.globo.com,saude_ciencia,2020-04-14,1
2fc3e4c2a8032808de7d67c36a973e6cc3731cd9,3,-0.119160,-0.049520,"Programa Renda Brasil +Crédito, com crédito de R$ 50 mil, é lançado em site no WhatsApp #boato",https://www.boatos.org/tecnologia/programa-renda-brasil-credito-credito-r-50-mil-lancado-site-whatsapp.html,boatos.org,golpes_plataformas,2020-10-02,1
22e78bd97faa800ffbcd52c3741818445a0b1769,6,-0.019742,-0.108575,Jovem morreu ao cair no sumidouro de uma represa?,https://www.e-farsas.com/jovem-morreu-ao-cair-no-sumidouro-de-uma-represa.html,e-farsas.com,politica_eleicoes,2020-11-03,2
9082b3d1a2528d9ff9f33804c4e2ee3c541e6ec0,2,0.379010,0.079018,FDA autorizou uso da hidroxicloroquina em todos os pacientes com Covid-19 nos EUA #boato,https://www.boatos.org/mundo/fda-autorizou-hidroxicloroquina-todos-os-pacientes-covid-19-eua.html,boatos.org,saude_ciencia,2020-04-09,1
9d6f766bd0569d8f688244160a430ea57329b5b8,0,0.328513,0.013462,Agências reguladoras negam risco de infertilidade de vacinados,https://noticias.uol.com.br/comprova/ultimas-noticias/2021/06/11/agencias-reguladoras-descartam-risco-de-infertilidade-de-vacinados.htm,noticias.uol.com.br,saude_ciencia,2021-06-11,1
aa5a27675b970293db86bbbaf1914cd0d3a07ef0,2,0.307447,0.199903,Ozonioterapia não tem eficácia comprovada contra a covid-19 : Projeto Comprova,https://projetocomprova.com.br/publicações/ozonioterapia-nao-tem-eficacia-comprovada-contra-a-covid-19/,projetocomprova.com.br,saude_ciencia,2020-10-07,1
0e1dee3b354d96271dfc1d1a2376fa46a67e8cff,6,-0.020070,-0.211836,"Deus mandou chuva para Austrália hoje após cristãos se ajoelharem e orarem, mostra vídeo #boato",https://www.boatos.org/religiao/deus-manda-chuva-australia-cristaos-ajoelharem-orarem-video.html,boatos.org,meio_ambiente,2020-01-17,1
1506f59288017ee6fc1dbe3cd3929776323113e9,6,-0.045797,-0.020231,Javalis selvagens cheiraram R$ 88 mil em cocaína escondida em floresta na Itália?,https://www.e-farsas.com/javalis-selvagens-cheiraram-r-88-mil-reais-em-cocaina-escondida-em-floresta-na-italia.html,e-farsas.com,seguranca_justica,2019-12-03,1
10a59f928c6029bfce93d46f8a3d14f739efd48b,7,-0.253009,-0.016125,"Lula ficou de joelhos para Hugo Chávez e Evo Morales, mostra foto #boato",https://www.boatos.org/politica/lula-joelhos-hugo-chavez-foto.html,boatos.org,politica_eleicoes,2018-12-01,1
81fb16e959b803a2167120e549c6fb0600959c7b,3,0.096173,-0.320176,É #FAKE que laboratório de Wuhan e Pfizer sejam de propriedade da farmacêutica Glaxo | G1,https://g1.globo.com/fato-ou-fake/coronavirus/noticia/2020/12/10/e-fake-que-laboratorio-de-wuhan-e-pfizer-sejam-de-propriedade-da-farmaceutica-glaxo.ghtml,g1.globo.com,saude_ciencia,2020-12-10,1
45b7647e826f5d83cf08d964bb34b60940c7105b,7,-0.002329,0.096840,"Alexandre Garcia escreve texto criticando Luiz Henrique Mandetta, ex-ministro da Saúde #boato",https://www.boatos.org/politica/alexandre-garcia-escreve-texto-criticando-luiz-henrique-mandetta.html,boatos.org,politica_eleicoes,2020-04-22,1
f5142815bbfd852249acc371d73dcb0755ccd70b,7,-0.131503,0.058244,Glenn Greenwald mentiu sobre ter recebido o prêmio Pulitzer?,https://www.e-farsas.com/glenn-greenwald-mentiu-sobre-ter-recebido-o-premio-pulitzer.html,e-farsas.com,golpes_plataformas,2019-07-05,1
a8fba5c3b0c9b9ad189c64138a4a388abc0ac383,6,-0.051479,-0.224088,Vídeo mostra milagre do sol piscando em Medjugorje #boato,https://www.boatos.org/religiao/video-milagre-do-sol-piscando-medjugorje.html,boatos.org,golpes_plataformas,2019-09-17,1
baaa11882bf17573128164d0e01c829b14986f3c,6,-0.120046,-0.121068,Gisele Bündchen fez bruxaria para que Tom Brady tivesse sucesso na carreira?,https://www.e-farsas.com/gisele-bundchen-fez-bruxaria-para-que-tom-brady-tivesse-sucesso-na-carreira.html,e-farsas.com,internacional,2019-03-10,2
569cc62218a2c791270a6eff05aa08a20dc84cab,1,-0.117394,0.053757,É #FAKE que universidade federal liberou computadores de ponta para alunos jogarem LOL | G1,https://g1.globo.com/fato-ou-fake/noticia/2019/05/08/e-fake-que-universidade-federal-liberou-computadores-de-ponta-para-alunos-jogarem-lol.ghtml,g1.globo.com,golpes_plataformas,2019-05-08,1
6938052c5d00d038b92d56624365b244aba7a1da,5,-0.125921,0.096916,O aumento repentino de votos para Joe Biden em Michigan e Wisconsin não é uma fraude,https://checamos.afp.com//o-aumento-repentino-de-votos-para-joe-biden-em-michigan-e-wisconsin-nao-e-uma-fraude,checamos.afp.com,internacional,2024-04-17,1
5d7be08b86f8027dc28f1187e3c0c98c3045aad0,7,-0.160827,-0.107594,"Imagens mostram criança com colete de polícia, motos roubadas e bandidos atirando em baile funk de Paraisópolis #boato",https://www.boatos.org/brasil/imagens-crianca-colete-policia-motos-roubadas-bandidos-atirando-baile-funk-paraisopolis.html,boatos.org,seguranca_justica,2019-12-04,1
0ba90b60ff6ae8f05558e720b09fe82ff0c1a527,0,0.115834,0.240016,Não há provas que Renan Calheiros soubesse de irregularidades na compra da Covaxin : Projeto Comprova,https://projetocomprova.com.br/publicações/nao-ha-provas-que-renan-calheiros-soubesse-de-irregularidades-na-compra-da-covaxin/,projetocomprova.com.br,politica_eleicoes,2021-07-05,2
a2034f61511fdfd354d6a09318ee1830c50dd5c2,1,-0.217143,0.089810,Filha de presidente da OAB recebeu R$ 790 mil da Lei Rouanet para atuar em peça de teatro #boato,https://www.boatos.org/politica/filha-presidente-oab-santa-cruz-lei-rouanet.html,boatos.org,politica_eleicoes,2019-08-06,1
dab514ecac1be002fe011a85863cc054adb846f3,7,-0.251459,0.058013,"É falso que vídeo mostre ""sabotagem"" de governo do Ceará em canal inaugurado por Bolsonaro : Projeto Comprova",https://projetocomprova.com.br/publicações/e-falso-que-video-mostre-sabotagem-de-governo-do-ceara-em-canal-inaugurado-por-bolsonaro/,projetocomprova.com.br,politica_eleicoes,2021-03-05,1
e315c704216a17adedd2c65f0ec72c60921fbe2a,4,0.221143,0.054508,"Postura de bruços aumenta oxigenação, mas não substitui respiradores contra covid-19",https://checamos.afp.com//postura-de-brucos-aumenta-oxigenacao-mas-nao-substitui-respiradores-contra-covid-19,checamos.afp.com,saude_ciencia,2024-11-29,1
b4d273e021fa39184b7150a5ae153496ff48b51e,0,0.245393,0.068210,É enganoso que laudo do IML descarte suicídio de voluntário da CoronaVac : Projeto Comprova,https://projetocomprova.com.br/publicações/e-enganoso-que-laudo-do-iml-descarte-suicidio-de-voluntario-da-coronavac/,projetocomprova.com.br,saude_ciencia,2020-11-20,1
d295a6ca62f0adaa4c716adbec80c6f94b1b5bd5,4,0.320830,0.044615,Máscara não causa acúmulo de líquido nos pulmões nem intoxicação : Projeto Comprova,https://projetocomprova.com.br/publicações/mascara-nao-causa-acumulo-de-liquido-nos-pulmoes-nem-intoxicacao/,projetocomprova.com.br,saude_ciencia,2020-12-07,1
3e40cdbacf7572d74886f031a81d0e190ae34e3c,1,-0.085072,0.069830,Sepultamentos cresceram 47% em um mês no maior cemitério de São Paulo,https://noticias.uol.com.br/comprova/ultimas-noticias/2020/05/14/sepultamentos-cresceram-47-em-um-mes-no-maior-cemiterio-de-sao-paulo.htm,noticias.uol.com.br,saude_ciencia,2020-05-14,1
40fabb86c7c703529b6e596ac9f0c60faa85a51e,6,-0.082109,-0.155819,Papa diz que estamos no fim dos tempos e pede preparação para o apocalipse #boato,https://www.boatos.org/religiao/papa-fim-dos-tempos-apocalipse.html,boatos.org,golpes_plataformas,2019-07-13,1
87a7b7aa2d2a7c157002ff47220132bd65891282,6,0.024671,-0.139865,Victoria's Secret e Cirque du Soleil decretaram falência por causa da pandemia da Covid-19 #boato,https://www.boatos.org/mundo/victorias-secret-cirque-soleil-decretaram-falencia-causa-pandemia-covid.html,boatos.org,saude_ciencia,2020-07-23,1
31ab4ad9713e4de0d2e9404f15bef7e8581c1915,3,-0.142255,-0.136911,Silvio Santos está dando nova nota de R$ 200 em jogo para quem compartilhar no WhatsApp #boato,https://www.boatos.org/tecnologia/silvio-santos-dando-nova-nota-r-200-jogo-compartilhar-whatsapp.html,boatos.org,golpes_plataformas,2020-09-10,1
13fd508b271a7488f0b350720473cf73fc44ece8,1,-0.197502,0.088037,"OAB entrou com processo para licenciamento (Taxa GRT) cair de R$ 202,55 para R$ 57,87 #boato",https://www.boatos.org/brasil/oab-processo-licenciamento-taxa-grt.html,boatos.org,seguranca_justica,2019-01-18,1
9fea08e405330f9eff33d1451c325322e5b82e00,4,0.382813,-0.094973,Vídeo “Plandemic” faz afirmações falsas sobre a COVID-19 : Projeto Comprova,https://projetocomprova.com.br/publicações/video-plandemic-faz-afirmacoes-falsas-sobre-a-covid-19/,projetocomprova.com.br,saude_ciencia,2021-03-05,1
8f0a8e1aa749217d3896fb7c58ef2dc453e4cdfa,7,-0.173497,-0.109532,Fake em Nóis: O Terraplanismo É a Maior FAKE NEWS (com o ex-BBB João Luiz),https://www.e-farsas.com/fake-em-nois-o-terraplanismo-e-a-maior-fake-news-com-o-ex-bbb-joao-luiz.html,e-farsas.com,outros,2021-07-01,1
4bea2b7961d2711a0b81fb937b439127bf589f2b,4,0.125213,-0.180733,É #FAKE que pintura previu a pandemia de Covid-19 e está exposta desde 1994 em aeroporto dos EUA | G1,https://g1.globo.com/fato-ou-fake/coronavirus/noticia/2020/07/01/e-fake-que-pintura-previu-a-pandemia-de-covid-19-e-esta-exposta-desde-1994-em-aeroporto-dos-eua.ghtml,g1.globo.com,saude_ciencia,2020-07-01,1
b970333ac0c6406b2f1319a587a0657ece3f72e4,7,-0.309043,0.140512,É uma montagem a foto de um balão com a imagem do ex-presidente Lula dentro de um presídio,https://checamos.afp.com//e-uma-montagem-foto-de-um-balao-com-imagem-do-ex-presidente-lula-dentro-de-um-presidio,checamos.afp.com,politica_eleicoes,2024-04-17,1
d75dde75f7c72cc005ac179ada9358fc830a0110,4,0.031295,-0.100717,Paulo Gustavo morreu hoje em decorrência da Covid-19 #boato,https://www.boatos.org/entretenimento/paulo-gustavo-morreu-decorrencia-covid-19.html,boatos.org,saude_ciencia,2021-04-04,1
e5052ea0b11852a31245da06efee9c218643eabb,7,-0.206518,-0.015834,Damares grava áudio pedindo que o povo vá às portas dos quartéis cobrar intervenção militar #boato,https://www.boatos.org/politica/damares-grava-audio-pedindo-povo-portas-dos-quarteis.html,boatos.org,politica_eleicoes,2021-03-29,1
5f89f800432a9b775fe2b79f0303ba75007562e9,1,0.003695,0.092285,É #FAKE que governador do Pará tem mantido toneladas de medicamentos presos em um galpão | G1,https://g1.globo.com/fato-ou-fake/coronavirus/noticia/2020/05/01/e-fake-que-governador-do-para-tem-mantido-toneladas-de-medicamentos-presos-em-um-galpao.ghtml,g1.globo.com,saude_ciencia,2020-05-01,1
75e92ab553408fec441b0899fdb4bb730227d377,0,0.169132,0.135289,Vídeo manipulado deturpa entrevista de presidente da Anvisa para sugerir “risco sanitário grave” na vacinação : Projeto Comprova,https://projetocomprova.com.br/publicações/video-manipulado-deturpa-entrevista-de-presidente-da-anvisa-para-sugerir-risco-sanitario-grave-na-vacinacao/,projetocomprova.com.br,saude_ciencia,2021-04-16,1
b73e058db0fbfa4bea0b52f198af7088fa1a200a,4,0.052738,-0.226819,"Vídeo mostra maravilhas de Wuhan, que todo mundo acha que é uma cidadezinha #boato",https://www.boatos.org/mundo/video-maravilhas-wuhan-todo-mundo-acha-cidadezinha.html,boatos.org,internacional,2020-04-02,1
1aad00466d881ade4eaf1fa940aad11c6e6aa792,6,-0.018468,-0.217496,Vídeo mostra bebê que nasceu da cruza de um homem com uma cabra no interior #boato,https://www.boatos.org/brasil/video-bebe-cruza-homem-cabra.html,boatos.org,saude_ciencia,2019-07-25,1
7998e33361c047d7f19aefc76ddc73cfcbef9a4a,6,-0.014551,-0.240549,Nova interpretação do calendário maia diz que o mundo acabará na próxima semana! Será verdade?,https://www.e-farsas.com/nova-interpretacao-do-calendario-maia-diz-que-o-mundo-acabara-na-proxima-semana-sera-verdade.html,e-farsas.com,internacional,2020-06-15,2
d774ecfea4fae0064ff9d2293426e44ca0da7ab8,1,-0.093533,0.120165,Dilma diz que escolas já podem voltar às aulas e defende rodízio entre alunos e professores #boato,https://www.boatos.org/politica/dilma-escolas-podem-voltar-aulas-rodizio-alunos-professores.html,boatos.org,politica_eleicoes,2020-05-28,1
ee8eefffd4e2fd508c5dd79062b42ec89af63bc5,7,-0.209890,-0.002263,Petição Lula Livre contribui para liberdade do ex-presidente Lula #boato,https://www.boatos.org/politica/peticao-lula-livre-liberdade-ex-presidente.html,boatos.org,politica_eleicoes,2019-08-04,1
c1acc641bd37605b009e4e6d7f6a2538b7a3030d,6,-0.118384,-0.031358,Japão retirou (expulsou) Globo do ar após 22 anos #boato,https://www.boatos.org/mundo/japao-retirou-expulsou-globo-do-ar-apos-22-anos.html,boatos.org,politica_eleicoes,2021-06-08,1
17a51626f730b0812aab18618f475b6992e99d59,2,0.393966,0.072751,É #FAKE que cascas da laranja e do limão contenham princípios da cloroquina e da ivermectina e curem a Covid-19 | G1,https://g1.globo.com/fato-ou-fake/noticia/2020/07/24/e-fake-que-cascas-da-laranja-e-do-limao-contenham-principios-da-cloroquina-e-da-ivermectina-e-curem-a-covid-19.ghtml,g1.globo.com,saude_ciencia,2020-07-24,1
0af847237f0a846ab28a2870d507b4ed9143e24e,1,-0.221843,0.185713,Constituição brasileira não permite a revogação de mandato político por assinaturas : Projeto Comprova,https://projetocomprova.com.br/publicações/constituicao-brasileira-nao-permite-a-revogacao-de-mandato-politico-por-assinaturas/,projetocomprova.com.br,politica_eleicoes,2021-07-14,1
26765ab85cc1c4d33830fc8c60bd3bbcc2d4eb1d,3,-0.026654,-0.145922,"Vagas para trabalhar na Copa América 2019, do Brasil, no WhatsApp #boato",https://www.boatos.org/tecnologia/vagas-copa-america-brasil-whatsapp.html,boatos.org,golpes_plataformas,2019-03-17,1
fd581f33d47c01e1075994b7881cbe337ac93242,1,-0.262725,0.261014,Exército não refez todo o trecho da transposição do São Francisco inaugurado por Temer e Lula : Projeto Comprova,https://projetocomprova.com.br/publicações/exercito-nao-refez-todo-o-trecho-da-transposicao-do-sao-francisco-inaugurado-por-temer-e-lula/,projetocomprova.com.br,politica_eleicoes,2021-03-05,1
15c898fd8d30853309358b544af1db67a2242474,7,-0.211331,-0.040311,"Dallas Jones, chefe de campanha de Biden, é preso por fraude eleitoral #boato",https://www.boatos.org/mundo/dallas-jones-chefe-campanha-biden-preso-fraude-eleitoral.html,boatos.org,internacional,2020-11-16,1
1e342ea4c17696b19d1c6969cdc61e3652c535ab,1,-0.096547,0.146356,É falso que nova Previdência acabe com pensão de pessoas com deficiência,https://noticias.uol.com.br/comprova/ultimas-noticias/2019/07/20/e-falso-que-nova-previdencia-acabe-com-pensao-de-pessoas-com-deficiencia.htm,noticias.uol.com.br,economia,2019-07-20,2
693a6c492e8639f93db8b3ac720b4e833f667f42,6,-0.068930,-0.169202,É #FAKE que polícia prendeu homem negro em ato após morte de George Floyd e descobriu que ele era agente do FBI | G1,https://g1.globo.com/fato-ou-fake/noticia/2020/06/02/e-fake-que-policia-prendeu-homem-negro-em-ato-apos-morte-de-george-floyd-e-descobriu-que-ele-era-agente-do-fbi.ghtml,g1.globo.com,seguranca_justica,2020-06-02,1
7ca163bd23b2dd4bc383ab0580fd001168c1d5d0,0,0.334897,-0.054807,Centenas de americanos morreram por causa da vacina contra Covid-19 #boato,https://www.boatos.org/mundo/americanos-morreram-por-causa-da-vacina.html,boatos.org,saude_ciencia,2021-02-20,2
4ef80f54f79fd1795c827df0843679dc046f4c44,7,-0.283564,0.116846,"Vídeo mostra prefeito de Tianguá em quadra poliesportiva, e não Lula : Projeto Comprova",https://projetocomprova.com.br/publicações/video-mostra-prefeito-de-tiangua-em-quadra-poliesportiva-e-nao-lula/,projetocomprova.com.br,politica_eleicoes,2021-09-01,1
b75d48efa5eb77a85e01a15ffa9f10ee51b6bb0a,7,-0.216855,-0.192924,Filha da Maria do Rosário faz convite para Maconhaço pela Democracia Petista #boato,https://www.boatos.org/politica/filha-maria-do-rosario-convite-maconhaco.html,boatos.org,seguranca_justica,2019-05-26,1
180ad2937c87c0bc7ed2a704f9d7cd5effc3c849,7,-0.307627,0.123306,"Foto de Lula em jatinho circula como se fosse de 2021 em Brasília, mas foi feita em 2017 em Curitiba",https://checamos.afp.com//foto-de-lula-em-jatinho-circula-como-se-fosse-de-2021-em-brasilia-mas-foi-feita-em-2017-em-curitiba,checamos.afp.com,politica_eleicoes,2024-04-17,1
8f4c97fb6c26670fce23af53df96de27497ae19b,6,-0.149245,-0.157386,"Lobisomem foi capturado pela polícia em Salvador ou no Rio de Janeiro, mostra vídeo #boato",https://www.boatos.org/brasil/lobisomem-foi-capturado-policia-salvador-rio-de-janeiro-video.html,boatos.org,seguranca_justica,2021-03-15,1
b69c1ee8377626aab8e452939bef4496ff13a070,0,0.265455,-0.112459,É #FAKE que vacina chinesa em testes no Brasil use células de fetos abortados | G1,https://g1.globo.com/fato-ou-fake/coronavirus/noticia/2020/07/28/e-fake-que-vacina-chinesa-em-testes-no-brasil-use-celulas-de-fetos-abortados.ghtml,g1.globo.com,saude_ciencia,2020-07-28,1
f47ef71afbd648189411293d2dbd13f8f9c74efb,1,-0.157690,0.150687,Ataques e 'fake news' rebaixam Brasil em ranking de liberdade de expressão,https://noticias.uol.com.br/politica/ultimas-noticias/2021/07/29/relatorio-global-liberdade-de-expressao-artigo-19-brasil-cai.htm,noticias.uol.com.br,politica_eleicoes,2021-07-29,1
b06cb44e5fe9aa26bada35f4f3b259bacfc66325,6,0.013376,-0.075625,ONU criou documento chamado Nova Ordem Mundial para 2030 #boato,https://www.boatos.org/mundo/onu-criou-documento-chamado-nova-ordem-mundial.html,boatos.org,politica_eleicoes,2020-11-22,1
f8e101292a5c6cd5dbfdaa601ce315e7f2e11df3,1,-0.135483,0.186632,"Nordeste tem mais ONGs registradas do que a Amazônia, apontam institutos",https://noticias.uol.com.br/confere/ultimas-noticias/2019/09/07/nordeste-tem-mais-ongs-registradas-do-que-a-amazonia.htm,noticias.uol.com.br,meio_ambiente,2019-09-07,1
9574a69d3070f62ea0353827fe69976261d70a1d,0,0.359560,0.097341,Agências reguladoras negam risco de infertilidade de vacinados : Projeto Comprova,https://projetocomprova.com.br/publicações/agencias-reguladoras-descartam-risco-de-infertilidade-de-vacinados/,projetocomprova.com.br,saude_ciencia,2021-06-23,1
e03a006a765c61c5a4bf7b001fda4d4459d1099d,6,-0.162718,-0.078222,Amazônia: Post usa foto antiga de madeireiros para acusar ONGs de incêndios,https://noticias.uol.com.br/comprova/ultimas-noticias/2020/09/11/amazonia-post-usa-foto-antiga-de-madeireiros-para-acusar-ongs-de-incendios.htm,noticias.uol.com.br,politica_eleicoes,2020-09-11,1
c242fc2d49e5de7b9b58c72195c4d8ee0e15cc4a,3,-0.064087,-0.252978,"Varun Pulyani avisa que WhatsApp foi vendido, será pago e mudará logo #boato",https://www.boatos.org/tecnologia/varun-pulyani-whatsapp-vendido-pago.html,boatos.org,golpes_plataformas,2019-07-04,1
7a536e6242227ad0c5a84935d293ef75738e1db4,6,0.072332,-0.194534,Álcool gel ungido contra o coronavírus é vendido por R$ 500 pela Universal #boato,https://www.boatos.org/religiao/alcool-gel-ungido-coronavirus-r500-universal.html,boatos.org,saude_ciencia,2020-03-17,1
64797a2297580f9d0a7162c25ed333889cb02e15,0,0.341038,0.118924,Post engana ao desacreditar eficácia das vacinas contra a covid-19,https://noticias.uol.com.br/comprova/ultimas-noticias/2021/07/23/post-engana-ao-desacreditar-eficacia-das-vacinas-contra-a-covid-19.htm,noticias.uol.com.br,saude_ciencia,2021-07-23,1
13610c66162381ae69fe66257a6bf2108a859cfb,1,-0.106385,0.064216,Prefeitura de São Bernardo do Campo (SP) vai fechar comércio após eleições (16/11) #boato,https://www.boatos.org/politica/prefeitura-de-sao-bernardo-do-campo-sp-fechar-comercio-apos-eleicoes-16-11.html,boatos.org,politica_eleicoes,2020-11-13,1
a89100b01095ad4417a2de92008ee88397402528,4,0.106825,-0.128745,Um traficante armado com fuzil morreu de coronavírus após confronto com a Polícia?,https://www.e-farsas.com/um-traficante-armado-com-fuzil-morreu-de-coronavirus-apos-confronto-com-a-policia.html,e-farsas.com,saude_ciencia,2020-03-30,1
c60cc2e3c02915687299b41bc69c1057923ea70b,7,-0.146883,0.041366,Justiça decide que Padre Robson é inocente de acusações de desvios na Afipe #boato,https://www.boatos.org/religiao/justica-decide-padre-robson-inocente-acusacoes-desvios-afipe.html,boatos.org,seguranca_justica,2020-09-04,1
554619363ae80046109d078ef7731f126879d822,6,0.017471,-0.195059,Bombeiros e Defesa Civil alertam para que pessoas retirem eletrodomésticos das tomadas por causa do calor #boato,https://www.boatos.org/brasil/bombeiros-defesa-civil-retirem-eletrodomesticos-tomadas-calor.html,boatos.org,golpes_plataformas,2019-09-17,1
9b129786b1ebcfd489efba3a141cabd299f09545,7,-0.220501,0.063579,Petrobras cancela patrocínio da Fórmula 1 na Globo por ordem de Bolsonaro #boato,https://www.boatos.org/politica/petrobras-cancela-patrocinio-formula-globo-bolsonaro.html,boatos.org,politica_eleicoes,2019-04-11,1
cd0966883a34c21da9251fd344900ac3d1558125,7,-0.168428,-0.020622,"Primeira-dama do Canadá, Sophie Trudeau, faz piada sobre Eduardo Bolsonaro e indicação para embaixada #boato",https://www.boatos.org/mundo/primeira-dama-canada-sophie-trudeau-piada-eduardo-bolsonaro.html,boatos.org,politica_eleicoes,2019-08-01,2
974ab25dd3357dadcd719cbc386b2bb8012aed79,4,0.269596,-0.128379,"Tasuku Honjo, ganhador de Prêmio Nobel, diz que o coronavírus não é natural #boato",https://www.boatos.org/ciencia/tasuku-honjo-ganhador-premio-nobel-coronavirus-nao-natural.html,boatos.org,saude_ciencia,2020-04-27,1
360dd3ab30edc2e8ee0280a640e1da53b3a1f31e,6,-0.074144,-0.248411,Comercial mostra o jovem Rodrigo Faro dizendo ser um estudante nazista?,https://www.e-farsas.com/comercial-mostra-o-jovem-rodrigo-faro-dizendo-ser-um-estudante-nazista.html,e-farsas.com,politica_eleicoes,2020-11-04,2
1303e120aa8d452473c656f6a8a945f1b1b36d4a,4,0.040047,-0.040530,Hospital Santa Casa de Cuiabá distribui cápsulas de ivermectina vazias #boato,https://www.boatos.org/saude/santa-casa-cuiaba-distribui-capsulas-ivermectina-vazias.html,boatos.org,saude_ciencia,2020-08-05,1
52015252f44d5a8838ece8886734eeb87bd2d8ec,4,0.337300,-0.098292,Cientistas descobrem que cocaína mata o coronavírus #boato,https://www.boatos.org/saude/cientistas-descobrem-cocaina-mata-coronavirus.html,boatos.org,saude_ciencia,2020-02-05,1
d77cadac207bf752592fccbe84c1faf741b6e4af,7,-0.162472,0.095766,"Rodrigo Maia diz, no Twitter, que desviar dinheiro do fundão eleitoral é prejudicial à democracia #boato",https://www.boatos.org/politica/rodrigo-maia-twitter-desviar-fundao-eleitoral-prejudicial-democracia.html,boatos.org,politica_eleicoes,2020-04-06,1
91ff1e8aea07957a229e33a9b9e98f2899113055,1,-0.153781,0.205810,Decreto de Dilma sobre barragens não tira responsabilidade das empresas,https://noticias.uol.com.br/confere/ultimas-noticias/2019/02/09/decreto-dilma-rompimento-barragens-saque-do-fgts-empresa.htm,noticias.uol.com.br,politica_eleicoes,2019-02-09,1
9b4cb0f7fa164b5d8eee49e28b18fd1ec31dffa9,7,-0.190640,-0.034563,Charge da revista Time mostra Bolsonaro defendendo o Brasil do comunismo #boato,https://www.boatos.org/politica/charge-revista-time-bolsonaro-comunismo.html,boatos.org,politica_eleicoes,2019-05-20,1
a13ef98fc72345493b02e338eb083df8cd955d95,4,0.031632,-0.128221,É #FAKE que foto mostre monumento de Berlim lotado em manifestação contra regras para conter Covid-19 | G1,https://g1.globo.com/fato-ou-fake/coronavirus/noticia/2020/08/06/e-fake-que-foto-mostre-monumento-de-berlim-lotado-em-manifestacao-contra-regras-para-conter-covid-19.ghtml,g1.globo.com,saude_ciencia,2020-08-06,1
e18278cdfbd54464f13a14d9cdf9ff081a3e7349,0,0.382098,0.189004,São enganosas as postagens que dizem que os vacinados pela CoronaVac estarão protegidos pela metade : Projeto Comprova,https://projetocomprova.com.br/publicações/sao-enganosas-as-postagens-que-dizem-que-os-vacinados-pela-coronavac-estarao-protegidos-pela-metade/,projetocomprova.com.br,saude_ciencia,2021-01-18,1
c4fff2e0dbc5bdb2a7243bc309e014f47b7d4892,1,-0.051544,0.136731,"Post diz que governo liberou R$ 12 milhões para tratamento de criança, mas omite que se trata de ordem judicial : Projeto Comprova",https://projetocomprova.com.br/publicações/post-diz-que-governo-liberou-r-12-milhoes-para-tratamento-de-crianca-mas-omite-que-se-trata-de-ordem-judicial/,projetocomprova.com.br,saude_ciencia,2021-03-05,1
dce33749c2bf1956a63083a2cfce7ecd2c926f5a,4,0.192828,0.228589,Cidade de Chapecó não “esvaziou” leitos de UTI com tratamento precoce contra covid-19,https://checamos.afp.com//cidade-de-chapeco-nao-esvaziou-leitos-de-uti-com-tratamento-precoce-contra-covid-19,checamos.afp.com,saude_ciencia,2024-04-17,1
5804e47581326a894a896332640378045f92d9bc,1,-0.150309,0.085397,Veja o que é #FATO ou #FAKE nas declarações dos candidatos à Prefeitura de Belo Horizonte na 6ª semana de campanha | G1,https://g1.globo.com/fato-ou-fake/noticia/2020/11/06/veja-o-que-e-fato-ou-fake-nas-declaracoes-dos-candidatos-a-prefeitura-de-belo-horizonte-na-6a-semana-de-campanha.ghtml,g1.globo.com,saude_ciencia,2020-11-06,1
2c86396ac63a3fcf00c82eae43c428cdc2ad02f5,7,-0.027718,0.038831,Imagem de prédio da FIESP com bandeira da China é usada fora de contexto para relacionar a instituição ao governo chinês : Projeto Comprova,https://projetocomprova.com.br/publicações/imagem-de-predio-da-fiesp-com-bandeira-da-china-e-usada-fora-de-contexto-para-relacionar-a-instituicao-ao-governo-chines/,projetocomprova.com.br,politica_eleicoes,2023-02-01,1
99268d0af3e0df59f48e817a4c90fbfcf5768a40,0,0.162474,0.054164,Datas de vacinação para pessoas de SP de 0 a 75 anos são divulgadas #boato,https://www.boatos.org/saude/datas-vacinacao-pessoas-sp-0-75-anos-sao-divulgadas.html,boatos.org,saude_ciencia,2021-02-03,1
249a70455cfacb16ab91fb7f9fb0098b71395363,6,-0.062355,-0.215894,Idoso empurrado por policiais em protesto nos EUA é ator e forjou cena #boato,https://www.boatos.org/mundo/idoso-empurrado-policiais-protesto-eua-ator-forjou-cena.html,boatos.org,internacional,2020-06-09,1
36f2a39135bd7d375d29bb1e9a5da418543ad390,7,-0.147740,0.007614,"Trump, Bolsonaro e Hitler compararam imigrantes, índios e judeus a animais #boato",https://www.boatos.org/politica/trump-bolsonaro-hitler-imigrantes-indios-judeus-animais.html,boatos.org,politica_eleicoes,2020-11-10,1
6e8ed94940cd1d60bb08161f0abd0bb278caf80f,3,-0.114861,-0.224417,Casas Bahia sorteia prêmios diários em site no WhatsApp por causa da Black Friday #boato,https://www.boatos.org/tecnologia/casas-bahia-sorteia-premios-diarios-site-whatsapp-black-friday.html,boatos.org,golpes_plataformas,2019-11-08,1
7e73763845473613e3579234d49323a384c39f28,5,-0.191710,0.239907,"Justificativas dos eleitores não podem ser transformadas em votos válidos, como sugere tuíte : Projeto Comprova",https://projetocomprova.com.br/publicações/justificativas-dos-eleitores-nao-podem-ser-transformadas-em-votos-validos-como-sugere-tuite/,projetocomprova.com.br,politica_eleicoes,2020-11-16,1
3b65c488df0a2c66888f3c6604053df60597df1a,7,-0.175920,0.077754,A suposta capa do jornal Folha de S.Paulo elogiando Bolsonaro não é autêntica,https://checamos.afp.com//suposta-capa-do-jornal-folha-de-spaulo-elogiando-bolsonaro-nao-e-autentica,checamos.afp.com,politica_eleicoes,2024-11-29,1
5a30077e76ea12c4453304cafe506e43fd4fb31e,6,-0.186345,-0.101113,Jovem que foi humilhado por garotas no Bob’s ganhou uma bolsa de estudos #boato,https://www.boatos.org/brasil/jovem-humilhado-bobs-bolsa-estudos.html,boatos.org,golpes_plataformas,2019-04-06,1
07c9e84c1f81cd7abe39653efd14f9baac36828b,0,0.323308,0.143064,Post engana ao desacreditar eficácia das vacinas contra a covid-19 : Projeto Comprova,https://projetocomprova.com.br/publicações/post-engana-ao-desacreditar-eficacia-das-vacinas-contra-a-covid-19/,projetocomprova.com.br,saude_ciencia,2021-07-24,1
18542c6120d72119c666a38e0154eb83eaab693a,5,-0.195665,0.201443,Confira boatos sobre eleições verificados pelo Comprova : Projeto Comprova,https://projetocomprova.com.br/publicações/confira-boatos-sobre-eleicoes-verificados-pelo-comprova/,projetocomprova.com.br,politica_eleicoes,2020-11-30,1
edd4645d008d8a7abbf1934187dedff7f7b66628,5,-0.119194,0.309437,A exclusão da biometria nas eleições municipais se deu também para evitar aglomerações,https://checamos.afp.com//exclusao-da-biometria-nas-eleicoes-municipais-se-deu-tambem-para-evitar-aglomeracoes,checamos.afp.com,politica_eleicoes,2024-04-17,1
8e325a10d6d4954df63fca5308639d6d107c92d4,6,-0.092988,-0.244593,Irmão Fabio Schuartz e 22 missionários vão ser mortos no Afeganistão amanhã #boato,https://www.boatos.org/religiao/fabio-schuartz-22-missionarios-afeganistao.html,boatos.org,golpes_plataformas,2019-05-05,1
d852636ab43fd0000a2a751272b036165bcc8a36,4,0.362147,-0.018055,Vídeo de médicos estrangeiros é coletânea de informações falsas sobre a pandemia : Projeto Comprova,https://projetocomprova.com.br/publicações/video-de-medicos-estrangeiros-e-coletanea-de-informacoes-falsas-sobre-a-pandemia/,projetocomprova.com.br,saude_ciencia,2020-12-23,1
683d4e61d2469cc9defafca7c7bdfca4f53a4c5e,7,-0.260480,0.236854,Bolsonaro votou contra a Lei Brasileira de Inclusão (LBI) na Câmara #boato,https://www.boatos.org/politica/bolsonaro-filho-contra-lei-de-inclusao.html,boatos.org,politica_eleicoes,2018-10-05,1
4b059e630f26ad0d3a90ad4c9ddf5fe00ab28371,0,0.321786,0.051527,"É impossível que vacina cause alterações genéticas, dizem especialistas",https://noticias.uol.com.br/comprova/ultimas-noticias/2020/12/16/e-impossivel-que-vacina-cause-alteracoes-geneticas-dizem-especialistas.htm,noticias.uol.com.br,saude_ciencia,2020-12-16,1
a28c4fd86151c26af75dddb9c0315fb3ed312969,7,-0.270619,0.099778,Renan Calheiros é condenado à perda de mandato em 2018 #boato,https://www.boatos.org/politica/renan-calheiros-perda-mandato-2018.html,boatos.org,politica_eleicoes,2018-12-24,1
b76d74d04c95f1325200e1a0c460861403d7fb03,7,-0.199145,0.035281,"Ives Gandra explica, em áudio, como fazer faixas para manifestações de 7 de setembro #boato",https://www.boatos.org/politica/ives-gandra-explica-audio-como-fazer-faixas-manifestacoes-7-de-setembro.html,boatos.org,politica_eleicoes,2021-08-26,1
644ea6cae05a1f9f6890a6a011ec7ddfb36e3648,7,-0.171449,-0.056114,"China comprou a Globo, a Bandeirantes e está dominando o Brasil #boato",https://www.boatos.org/entretenimento/china-comprou-globo-bandeirantes-dominando-brasil.html,boatos.org,internacional,2020-04-13,1
3443b91189dadbcf6ef9e866e1e85f9640bfdf6b,7,-0.182173,0.057277,É falso que Manuela D’Ávila tenha liderado protestos no Carrefour de Porto Alegre : Projeto Comprova,https://projetocomprova.com.br/publicações/e-falso-que-manuela-davila-tenha-liderado-protestos-no-carrefour-de-porto-alegre/,projetocomprova.com.br,golpes_plataformas,2020-11-30,1
5900b5fb4fa1c37ba8b5cae2b0628a96d5f22b09,2,0.392506,0.222753,Pesquisa brasileira não usou doses letais para matar pacientes e atacar cloroquina : Projeto Comprova,https://projetocomprova.com.br/publicações/pesquisa-brasileira-nao-usou-doses-letais-para-matar-pacientes-e-atacar-cloroquina/,projetocomprova.com.br,saude_ciencia,2021-03-05,1
0708270d7832dd8b61abe658580cdd37f44bb45f,4,0.095592,0.044786,Fernanda Torres disse “dane-se o povo se o vírus cumprir missão de abreviar o governo” #boato,https://www.boatos.org/entretenimento/fernanda-torres-disse-dane-se-povo-virus-cumprir-missao-abreviar-governo.html,boatos.org,saude_ciencia,2020-07-05,1
2701595bfcb25a1b20e367795b246a26264e2670,6,-0.113509,-0.212816,Kobe Bryant era maçom e membro de loja maçônica de Indiana (EUA) #boato,https://www.boatos.org/esporte/kobe-bryant-macom-e-membro-de-loja-maconica.html,boatos.org,internacional,2020-01-28,1
bd39bf9c53939fe1babd65a4610d4a84aeb3143c,4,0.120166,0.129761,Resultado positivo de bebida com cola para covid-19 não significa que testes sejam ineficazes,https://checamos.afp.com//resultado-positivo-de-bebida-com-cola-para-covid-19-nao-significa-que-testes-sejam-ineficazes,checamos.afp.com,saude_ciencia,2024-04-17,1
c7fd6ff2e17ca87aa0c01d19650591a3b9936ffe,7,-0.228897,0.001405,"Manuela D’Ávila cria lei do poliamor, que libera casamento entre pais e filhos #boato",https://www.boatos.org/politica/manuela-davila-lei-poliamor-casamento-pais-filhos.html,boatos.org,seguranca_justica,2019-08-21,1
0a04a958d36525e65ac80460c922d32d0007447a,4,0.171007,-0.146060,Mulher com Covid-19 é colocada em caixão e seria enterrada viva pelo governo de São Paulo #boato,https://www.boatos.org/brasil/mulher-com-covid-19-colocada-caixao-seria-enterrada-vida-governo-sao-paulo.html,boatos.org,saude_ciencia,2021-04-02,1
da05a0744a66810f3831a5c25b974e7c4e72d3c8,7,-0.223830,-0.180180,Filho do apresentador da TV Band de Belém (Pará) foi morto por causa de celular #boato,https://www.boatos.org/brasil/filho-apresentador-tv-band-belem-para-morto.html,boatos.org,politica_eleicoes,2019-12-07,1
03092d417ddd6561090faa325325f79138125724,7,-0.221955,-0.054910,Globo está contratando pessoas para aparecer como entrevistados na TV #boato,https://www.boatos.org/entretenimento/globo-contratando-pessoas-aparecer-entrevistados-tv.html,boatos.org,economia,2019-12-30,1
adae1ff3d57b04079c060d9234c3cdfc01c9feb6,7,-0.324470,0.194294,Bolsonaro demite presidente da Caixa após assessores do PT ganharem na Mega-Sena #boato,https://www.boatos.org/politica/bolsonaro-demite-presidente-caixa-assessores-pt-mega.html,boatos.org,politica_eleicoes,2019-09-20,1
6bc5bda884007fb8c18c9f56dc6377e586293630,4,0.281433,0.152948,Senador engana ao usar falas antigas de Drauzio Varella sobre pandemia : Projeto Comprova,https://projetocomprova.com.br/publicações/senador-engana-ao-usar-falas-antigas-de-drauzio-varella-sobre-pandemia/,projetocomprova.com.br,saude_ciencia,2020-10-07,1
9ef00d634c709b16bebf98be8a21a8993777e373,6,-0.088014,-0.238945,"British Airways faliu, vai fechar e funcionários gravaram vídeo de despedida #boato",https://www.boatos.org/mundo/british-airways-faliu-funcionarios-video-despedida.html,boatos.org,saude_ciencia,2020-07-06,1
eb7ba33da83a90bfe507ca63e57f5d3d65c3b299,6,-0.150629,-0.175226,É #FAKE que Felipe Neto fez post pedófilo no Twitter associando crianças a doces | G1,https://g1.globo.com/fato-ou-fake/noticia/2020/07/28/e-fake-que-felipe-neto-fez-post-pedofilo-no-twitter-associando-criancas-a-doces.ghtml,g1.globo.com,golpes_plataformas,2020-07-28,1
51715382043f647b4fb690fb763cd9cf8b53598d,4,0.111884,0.077307,Portal da Transparência do Registro Civil mostra que não há pandemia de Covid-19 no Brasil #boato,https://www.boatos.org/saude/portal-transparencia-registro-civil-nao-ha-pandemia-covid-19-brasil.html,boatos.org,saude_ciencia,2020-06-05,2
defecb661f31015584f28490394a9ee4698ce3bd,7,-0.174758,-0.003448,Protesto da polícia francesa contra declarações do ministro do Interior é tirado de contexto,https://checamos.afp.com//protesto-da-policia-francesa-contra-declaracoes-do-ministro-do-interior-e-tirado-de-contexto,checamos.afp.com,seguranca_justica,2024-11-29,1
f3b09377b4be255a9fb8049f908c883ade6b15fb,7,-0.186688,-0.112657,"Motos e carros são queimados em guerra civil na Venezuela, mostra vídeo #boato",https://www.boatos.org/mundo/motos-carros-sao-queimados-guerra-civil-venezuela-video.html,boatos.org,politica_eleicoes,2021-06-02,1
26ede0e87d1e4fd59946894dc3a1e49f31754dcf,6,-0.187691,-0.137771,Ex-jogador do Atlético (MG) Gutemberg virou mendigo e mora nas ruas #boato,https://www.boatos.org/esporte/ex-jogador-atletico-mg-gutemberg-vira-mendigo-mora-nas-ruas.html,boatos.org,golpes_plataformas,2021-08-30,1
c8437749f0a260503d80980f54b6880c83bc6256,7,-0.218849,-0.004022,"A pessoa presa nesta foto é o ator Cuba Gooding Jr., não o chefe de campanha de Joe Biden",https://checamos.afp.com//pessoa-presa-nesta-foto-e-o-ator-cuba-gooding-jr-nao-o-chefe-de-campanha-de-joe-biden,checamos.afp.com,internacional,2024-11-29,1
86bf7f3eecea084644d1f38768069a943791baf8,2,0.284061,-0.058982,Água tônica cura o coronavírus porque tem quinino da cloroquina #boato,https://www.boatos.org/saude/agua-tonica-cura-o-coronavirus-porque-tem-quinino-da-cloroquina-boato.html,boatos.org,saude_ciencia,2020-04-15,1
30188ac789a0dff0203422a3f16a11a2444d5580,1,-0.187230,0.269527,Posts enganam sobre transposição do São Francisco para elogiar Bolsonaro,https://noticias.uol.com.br/comprova/ultimas-noticias/2021/06/10/posts-enganam-sobre-transposicao-do-sao-francisco-para-elogiar-bolsonaro.htm,noticias.uol.com.br,politica_eleicoes,2021-06-10,1
a6cfbc5a6aa003c1748e7c5aadb0902e964a4b9f,6,-0.143781,-0.232403,Incêndio no Atacadão de Campo Grande foi causado por menina que colocou fogo em prateleira #boato,https://www.boatos.org/brasil/incendio-atacadao-campo-grande-causado-menina-fogo-prateleira.html,boatos.org,seguranca_justica,2020-09-17,1
3f6783c12797d8d8bd3673a30fc86a10af310d0a,7,-0.048218,0.091024,Rita Mundim grava áudio defendendo Bolsonaro e pedindo fim da quarentena #boato,https://www.boatos.org/saude/rita-mundim-audio-defendendo-bolsonaro-e-fim-da-quarentena.html,boatos.org,politica_eleicoes,2020-04-02,1
d5852718773a40fb3f44457e595b81bc3cde5f66,7,-0.216596,0.183130,"Luiz Fux, do STF, decreta fim do auxílio para anistiados na Ditadura #boato",https://www.boatos.org/politica/luiz-fux-stf-fim-auxilio-anistiados.html,boatos.org,politica_eleicoes,2019-01-29,1
ac02be90f016f80947e90bafb122967dcdda9524,0,0.160405,0.063396,PL 3982/2020 prevê prisão para quem se negar a tomar a vacina contra Covid-19 #boato,https://www.boatos.org/saude/pl-3982-2020-prisao-quem-negar-tomar-vacina-covid-19.html,boatos.org,saude_ciencia,2020-09-02,1
07620256d2d8f35d45d180c06c76ebeb25770de2,6,-0.156528,-0.100475,O imóvel de luxo onde morava o assassino de Marielle está em nome do Bolsonaro?,https://www.e-farsas.com/o-imovel-de-luxo-onde-morava-o-assassino-de-marielle-esta-em-nome-do-bolsonaro.html,e-farsas.com,politica_eleicoes,2019-03-14,1
a90b88025adf779cd35122d641edd92834af8103,3,0.128530,-0.202863,É #FAKE que Pfizer fez alerta de que vacina contra Covid-19 causa má-formação em fetos | G1,https://g1.globo.com/fato-ou-fake/coronavirus/noticia/2021/05/12/e-fake-que-pfizer-fez-alerta-de-que-vacina-contra-covid-19-causa-ma-formacao-em-fetos.ghtml,g1.globo.com,saude_ciencia,2021-05-12,1
b1c016112920793a2f6228836da31990299cc313,0,0.294023,0.156119,Exame sorológico não prova que vacinas deixam de proteger : Projeto Comprova,https://projetocomprova.com.br/publicações/exame-sorologico-nao-prova-que-vacinas-deixam-de-proteger/,projetocomprova.com.br,saude_ciencia,2021-07-24,1
6ae8897503e8bd79c8c6ad274bd2d6d90acb4d73,6,-0.089700,-0.040093,A palavra “tubaína” é uma alusão a um tipo de tortura?,https://www.e-farsas.com/a-palavra-tubaina-e-uma-alusao-a-um-tipo-de-tortura.html,e-farsas.com,politica_eleicoes,2020-05-22,1
c8ef402406ad92191c0e64ea86f8057b950fa29c,7,-0.303294,0.057822,"Foto de fazenda atribuída a filho de Lula é, na verdade, de um campus universitário",https://checamos.afp.com//foto-de-fazenda-atribuida-filho-de-lula-e-na-verdade-de-um-campus-universitario,checamos.afp.com,politica_eleicoes,2024-04-17,1
5ea9ac5de48e3e3a6e1bde81282ada52b5de14ed,1,-0.103689,0.080015,Veja o que é #FATO ou #FAKE no discurso de Bolsonaro na ONU | G1,https://g1.globo.com/fato-ou-fake/noticia/2020/09/22/veja-o-que-e-fato-ou-fake-no-discurso-de-bolsonaro-na-onu.ghtml,g1.globo.com,meio_ambiente,2020-09-22,1
780949e4ac2bbde5fe51f4cb336c80a9b7698cdf,6,0.016849,-0.084639,Catedral de Notre Dame é reformada com telhado de estilo moderno #boato,https://www.boatos.org/mundo/catedral-notre-dame-reformada-telhado-estilo-moderno.html,boatos.org,golpes_plataformas,2021-02-26,1
a7aef3dffc47f759ebd4991c6a665680b4079f92,0,0.253713,-0.040126,Vídeo “Vacuna Show” prova que a vacina é uma fraude! Será verdade?,https://www.e-farsas.com/vacuna_show_fraude.html,e-farsas.com,saude_ciencia,2021-01-12,1
f964a4743ad088b48807b2c043e1d4ac825316b5,7,-0.136327,-0.085680,Foto antiga da praia de Ipanema foi publicada no Estadão como se fosse atual #boato,https://www.boatos.org/brasil/foto-antiga-praia-ipanema-publicada-estadao-atual-boato.html,boatos.org,golpes_plataformas,2020-09-01,1
623b1e2caee14ddaea1cf2059032d1270fe77239,2,0.382990,-0.040807,Auto-hemoterapia cura e previne o novo coronavírus (Covid-19) #boato,https://www.boatos.org/saude/auto-hemoterapia-cura-previne-coronavirus-covid-19.html,boatos.org,saude_ciencia,2020-03-24,1
36a06db786e2503eb53e9c236536976d1c7a4a08,3,0.033556,-0.198807,É #FAKE que projeto aprovado no Congresso permite invasão de domicílio para fiscalizar uso de máscara | G1,https://g1.globo.com/fato-ou-fake/coronavirus/noticia/2020/06/10/e-fake-que-projeto-aprovado-no-congresso-permite-invasao-de-domicilio-para-fiscalizar-uso-de-mascara.ghtml,g1.globo.com,golpes_plataformas,2020-06-10,1
c8302d8ecbfc98b8db6c17ae35eaeab7218e2947,6,-0.077417,-0.268688,"Homem foi enterrado vivo, ficou 26 dias no túmulo e sobreviveu #boato",https://www.boatos.org/mundo/homem-foi-enterrado-vivo-26-dias-tumulo-sobreviveu.html,boatos.org,internacional,2019-06-26,1
272ae3482ffa11ca73b010d4c64d73d8e1c78fd7,7,-0.230149,0.100628,Bolsonaro construiu uma cidade com 4000 casas em Jucurutu (RN) #boato,https://www.boatos.org/politica/bolsonaro-construiu-cidade-4000-casas-jucurutu-rn.html,boatos.org,politica_eleicoes,2021-05-20,1
a84bbc7095a1693bc8ef9dc3015f4ff8e4267744,6,0.014812,-0.064903,Vídeo engana ao atribuir protesto na Bélgica a profissionais de saúde de São Paulo : Projeto Comprova,https://projetocomprova.com.br/publicações/video-engana-ao-atribuir-protesto-na-belgica-a-profissionais-de-saude-de-sao-paulo/,projetocomprova.com.br,saude_ciencia,2021-03-05,1
14bb60ffe565507e81ca7770ef6e2b0010e1c892,1,-0.152058,0.186463,Redução da multa do FGTS só valerá para jovens e deverá estar em contrato,https://noticias.uol.com.br/comprova/ultimas-noticias/2019/11/14/reducao-da-multa-do-fgts-so-valera-para-jovens-e-devera-estar-em-contrato.htm,noticias.uol.com.br,politica_eleicoes,2019-11-14,1
43f7e5c1f12a29779550d5cf4e82a0a499d29529,4,0.318388,-0.192615,Estudo da Universidade de Hamburgo aponta que coronavírus é menos perigoso que outras doenças #boato,https://www.boatos.org/saude/estudo-universidade-hamburgo-coronavirus-menos-perigoso-doencas.html,boatos.org,saude_ciencia,2020-03-28,1
f339db501b5c8f01c8ae96146e5a62129638fed3,7,-0.098160,-0.037394,General Mourão convoca população para manifestações em quartéis no dia 19 de abril de 2020 #boato,https://www.boatos.org/politica/general-mourao-convoca-populacao-manifestacoes-quarteis-19-abril-2020.html,boatos.org,politica_eleicoes,2020-04-17,1
a5d048b209b547e003e94584d55e3658f7fc6329,0,0.311037,0.089068,É falso que enfermeira que recebeu a primeira dose da CoronaVac já estivesse imunizada : Projeto Comprova,https://projetocomprova.com.br/publicações/e-falso-que-enfermeira-que-recebeu-a-primeira-dose-da-coronavac-ja-estivesse-imunizada/,projetocomprova.com.br,saude_ciencia,2021-02-03,1
545e6dbe1902b068d54566edeb090cfaad1807c4,7,-0.271942,0.177776,Petrobras nega demissão de ligados a Dirceu após pedido de substituição de Castello Branco,https://checamos.afp.com//petrobras-nega-demissao-de-ligados-dirceu-apos-pedido-de-substituicao-de-castello-branco,checamos.afp.com,politica_eleicoes,2024-04-17,1
02f5280099a5aac105ddd3c564b699d3e0a8ec03,1,-0.220621,0.191178,Veja o que é #FATO ou #FAKE nas declarações dos candidatos à Prefeitura do Rio na 7ª semana de campanha | G1,https://g1.globo.com/fato-ou-fake/noticia/2020/11/13/veja-o-que-e-fato-ou-fake-nas-declaracoes-dos-candidatos-a-prefeitura-do-rio-na-7a-semana-de-campanha.ghtml,g1.globo.com,saude_ciencia,2020-11-13,1
8f7d46611b35e8b3e4e42ca8e09c7314b81f2126,7,-0.216672,0.000687,"Foto mostra Rodrigo Maia, Toffoli e Alcolumbre com Bill de Blasio, prefeito de Nova York #boato",https://www.boatos.org/politica/foto-maia-toffoli-alcolumbre-blasio.html,boatos.org,politica_eleicoes,2019-05-23,1
1efe45e25f567c73969e1a01a99d4a5ae5eec4b7,7,-0.151538,0.140850,"Vídeo de Bolsonaro em aeroporto foi gravado em 2017 no Brasil, não no Equador",https://checamos.afp.com//video-de-bolsonaro-em-aeroporto-foi-gravado-em-2017-no-brasil-nao-no-equador,checamos.afp.com,politica_eleicoes,2024-04-17,1
13c4efe10a61ef2f22557556ac741beab74d97dc,7,-0.251663,0.147729,É #FAKE que fotos mostrem obras concluídas em 18 meses de governo Bolsonaro | G1,https://g1.globo.com/fato-ou-fake/noticia/2020/07/03/e-fake-que-fotos-mostrem-obras-concluidas-em-18-meses-de-governo-bolsonaro.ghtml,g1.globo.com,politica_eleicoes,2020-07-03,1
fc305eaec7ac8cc2dac6d04a116dffbb5a11363c,3,0.115692,-0.148269,Netflix liberou acesso grátis durante o período de isolamento em site no WhatsApp #boato,https://www.boatos.org/tecnologia/netflix-liberou-acesso-gratis-periodo-de-isolamento-whatsapp.html,boatos.org,golpes_plataformas,2020-03-19,1
398e153912faeed211e1bedc546c797502768e4b,7,-0.165290,0.016282,iFood está fazendo propaganda contra Bolsonaro nas notas fiscais #boato,https://www.boatos.org/politica/ifood-esta-fazendo-propaganda-contra-bolsonaro-notas-fiscais.html,boatos.org,politica_eleicoes,2021-05-07,1
e734edc696217cb3b590f24c9dcdc8998b5aefe4,6,0.038608,-0.116361,"China comprou cooperativas I.Riedi e Moinho Iguaçu, do Paraná, durante pandemia #boato",https://www.boatos.org/brasil/china-comprou-cooperativas-do-parana-durante-pandemia.html,boatos.org,internacional,2020-04-04,1
4944e69f1ac0d2b6718451eaba6b42ef1dee0f2e,7,-0.200825,0.088154,Menina se recusa a cumprimentar Bolsonaro em cerimônia no Planalto #boato,https://www.boatos.org/politica/menina-recusa-cumprimentar-bolsonaro.html,boatos.org,politica_eleicoes,2019-04-21,1
a9599ac5936b9c89fd6267edc0aaceb07d2a9b80,6,-0.055161,-0.150094,Onça-parda é encontrada no Morro da Urca (Rio de Janeiro) após isolamento social #boato,https://www.boatos.org/brasil/onca-parda-no-morro-da-urca-isolamento-social.html,boatos.org,saude_ciencia,2020-05-07,1
37a56a2880097e72fab7ab05c5e42203bf6af0d7,7,-0.198562,-0.006508,Congresso foi invadido por manifestantes em 2019 e a imprensa nada falou #boato,https://www.boatos.org/politica/congresso-invadido-manifestantes-2019.html,boatos.org,golpes_plataformas,2019-10-24,1
5c9ab0c957ffef52ff425abe7227d4b84ed3c284,4,0.041400,-0.092011,"Márcio Rocha, operador da Nasdaq, critica cobertura da mídia em relação ao coronavírus #boato",https://www.boatos.org/brasil/marcio-rocha-operador-nasdaq-critica-cobertura-midia-relacao-coronavirus.html,boatos.org,saude_ciencia,2020-04-06,1
35544da4713b5d888d712fabce370470cc38fd3b,0,0.276099,-0.130510,Enfermeira desmaia por causa da vacina contra o coronavirus! Será verdade?,https://www.e-farsas.com/enfermeira-desmaia-por-causa-da-vacina-contra-o-coronavirus-sera-verdade.html,e-farsas.com,saude_ciencia,2020-12-18,1
860131bf013d72de704dc167bddff8bd46b5cbda,3,-0.098259,-0.217702,Walmart agora é BIG Bompreço e está com vagas de emprego no WhatsApp #boato,https://www.boatos.org/tecnologia/walmart-big-bompreco-vagas-emprego-whatsapp.html,boatos.org,golpes_plataformas,2019-11-12,1
78a1fe69a8925647da2cc42175fc205d28367630,5,-0.144166,0.208659,"Usada desde 1996 no Brasil, a urna eletrônica nunca teve comprovação de fraude",https://checamos.afp.com//usada-desde-1996-no-brasil-urna-eletronica-nunca-teve-comprovacao-de-fraude,checamos.afp.com,politica_eleicoes,2024-04-17,1
c955c508fda2565552c5c2c8a8f6384d548f699f,6,-0.158123,-0.110969,TRE alterou o resultado de dois candidatos com 3.033 votos em Belford Roxo/RJ?,https://www.e-farsas.com/tre-alterou-o-resultado-de-dois-candidatos-com-3-033-votos-em-belford-roxo-rj.html,e-farsas.com,politica_eleicoes,2020-11-22,2
eab94fea975b4fdbeb38f90ba34faaf6292f05d2,7,-0.169316,0.100445,"General Ajax invadiu gabinete de Toffoli, ameaçou STF e evitou golpe contra Bolsonaro #boato",https://www.boatos.org/politica/general-ajax-invadiu-gabinete-toffoli-evitou-golpe.html,boatos.org,politica_eleicoes,2019-08-15,1
3214303f6a71983d99bb55f970ec68f428a9b45d,6,0.004209,-0.075093,É verdade que uma nova lei proíbe exame de ultrassom para saber o sexo do bebê?,https://www.e-farsas.com/e-verdade-que-uma-nova-lei-proibe-exame-de-ultrassom-para-saber-o-sexo-do-bebe.html,e-farsas.com,seguranca_justica,2021-09-01,1
75e90486575b2f6200b8373967076a6d2210faea,4,0.282785,-0.169918,"Marta Temido, da Universidade de Maryland, lista dicas sobre a Covid-19 #boato",https://www.boatos.org/saude/marta-temido-universidade-maryland-lista-dicas-covid-19.html,boatos.org,saude_ciencia,2020-11-14,1
c4149a3a9dfdf9148d3df09c085fe4843c0b4d3c,6,-0.165259,-0.189014,"Margarina Qualy lança comercial de Dia dos Pais com ""família tradicional brasileira"" #boato",https://www.boatos.org/entretenimento/margarina-qualy-comercial-dia-dos-pais-familia-tradicional-brasileira.html,boatos.org,politica_eleicoes,2020-08-19,1
bb71c1e5efbe6be5ab117c284f8c0eb91298cbb7,6,-0.172113,-0.259228,"Juliana Rodrigues, garota que xingou funcionário do Bob’s, é espancada em Belford Roxo #boato",https://www.boatos.org/brasil/juliana-rodrigues-garota-xingou-bobs-espancada.html,boatos.org,golpes_plataformas,2019-04-11,1
fce867053df37ca5603692c0bff9f71875dbec80,3,-0.163653,-0.083045,WhatsApp de “gente da oposição” com “confissões de vários crimes” é grampeado #boato,https://www.boatos.org/politica/whatsapp-gente-da-oposicao-confissoes-de-varios-crimes-grampeado.html,boatos.org,politica_eleicoes,2021-07-09,1
e2a3dbc95ee63440e543905fd314536da45110b2,4,0.162295,-0.257761,Feira chinesa vende ratos e morcegos e é a origem do coronavírus! Será verdade?,https://www.e-farsas.com/feira-chinesa-vende-ratos-e-morcegos-e-e-a-origem-do-coronavirus-sera-verdade.html,e-farsas.com,saude_ciencia,2020-01-29,1
ca326c329f070a9f43577b868f4a69e57d4b9d08,0,0.339372,0.111519,Não há evidências de que morte de ator indiano esteja associada à vacina : Projeto Comprova,https://projetocomprova.com.br/publicações/nao-ha-evidencias-de-que-morte-de-ator-indiano-esteja-associada-a-vacina/,projetocomprova.com.br,saude_ciencia,2021-05-27,1
4e27f3ed5dcbb877a8e319432e816ddce0f4db5c,1,-0.195567,0.257818,"Com correção pela inflação, dólar sob Bolsonaro não é o mais caro desde o Plano Real : Projeto Comprova",https://projetocomprova.com.br/publicações/com-correcao-pela-inflacao-dolar-sob-bolsonaro-nao-e-o-mais-caro-desde-o-plano-real/,projetocomprova.com.br,politica_eleicoes,2021-04-12,1
f7ebf4529df752c9e604dce165ba019206ba146f,5,-0.187180,0.191219,"Smartmatic, que forneceu urnas para a Venezuela, nunca vendeu aparelhos para o Brasil : Projeto Comprova",https://projetocomprova.com.br/publicações/smartmatic-que-forneceu-urnas-para-a-venezuela-nunca-vendeu-aparelhos-para-o-brasil/,projetocomprova.com.br,politica_eleicoes,2020-11-20,1
b01c5966019dcf9af87929bc9408dbe7331fbd66,7,-0.258838,0.083876,É falso que áudio mostre Luana Piovani defendendo Jair Bolsonaro : Projeto Comprova,https://projetocomprova.com.br/publicações/e-falso-que-audio-mostre-luana-piovani-defendendo-jair-bolsonaro/,projetocomprova.com.br,politica_eleicoes,2021-07-28,1
3acaac295ae01904db0f943959dfdd8fe94cc1a1,4,0.022781,-0.080497,Detran vai multar e punir com pontos que estiver dirigindo sem máscaras #boato,https://www.boatos.org/brasil/detran-vai-multar-punir-pontos-dirigindo-sem-mascaras.html,boatos.org,seguranca_justica,2020-05-06,1
b121ce009fece396f592e09b98313e568780dc78,4,0.301347,-0.005034,Não há evidências científicas sobre a necessidade de trocar escova dental após caso de covid-19,https://checamos.afp.com//nao-ha-evidencias-cientificas-sobre-necessidade-de-trocar-escova-dental-apos-caso-de-covid-19,checamos.afp.com,saude_ciencia,2024-04-17,1
21e82285819bbaaebc318ff6208c0b95217ea44b,7,-0.206217,0.191200,"Jair Bolsonaro não foi eleito Personalidade do Ano pela revista ""Time""",https://noticias.uol.com.br/confere/ultimas-noticias/2018/12/14/bolsonaro-nao-foi-eleito-personalidade-do-ano-pela-revista-time.htm,noticias.uol.com.br,politica_eleicoes,2018-12-14,1
2ef20b3d882fba1c3be737fa25e4ed95e47a5f3b,6,-0.068714,-0.117552,"Crianças estão sendo vítimas do suposto ""Desafio da Momo""?",https://www.e-farsas.com/criancas-estao-sendo-vitimas-do-suposto-desafio-da-momo.html,e-farsas.com,golpes_plataformas,2019-03-25,1
829d9c11a82cbe1201d98a97ea40b29abffd81ba,7,-0.203212,0.015417,Bolsonaro chama chineses para fazer estrada de ferro em Lucas do Rio Verde #boato,https://www.boatos.org/politica/bolsonaro-chineses-estrada-de-ferro.html,boatos.org,politica_eleicoes,2019-05-15,1
b8cb53f16004941dca835a3e11797fa3c2e3b084,7,-0.136092,0.127169,Inquérito 6897 de Alexandre de Moraes proíbe Bolsonaro de decretar intervenção militar #boato,https://www.boatos.org/politica/inquerito-6897-alexandre-de-moraes-proibe-bolsonaro-decretar-intervencao-militar.html,boatos.org,politica_eleicoes,2021-04-15,1
64215f5dfa26d7736da21c818e241e2dac1c149b,1,-0.067309,-0.010140,"Centro Kennedy tem cursos gratuitos (maquiagem, inglês, espanhol etc) para 2019 #boato",https://www.boatos.org/brasil/centro-kennedy-cursos-gratuitos-maquiagem-ingles-espanhol.html,boatos.org,golpes_plataformas,2019-10-15,1
14bd6b18536c1379382e20f78afcfc35a07d9c4a,7,-0.239124,-0.013429,É #FAKE que vídeo mostre Lula na sede da Gaviões da Fiel no dia do ato feito pela torcida em SP | G1,https://g1.globo.com/fato-ou-fake/noticia/2020/06/02/e-fake-que-video-mostre-lula-na-sede-da-gavioes-da-fiel-no-dia-do-ato-feito-pela-torcida-em-sp.ghtml,g1.globo.com,politica_eleicoes,2020-06-02,1
981b7a226f91263d124b13a7c539f16fecc884cf,3,-0.101889,-0.279107,Vídeo relembrando as 10 Fake News mais engraçadas da web!,https://www.e-farsas.com/video-relembrando-as-10-fake-news-mais-engracadas-da-web.html,e-farsas.com,outros,2020-07-28,1
9a93da26d09b4491247c9e3811c4b88824983e9c,7,-0.101536,0.021906,O portal G1 publicou notícia ligando explosão de jet ski ao presidente Jair Bolsonaro?,https://www.e-farsas.com/o-portal-g1-publicou-noticia-ligando-explosao-de-jet-ski-ao-presidente-jair-bolsonaro.html,e-farsas.com,politica_eleicoes,2021-01-14,1
0d67f7d16ae4820f6a74df66d64ea03b6974e343,7,-0.264242,0.101900,MPF identifica depósito de R$ 50 mil de Jean Wyllys ao advogado de Adélio #boato,https://www.boatos.org/politica/mpf-deposito-jean-wyllys-advogado-adelio.html,boatos.org,politica_eleicoes,2019-01-27,1
79c30e54164fcaaee132127976038b2f7bf0a32f,7,-0.106821,0.008940,É #FAKE que vídeo mostre militares correndo na praia para desafiar isolamento imposto no RJ | G1,https://g1.globo.com/fato-ou-fake/coronavirus/noticia/2020/04/21/e-fake-que-video-mostre-militares-correndo-na-praia-para-desafiar-isolamento-imposto-no-rj.ghtml,g1.globo.com,golpes_plataformas,2020-04-21,1
cf426c56125499c7119ada19a7b5bd836f01ebb6,6,-0.064942,-0.204416,Vídeo mostra um tricerátops sendo retirado de um caminhão! Será verdade?,https://www.e-farsas.com/video-mostra-um-triceratops-sendo-retirado-de-um-caminhao-sera-verdade.html,e-farsas.com,golpes_plataformas,2020-12-18,1
9352867a73651f1a0e287c0c4650b0e8b7b52b18,7,-0.270806,0.103180,Guilherme Boulos diz que o PT é o partido da corrupção durante entrevista #boato,https://www.boatos.org/politica/guilherme-boulos-diz-pt-e-o-partido-da-corrupcao.html,boatos.org,politica_eleicoes,2020-03-04,1
b15c1476b908398a4d755bfdcc9abbd8fd234fed,7,-0.188735,0.039585,É falso áudio atribuído ao general Braga Netto que pede intervenção militar : Projeto Comprova,https://projetocomprova.com.br/publicações/e-falso-audio-atribuido-ao-general-braga-netto-que-pede-intervencao-militar/,projetocomprova.com.br,politica_eleicoes,2021-03-05,1
238cc9ee5985aad7c477f5edba2c3167e5fee8e3,4,0.151963,0.058484,Gráficos não comprovam que Brasil está próximo da imunidade de rebanho,https://noticias.uol.com.br/comprova/ultimas-noticias/2020/10/26/graficos-nao-comprovam-que-brasil-esta-proximo-da-imunidade-de-rebanho.htm,noticias.uol.com.br,saude_ciencia,2020-10-26,1
44c8e5e2ab236f7db0821c03c8ba2454f99c899a,2,0.418660,0.156714,Pesquisa na Cidade do México não prova redução nas internações por covid pelo uso de ivermectina,https://checamos.afp.com//pesquisa-na-cidade-do-mexico-nao-prova-reducao-nas-internacoes-por-covid-pelo-uso-de-ivermectina,checamos.afp.com,saude_ciencia,2024-04-17,1
579b259dd72b6292375a31dbc9e1b17c2926f738,0,0.221034,0.047379,Doria vai gastar R$ 22 bilhões com a vacina da China para imunizar São Paulo #boato,https://www.boatos.org/saude/doria-gastar-22-bilhoes-vacina-china.html,boatos.org,saude_ciencia,2020-12-13,1
0e409c72d175365bd16b4510bdf7a080d0b144fd,7,-0.136556,0.028769,George Soros diz que Bolsonaro não ganha eleições de 2022 no Brasil #boato,https://www.boatos.org/mundo/george-soros-bolsonaro-nao-ganha-eleicoes-2022-brasil.html,boatos.org,politica_eleicoes,2021-03-12,2
0678db7948588adff859e0a7739bac5b952e71ae,6,-0.094979,-0.059920,"Bolsonaro disse ao SBT que ""mísseis soviéticos"" alcançam um alvo em qualquer lugar do mundo?",https://www.e-farsas.com/bolsonaro-disse-ao-sbt-que-misseis-sovieticos-alcancam-um-alvo-em-qualquer-lugar-do-mundo.html,e-farsas.com,politica_eleicoes,2019-01-11,1
6e98fb41158c168d38206d0bdd808c1d517fd271,6,-0.057593,-0.285344,Flor Mahameru (Arya) do Himalaia só floresce a cada 400 anos foi encontrada #boato,https://www.boatos.org/ciencia/flor-mahameru-arya-himalaia-400-anos.html,boatos.org,golpes_plataformas,2019-09-21,1
44d22ce142a1fc3ed8c5270c992c0ec4bf300b63,4,-0.013834,-0.057457,"Mais de 1 milhão de pessoas participam de protesto denunciando ""pandemia falsa"" em Berlim #boato",https://www.boatos.org/mundo/1-milhao-participam-protesto-denunciando-pandemia-falsa-berlim.html,boatos.org,saude_ciencia,2020-08-03,1
03c3d4b01b8e63be68deeeaa86fce87fe6b39cb4,4,0.311609,-0.136295,"Robert Ray Redfield Jr., chefe da clínica da Universidade de Maryland e do CDC, escreve 17 dicas sobre a Covid-19 #boato",https://www.boatos.org/saude/robert-ray-redfield-jr-chefe-clinica-universidade-maryland-cdc-17-dicas-covid-19.html,boatos.org,saude_ciencia,2020-05-27,1
fa9303ab9adff325febb42de007594a74290e454,4,0.280182,-0.051846,"Algumas variantes do SARS-CoV-2 apareceram antes do que indica um ""cronograma de cepas""",https://checamos.afp.com//http%253A%252F%252Fdoc.afp.com%252F9LB9BV-1,checamos.afp.com,saude_ciencia,2024-04-17,1
fc8abdbc49e4a77b9597c2676e44efd77c880ae9,2,0.359003,0.130849,Estudos fraudados não deslegitimam artigos que comprovam ineficácia da cloroquina contra a covid-19 : Projeto Comprova,https://projetocomprova.com.br/publicações/estudos-fraudados-nao-deslegitimam-artigos-que-comprovam-ineficacia-da-cloroquina-contra-a-covid-19/,projetocomprova.com.br,saude_ciencia,2021-06-22,1
38460888bf882d4ab5314d19045887651ab8cb6b,2,0.363992,-0.053144,"Médicos por la Verdad falam a verdade ao relatar que a pandemia da Covid-19 é uma farsa, vacina da gripe e 5G causam a doença, que testes, isolamento e máscaras fazem mal e que a cloroquina é a cura #boato",https://www.boatos.org/saude/medicos-por-la-verdad-falam-a-verdade-covid-19.html,boatos.org,saude_ciencia,2020-08-02,1
cec56e876684bbf6401b11a6c340b17819340c69,5,-0.232132,0.152726,Foto de astronauta segurando um saco com maconha é verdadeira ou falsa?,https://www.e-farsas.com/foto-de-astronauta-segurando-um-saco-com-maconha-e-verdadeira-ou-falsa.html,e-farsas.com,politica_eleicoes,2020-06-18,1
10612b08c17df534607b70cb806c18db6c4bbbe3,7,-0.217883,0.087005,Não é verdade que fábricas estejam trocando a Argentina pelo Brasil,https://noticias.uol.com.br/comprova/ultimas-noticias/2019/11/08/e-enganoso-que-fabricas-estejam-fechando-na-argentina-para-vir-ao-brasil.htm,noticias.uol.com.br,politica_eleicoes,2019-11-08,1
4c046115ef03f2be663f9f491f082973f8d5012b,4,0.149445,-0.163014,A Netflix liberou o acesso aos filmes da plataforma por causa do coronavírus?,https://www.e-farsas.com/a-netflix-liberou-o-acesso-aos-filmes-da-plataforma-por-causa-do-coronavirus.html,e-farsas.com,saude_ciencia,2020-03-20,1
7dab5d7917c45a6a6e171d379e811a3db9ffab43,0,0.257152,-0.143386,É #FAKE que vacina contra a Covid-19 provoca câncer de mama | G1,https://g1.globo.com/fato-ou-fake/coronavirus/noticia/2021/05/13/e-fake-que-vacina-contra-a-covid-19-provoca-cancer-de-mama.ghtml,g1.globo.com,saude_ciencia,2021-05-13,1
90931498ab08462947668e9792c1adc6d174e307,7,-0.254842,-0.010031,É uma montagem a capa em que a revista Charlie Hebdo supostamente satiriza o STF e Lula,https://checamos.afp.com//e-uma-montagem-capa-em-que-revista-charlie-hebdo-supostamente-satiriza-o-stf-e-lula,checamos.afp.com,seguranca_justica,2024-04-17,1
e84dd5ee5250728724b9d9be6edebb8104bc8ab6,6,-0.083315,-0.138852,Vendedor ambulante de açaí morreu após ser abordado pela polícia em São Paulo #boato,https://www.boatos.org/brasil/vendedor-morreu-abordado-pela-policia.html,boatos.org,seguranca_justica,2021-01-24,1
a090a390dfaead04f62682a621d13a498a846cd0,1,-0.112728,0.044471,Texto engana ao dizer que Trump indicou Weintraub ao Banco Mundial,https://noticias.uol.com.br/comprova/ultimas-noticias/2020/06/26/texto-engana-ao-dizer-que-trump-indicou-weintraub-ao-banco-mundial.htm,noticias.uol.com.br,politica_eleicoes,2020-06-26,1
046c2ab626846e024c80803798273f575b6bbe6a,5,-0.114165,0.192376,Posts enganam ao afirmar que voto impresso já é lei,https://noticias.uol.com.br/comprova/ultimas-noticias/2021/07/20/posts-enganam-ao-afirmar-que-voto-impresso-ja-e-lei.htm,noticias.uol.com.br,politica_eleicoes,2021-07-20,1
b3d2851db067ff8f4bcb3f48ad2953f8de30c51c,6,-0.061981,-0.285211,Greta Thunberg pediu para os chineses pararem de usar palitinhos para comer #boato,https://www.boatos.org/mundo/greta-thunberg-pediu-chineses-pararem-palitinhos-comer.html,boatos.org,golpes_plataformas,2020-03-14,1
947b7086c25efc756bfc82ef4c971374803121dc,5,-0.208424,0.266274,Tuíte engana ao dizer que STF decidiu que voto impresso é inconstitucional,https://noticias.uol.com.br/comprova/ultimas-noticias/2020/09/21/tuite-engana-ao-dizer-que-stf-decidiu-que-voto-impresso-e-inconstitucional.htm,noticias.uol.com.br,politica_eleicoes,2020-09-21,1
43c0d74ef148901f562048594bb7a46a50f56110,0,0.378204,0.152730,Casos de mortes após vacinação não significam que imunizantes são ineficazes contra covid-19,https://checamos.afp.com//http%253A%252F%252Fdoc.afp.com%252F9LA7B2-1,checamos.afp.com,saude_ciencia,2024-04-17,1
4cfddb5c876ecbf2fe3beff7d65a6d47f20c9494,6,-0.132626,-0.181328,Será verdade que a Palestina foi removida do Google Maps?,https://www.e-farsas.com/sera-verdade-que-a-palestina-foi-removida-do-google-maps.html,e-farsas.com,internacional,2020-07-22,1
2b654bae43caad3b8b66068a0a9961ef66ae8501,0,0.213564,-0.069105,A CNN e a BBC mostraram a primeira pessoa tomando vacina em dias diferentes?,https://www.e-farsas.com/a-cnn-e-a-bbc-mostraram-a-primeira-pessoa-tomando-vacina-em-dias-diferentes.html,e-farsas.com,saude_ciencia,2020-12-11,1
f2f463e27d385f6b08ba63a529d10b96809fdd09,4,0.376043,0.049291,"Covid só vai parar quando infectar maioria das pessoas, mutação está menos letal e mentiram sobre isolamento #boato",https://www.boatos.org/saude/covid-parar-quando-infectar-maioria-pessoas-mutacao-menos-letal-mentira-isolamento.html,boatos.org,saude_ciencia,2020-11-26,1
06ad2de2c1efc6eb049c4e3c66033ad837657c1f,0,0.359630,0.117015,Teste de anticorpos feito por médico prova que Coronavac não protege contra a Covid-19 #boato,https://www.boatos.org/saude/teste-anticorpos-feito-por-medico-prova-que-coronavac-nao-protege-contra-covid-19.html,boatos.org,saude_ciencia,2021-07-14,1
faf04346513358d3655ae490655f556a5511daa0,2,0.448659,0.036629,EUA encontraram a cura para o novo coronavírus após teste no Hospital de Stanford #boato,https://www.boatos.org/saude/eua-cura-novo-coronavirus-teste-hospital-stanford.html,boatos.org,saude_ciencia,2020-03-21,1
a035b0619ef8fa14f843d3ff7222d897f4fa47c7,4,0.242111,-0.071515,Polícia dos EUA não vê relação entre morte de cientista chinês e pesquisa sobre mecanismo de infecção pelo novo coronavírus : Projeto Comprova,https://projetocomprova.com.br/publicações/policia-dos-eua-nao-ve-relacao-entre-morte-de-cientista-chines-e-pesquisa-sobre-mecanismo-de-infeccao-pelo-novo-coronavirus/,projetocomprova.com.br,saude_ciencia,2021-03-05,1
4db800c3fb00da369a074e5ea3d8c85983b59afa,1,-0.069265,0.168995,Estes artistas não “torraram 15 bilhões” com dinheiro de escolas e hospitais,https://checamos.afp.com//estes-artistas-nao-torraram-15-bilhoes-com-dinheiro-de-escolas-e-hospitais,checamos.afp.com,seguranca_justica,2024-04-17,1
4c12a20334dbf4de7ef58eef09ca7208035a49d5,0,0.239945,-0.065243,Vacina chinesa testada em SP não foi aplicada em voluntária e tudo é uma farsa de Doria #boato,https://www.boatos.org/saude/vacina-chinesa-testada-sp-nao-aplicada-voluntaria-farsa-doria.html,boatos.org,saude_ciencia,2020-07-25,1
9548095e807d92e58f8a047746c7ba3723a74ea2,6,0.008486,-0.231256,Pescador da Flórida afirmou que foi abusado sexualmente por sereias?,https://www.e-farsas.com/pescador-da-florida-afirmou-que-foi-abusado-sexualmente-por-sereias.html,e-farsas.com,saude_ciencia,2020-05-26,1
f50df8bf7207d4d4824d8ab09550a782e98c77bc,3,0.041954,-0.331665,É #FAKE que imagem de livro cristalizado seja de Bíblia encontrada no fundo do oceano | G1,https://g1.globo.com/fato-ou-fake/noticia/2019/06/24/e-fake-que-imagem-de-livro-cristalizado-seja-de-biblia-encontrada-no-fundo-do-oceano.ghtml,g1.globo.com,golpes_plataformas,2019-06-24,1
7def7e70341c2722b96ad06fe3107d87e36874f9,4,0.128940,-0.000703,"Comemoração não foi filmada no Hospital de Messejana, que ainda atende casos de COVID-19",https://checamos.afp.com//comemoracao-nao-foi-filmada-no-hospital-de-messejana-que-ainda-atende-casos-de-covid-19,checamos.afp.com,saude_ciencia,2024-04-17,1
5ff1ed8ff3b2a20cec332d89e63a73369e292ce4,7,-0.159253,0.116708,Áudio vazado de suposto assessor do governador do Ceará é falso : Projeto Comprova,https://projetocomprova.com.br/publicações/audio-vazado-de-suposto-assessor-do-governador-do-ceara-e-falso/,projetocomprova.com.br,politica_eleicoes,2021-03-05,1
a05332375c5d2dde23834bfac2533806d4cb795f,5,-0.200484,-0.010995,A verdade sobre 5 notícias falsas envolvendo as eleições de 2020!,https://www.e-farsas.com/a-verdade-sobre-5-noticias-falsas-envolvendo-as-eleicoes-de-2020.html,e-farsas.com,politica_eleicoes,2020-11-22,1
fd726dad6796cca557e44daad722b498115d5445,5,-0.137447,0.040485,"Será verdade que um ""filtro de cristal"" permite avistar OVNIs invisíveis a olho nu?",https://www.e-farsas.com/sera-verdade-que-um-filtro-de-cristal-permite-avistar-ovnis-invisiveis-a-olho-nu.html,e-farsas.com,politica_eleicoes,2020-08-29,1
c9c022c4aaa12092cffd794bf15b4b8fa7f39939,4,0.310864,0.005914,"Curas 'milagrosas', vacinas, máscaras, dados sobre a pandemia, isolamento social: Fato ou Fake chega a 300 checagens sobre o coronavírus | G1",https://g1.globo.com/fato-ou-fake/coronavirus/noticia/2020/08/07/curas-milagrosas-vacinas-mascaras-dados-sobre-a-pandemia-isolamento-social-fato-ou-fake-chega-a-300-checagens-sobre-o-coronavirus.ghtml,g1.globo.com,saude_ciencia,2020-08-07,1
1002ab5be2d7fe55feaffb6217a2596489cdf6aa,7,-0.288066,0.014267,Foto adulterada vira imagem falsa de Lula sendo perseguido na ditadura,https://noticias.uol.com.br/confere/ultimas-noticias/2019/08/02/foto-adulterada-vira-noticia-falsa-de-lula-sendo-perseguido-na-ditadura.htm,noticias.uol.com.br,politica_eleicoes,2019-08-02,1
6dc175a7ec12a4704a637c9647490dc6a328ca76,5,0.098783,0.191319,TSE determinou que quem contraiu COVID-19 não poderá votar?,https://www.e-farsas.com/tse-determinou-que-quem-contraiu-covid-19-nao-podera-votar.html,e-farsas.com,politica_eleicoes,2020-11-04,1
dfb4c14ec7e730615a87e7fe5eda82cef5526b36,4,0.026563,0.018207,"Esta briga não envolve o presidente da Guiné-Bissau mas universitários, anos antes da pandemia",https://checamos.afp.com//esta-briga-nao-envolve-o-presidente-da-guine-bissau-mas-universitarios-anos-antes-da-pandemia,checamos.afp.com,politica_eleicoes,2025-11-12,1
57c566271c2a43e1e89cea3e714886cc1c6b6552,7,-0.087839,-0.098310,Charge criticando a trans Suzy de Oliveira foi feita pelo cartunista Carlos Latuff?,https://www.e-farsas.com/charge-criticando-a-trans-suzy-de-oliveira-foi-feita-pelo-cartunista-carlos-latuff.html,e-farsas.com,outros,2020-03-10,1
